ISO-10303-21;
HEADER;
FILE_DESCRIPTION(('KiCad electronic assembly'),'2;1');
FILE_NAME('.step','2026-07-22T23:04:43',('Pcbnew'),('Kicad'),
  'Open CASCADE STEP processor 7.9','KiCad to STEP converter','Unknown'
  );
FILE_SCHEMA(('AUTOMOTIVE_DESIGN { 1 0 10303 214 1 1 1 1 }'));
ENDSEC;
DATA;
#1 = APPLICATION_PROTOCOL_DEFINITION('international standard',
  'automotive_design',2000,#2);
#2 = APPLICATION_CONTEXT(
  'core data for automotive mechanical design processes');
#3 = SHAPE_DEFINITION_REPRESENTATION(#4,#10);
#4 = PRODUCT_DEFINITION_SHAPE('','',#5);
#5 = PRODUCT_DEFINITION('design','',#6,#9);
#6 = PRODUCT_DEFINITION_FORMATION('','',#7);
#7 = PRODUCT('.step 1','.step 1','',(#8));
#8 = PRODUCT_CONTEXT('',#2,'mechanical');
#9 = PRODUCT_DEFINITION_CONTEXT('part definition',#2,'design');
#10 = SHAPE_REPRESENTATION('',(#11,#15,#19,#23,#27,#31,#35,#39,#43,#47,
    #51,#55,#59,#63,#67,#71,#75,#79,#83,#87,#91,#95,#99,#103,#107,#111,
    #115,#119,#123,#127,#131,#135,#139,#143,#147,#151,#155,#159,#163,
    #167,#171,#175,#179,#183,#187,#191,#195,#199,#203,#207,#211,#215,
    #219),#223);
#11 = AXIS2_PLACEMENT_3D('',#12,#13,#14);
#12 = CARTESIAN_POINT('',(0.,0.,0.));
#13 = DIRECTION('',(0.,0.,1.));
#14 = DIRECTION('',(1.,0.,-0.));
#15 = AXIS2_PLACEMENT_3D('',#16,#17,#18);
#16 = CARTESIAN_POINT('',(37.564647,-111.980471,1.595));
#17 = DIRECTION('',(0.,0.,1.));
#18 = DIRECTION('',(1.,0.,0.));
#19 = AXIS2_PLACEMENT_3D('',#20,#21,#22);
#20 = CARTESIAN_POINT('',(67.909147,-133.034028,1.595));
#21 = DIRECTION('',(0.,0.,1.));
#22 = DIRECTION('',(1.,0.,0.));
#23 = AXIS2_PLACEMENT_3D('',#24,#25,#26);
#24 = CARTESIAN_POINT('',(48.099386,-89.763391,1.595));
#25 = DIRECTION('',(0.,0.,1.));
#26 = DIRECTION('',(1.,0.,0.));
#27 = AXIS2_PLACEMENT_3D('',#28,#29,#30);
#28 = CARTESIAN_POINT('',(48.898554,-133.23735,1.595));
#29 = DIRECTION('',(0.,0.,1.));
#30 = DIRECTION('',(1.,0.,0.));
#31 = AXIS2_PLACEMENT_3D('',#32,#33,#34);
#32 = CARTESIAN_POINT('',(205.520976,-89.843096,1.595));
#33 = DIRECTION('',(0.,0.,1.));
#34 = DIRECTION('',(1.,0.,0.));
#35 = AXIS2_PLACEMENT_3D('',#36,#37,#38);
#36 = CARTESIAN_POINT('',(146.24506,-132.536315,1.595));
#37 = DIRECTION('',(0.,0.,1.));
#38 = DIRECTION('',(1.,0.,0.));
#39 = AXIS2_PLACEMENT_3D('',#40,#41,#42);
#40 = CARTESIAN_POINT('',(37.203387,-154.01918,1.595));
#41 = DIRECTION('',(0.,0.,1.));
#42 = DIRECTION('',(1.,0.,0.));
#43 = AXIS2_PLACEMENT_3D('',#44,#45,#46);
#44 = CARTESIAN_POINT('',(37.064647,-67.480471,1.595));
#45 = DIRECTION('',(0.,0.,1.));
#46 = DIRECTION('',(1.,0.,0.));
#47 = AXIS2_PLACEMENT_3D('',#48,#49,#50);
#48 = CARTESIAN_POINT('',(57.904445,-111.543587,1.595));
#49 = DIRECTION('',(0.,0.,1.));
#50 = DIRECTION('',(1.,0.,0.));
#51 = AXIS2_PLACEMENT_3D('',#52,#53,#54);
#52 = CARTESIAN_POINT('',(31.564647,-79.980471,1.595));
#53 = DIRECTION('',(0.,0.,1.));
#54 = DIRECTION('',(1.,0.,0.));
#55 = AXIS2_PLACEMENT_3D('',#56,#57,#58);
#56 = CARTESIAN_POINT('',(118.765918,-111.694233,1.595));
#57 = DIRECTION('',(0.,0.,1.));
#58 = DIRECTION('',(1.,0.,0.));
#59 = AXIS2_PLACEMENT_3D('',#60,#61,#62);
#60 = CARTESIAN_POINT('',(126.947634,-90.30337,1.595));
#61 = DIRECTION('',(0.,0.,1.));
#62 = DIRECTION('',(1.,0.,0.));
#63 = AXIS2_PLACEMENT_3D('',#64,#65,#66);
#64 = CARTESIAN_POINT('',(78.095848,-111.609498,1.595));
#65 = DIRECTION('',(0.,0.,1.));
#66 = DIRECTION('',(1.,0.,0.));
#67 = AXIS2_PLACEMENT_3D('',#68,#69,#70);
#68 = CARTESIAN_POINT('',(224.57925,-133.063235,1.595));
#69 = DIRECTION('',(0.,0.,1.));
#70 = DIRECTION('',(1.,0.,0.));
#71 = AXIS2_PLACEMENT_3D('',#72,#73,#74);
#72 = CARTESIAN_POINT('',(134.981578,-153.718588,1.595));
#73 = DIRECTION('',(0.,0.,1.));
#74 = DIRECTION('',(1.,0.,0.));
#75 = AXIS2_PLACEMENT_3D('',#76,#77,#78);
#76 = CARTESIAN_POINT('',(174.564647,-66.980471,1.595));
#77 = DIRECTION('',(0.,0.,1.));
#78 = DIRECTION('',(1.,0.,0.));
#79 = AXIS2_PLACEMENT_3D('',#80,#81,#82);
#80 = CARTESIAN_POINT('',(166.473296,-133.725034,1.595));
#81 = DIRECTION('',(0.,0.,1.));
#82 = DIRECTION('',(1.,0.,0.));
#83 = AXIS2_PLACEMENT_3D('',#84,#85,#86);
#84 = CARTESIAN_POINT('',(200.707486,-111.71457,1.595));
#85 = DIRECTION('',(0.,0.,1.));
#86 = DIRECTION('',(1.,0.,0.));
#87 = AXIS2_PLACEMENT_3D('',#88,#89,#90);
#88 = CARTESIAN_POINT('',(96.140834,-154.098892,1.595));
#89 = DIRECTION('',(0.,0.,1.));
#90 = DIRECTION('',(1.,0.,0.));
#91 = AXIS2_PLACEMENT_3D('',#92,#93,#94);
#92 = CARTESIAN_POINT('',(135.564647,-66.980471,1.595));
#93 = DIRECTION('',(0.,0.,1.));
#94 = DIRECTION('',(1.,0.,0.));
#95 = AXIS2_PLACEMENT_3D('',#96,#97,#98);
#96 = CARTESIAN_POINT('',(154.666804,-153.325942,1.595));
#97 = DIRECTION('',(0.,0.,1.));
#98 = DIRECTION('',(1.,0.,0.));
#99 = AXIS2_PLACEMENT_3D('',#100,#101,#102);
#100 = CARTESIAN_POINT('',(180.097319,-111.467825,1.595));
#101 = DIRECTION('',(0.,0.,1.));
#102 = DIRECTION('',(1.,0.,0.));
#103 = AXIS2_PLACEMENT_3D('',#104,#105,#106);
#104 = CARTESIAN_POINT('',(127.019147,-133.004716,1.595));
#105 = DIRECTION('',(0.,0.,1.));
#106 = DIRECTION('',(1.,0.,0.));
#107 = AXIS2_PLACEMENT_3D('',#108,#109,#110);
#108 = CARTESIAN_POINT('',(98.589488,-111.496584,1.595));
#109 = DIRECTION('',(0.,0.,1.));
#110 = DIRECTION('',(1.,0.,0.));
#111 = AXIS2_PLACEMENT_3D('',#112,#113,#114);
#112 = CARTESIAN_POINT('',(155.064647,-66.980471,1.595));
#113 = DIRECTION('',(0.,0.,1.));
#114 = DIRECTION('',(1.,0.,0.));
#115 = AXIS2_PLACEMENT_3D('',#116,#117,#118);
#116 = CARTESIAN_POINT('',(185.922762,-89.980471,1.595));
#117 = DIRECTION('',(0.,0.,1.));
#118 = DIRECTION('',(1.,0.,0.));
#119 = AXIS2_PLACEMENT_3D('',#120,#121,#122);
#120 = CARTESIAN_POINT('',(159.657489,-111.648584,1.595));
#121 = DIRECTION('',(0.,0.,1.));
#122 = DIRECTION('',(1.,0.,0.));
#123 = AXIS2_PLACEMENT_3D('',#124,#125,#126);
#124 = CARTESIAN_POINT('',(174.32768,-153.568327,1.595));
#125 = DIRECTION('',(0.,0.,1.));
#126 = DIRECTION('',(1.,0.,0.));
#127 = AXIS2_PLACEMENT_3D('',#128,#129,#130);
#128 = CARTESIAN_POINT('',(214.564647,-66.980471,1.595));
#129 = DIRECTION('',(0.,0.,1.));
#130 = DIRECTION('',(1.,0.,0.));
#131 = AXIS2_PLACEMENT_3D('',#132,#133,#134);
#132 = CARTESIAN_POINT('',(107.428545,-90.166249,1.595));
#133 = DIRECTION('',(0.,0.,1.));
#134 = DIRECTION('',(1.,0.,0.));
#135 = AXIS2_PLACEMENT_3D('',#136,#137,#138);
#136 = CARTESIAN_POINT('',(76.564647,-66.980471,1.595));
#137 = DIRECTION('',(0.,0.,1.));
#138 = DIRECTION('',(1.,0.,0.));
#139 = AXIS2_PLACEMENT_3D('',#140,#141,#142);
#140 = CARTESIAN_POINT('',(76.516489,-154.028562,1.595));
#141 = DIRECTION('',(0.,0.,1.));
#142 = DIRECTION('',(1.,0.,0.));
#143 = AXIS2_PLACEMENT_3D('',#144,#145,#146);
#144 = CARTESIAN_POINT('',(107.10783,-133.481808,1.595));
#145 = DIRECTION('',(0.,0.,1.));
#146 = DIRECTION('',(1.,0.,0.));
#147 = AXIS2_PLACEMENT_3D('',#148,#149,#150);
#148 = CARTESIAN_POINT('',(146.358455,-90.157742,1.595));
#149 = DIRECTION('',(0.,0.,1.));
#150 = DIRECTION('',(1.,0.,0.));
#151 = AXIS2_PLACEMENT_3D('',#152,#153,#154);
#152 = CARTESIAN_POINT('',(115.7055,-153.789171,1.595));
#153 = DIRECTION('',(0.,0.,1.));
#154 = DIRECTION('',(1.,0.,0.));
#155 = AXIS2_PLACEMENT_3D('',#156,#157,#158);
#156 = CARTESIAN_POINT('',(68.061789,-90.087481,1.595));
#157 = DIRECTION('',(0.,0.,1.));
#158 = DIRECTION('',(1.,0.,0.));
#159 = AXIS2_PLACEMENT_3D('',#160,#161,#162);
#160 = CARTESIAN_POINT('',(87.464647,-132.980471,1.595));
#161 = DIRECTION('',(0.,0.,1.));
#162 = DIRECTION('',(1.,0.,0.));
#163 = AXIS2_PLACEMENT_3D('',#164,#165,#166);
#164 = CARTESIAN_POINT('',(57.064647,-66.980471,1.595));
#165 = DIRECTION('',(0.,0.,1.));
#166 = DIRECTION('',(1.,0.,0.));
#167 = AXIS2_PLACEMENT_3D('',#168,#169,#170);
#168 = CARTESIAN_POINT('',(116.064647,-66.980471,1.595));
#169 = DIRECTION('',(0.,0.,1.));
#170 = DIRECTION('',(1.,0.,0.));
#171 = AXIS2_PLACEMENT_3D('',#172,#173,#174);
#172 = CARTESIAN_POINT('',(185.712159,-133.151911,1.595));
#173 = DIRECTION('',(0.,0.,1.));
#174 = DIRECTION('',(1.,0.,0.));
#175 = AXIS2_PLACEMENT_3D('',#176,#177,#178);
#176 = CARTESIAN_POINT('',(166.091356,-89.987957,1.595));
#177 = DIRECTION('',(0.,0.,1.));
#178 = DIRECTION('',(1.,0.,0.));
#179 = AXIS2_PLACEMENT_3D('',#180,#181,#182);
#180 = CARTESIAN_POINT('',(205.528754,-132.887114,1.595));
#181 = DIRECTION('',(0.,0.,1.));
#182 = DIRECTION('',(1.,0.,0.));
#183 = AXIS2_PLACEMENT_3D('',#184,#185,#186);
#184 = CARTESIAN_POINT('',(139.609895,-111.619203,1.595));
#185 = DIRECTION('',(0.,0.,1.));
#186 = DIRECTION('',(1.,0.,0.));
#187 = AXIS2_PLACEMENT_3D('',#188,#189,#190);
#188 = CARTESIAN_POINT('',(56.741848,-153.755359,1.595));
#189 = DIRECTION('',(0.,0.,1.));
#190 = DIRECTION('',(1.,0.,0.));
#191 = AXIS2_PLACEMENT_3D('',#192,#193,#194);
#192 = CARTESIAN_POINT('',(213.001391,-153.434008,1.595));
#193 = DIRECTION('',(0.,0.,1.));
#194 = DIRECTION('',(1.,0.,0.));
#195 = AXIS2_PLACEMENT_3D('',#196,#197,#198);
#196 = CARTESIAN_POINT('',(96.064647,-66.980471,1.595));
#197 = DIRECTION('',(0.,0.,1.));
#198 = DIRECTION('',(1.,0.,0.));
#199 = AXIS2_PLACEMENT_3D('',#200,#201,#202);
#200 = CARTESIAN_POINT('',(193.116184,-153.621075,1.595));
#201 = DIRECTION('',(0.,0.,1.));
#202 = DIRECTION('',(1.,0.,0.));
#203 = AXIS2_PLACEMENT_3D('',#204,#205,#206);
#204 = CARTESIAN_POINT('',(220.421558,-111.461315,1.595));
#205 = DIRECTION('',(0.,0.,1.));
#206 = DIRECTION('',(1.,0.,0.));
#207 = AXIS2_PLACEMENT_3D('',#208,#209,#210);
#208 = CARTESIAN_POINT('',(194.564647,-66.480471,1.595));
#209 = DIRECTION('',(0.,0.,1.));
#210 = DIRECTION('',(1.,0.,0.));
#211 = AXIS2_PLACEMENT_3D('',#212,#213,#214);
#212 = CARTESIAN_POINT('',(87.774582,-89.905275,1.595));
#213 = DIRECTION('',(0.,0.,1.));
#214 = DIRECTION('',(1.,0.,0.));
#215 = AXIS2_PLACEMENT_3D('',#216,#217,#218);
#216 = CARTESIAN_POINT('',(225.320686,-90.480471,1.595));
#217 = DIRECTION('',(0.,0.,1.));
#218 = DIRECTION('',(1.,0.,0.));
#219 = AXIS2_PLACEMENT_3D('',#220,#221,#222);
#220 = CARTESIAN_POINT('',(0.,0.,0.));
#221 = DIRECTION('',(0.,0.,1.));
#222 = DIRECTION('',(1.,0.,-0.));
#223 = ( GEOMETRIC_REPRESENTATION_CONTEXT(3) 
GLOBAL_UNCERTAINTY_ASSIGNED_CONTEXT((#227)) GLOBAL_UNIT_ASSIGNED_CONTEXT
((#224,#225,#226)) REPRESENTATION_CONTEXT('Context #1',
  '3D Context with UNIT and UNCERTAINTY') );
#224 = ( LENGTH_UNIT() NAMED_UNIT(*) SI_UNIT(.MILLI.,.METRE.) );
#225 = ( NAMED_UNIT(*) PLANE_ANGLE_UNIT() SI_UNIT($,.RADIAN.) );
#226 = ( NAMED_UNIT(*) SI_UNIT($,.STERADIAN.) SOLID_ANGLE_UNIT() );
#227 = UNCERTAINTY_MEASURE_WITH_UNIT(LENGTH_MEASURE(1.E-07),#224,
  'distance_accuracy_value','confusion accuracy');
#228 = PRODUCT_RELATED_PRODUCT_CATEGORY('part',$,(#7));
#229 = SHAPE_DEFINITION_REPRESENTATION(#230,#236);
#230 = PRODUCT_DEFINITION_SHAPE('','',#231);
#231 = PRODUCT_DEFINITION('design','',#232,#235);
#232 = PRODUCT_DEFINITION_FORMATION('','',#233);
#233 = PRODUCT('D_MELF','D_MELF','',(#234));
#234 = PRODUCT_CONTEXT('',#2,'mechanical');
#235 = PRODUCT_DEFINITION_CONTEXT('part definition',#2,'design');
#236 = SHAPE_REPRESENTATION('',(#11,#237),#241);
#237 = AXIS2_PLACEMENT_3D('',#238,#239,#240);
#238 = CARTESIAN_POINT('',(0.,0.,0.));
#239 = DIRECTION('',(0.,0.,1.));
#240 = DIRECTION('',(1.,0.,-0.));
#241 = ( GEOMETRIC_REPRESENTATION_CONTEXT(3) 
GLOBAL_UNCERTAINTY_ASSIGNED_CONTEXT((#245)) GLOBAL_UNIT_ASSIGNED_CONTEXT
((#242,#243,#244)) REPRESENTATION_CONTEXT('Context #1',
  '3D Context with UNIT and UNCERTAINTY') );
#242 = ( LENGTH_UNIT() NAMED_UNIT(*) SI_UNIT(.MILLI.,.METRE.) );
#243 = ( NAMED_UNIT(*) PLANE_ANGLE_UNIT() SI_UNIT($,.RADIAN.) );
#244 = ( NAMED_UNIT(*) SI_UNIT($,.STERADIAN.) SOLID_ANGLE_UNIT() );
#245 = UNCERTAINTY_MEASURE_WITH_UNIT(LENGTH_MEASURE(1.E-07),#242,
  'distance_accuracy_value','confusion accuracy');
#246 = CONTEXT_DEPENDENT_SHAPE_REPRESENTATION(#247,#249);
#247 = ( REPRESENTATION_RELATIONSHIP('','',#236,#10) 
REPRESENTATION_RELATIONSHIP_WITH_TRANSFORMATION(#248) 
SHAPE_REPRESENTATION_RELATIONSHIP() );
#248 = ITEM_DEFINED_TRANSFORMATION('','',#11,#15);
#249 = PRODUCT_DEFINITION_SHAPE('Placement','Placement of an item',#250
  );
#250 = NEXT_ASSEMBLY_USAGE_OCCURRENCE('2','D21','',#5,#231,$);
#251 = PRODUCT_RELATED_PRODUCT_CATEGORY('part',$,(#233));
#252 = SHAPE_DEFINITION_REPRESENTATION(#253,#259);
#253 = PRODUCT_DEFINITION_SHAPE('','',#254);
#254 = PRODUCT_DEFINITION('design','',#255,#258);
#255 = PRODUCT_DEFINITION_FORMATION('','',#256);
#256 = PRODUCT('D_MELF_Standard','D_MELF_Standard','',(#257));
#257 = PRODUCT_CONTEXT('',#2,'mechanical');
#258 = PRODUCT_DEFINITION_CONTEXT('part definition',#2,'design');
#259 = ADVANCED_BREP_SHAPE_REPRESENTATION('',(#11,#260),#553);
#260 = MANIFOLD_SOLID_BREP('',#261);
#261 = CLOSED_SHELL('',(#262,#295,#315,#335,#360,#385,#405,#425,#450,
    #475,#505,#535,#544));
#262 = ADVANCED_FACE('',(#263),#290,.T.);
#263 = FACE_BOUND('',#264,.T.);
#264 = EDGE_LOOP('',(#265,#274,#282,#289));
#265 = ORIENTED_EDGE('',*,*,#266,.T.);
#266 = EDGE_CURVE('',#267,#267,#269,.T.);
#267 = VERTEX_POINT('',#268);
#268 = CARTESIAN_POINT('',(-1.04,2.6645352591E-17,4.E-02));
#269 = CIRCLE('',#270,1.06);
#270 = AXIS2_PLACEMENT_3D('',#271,#272,#273);
#271 = CARTESIAN_POINT('',(-1.04,4.884981308351E-16,1.1));
#272 = DIRECTION('',(-1.,-0.,0.));
#273 = DIRECTION('',(0.,-4.357101681548E-16,-1.));
#274 = ORIENTED_EDGE('',*,*,#275,.T.);
#275 = EDGE_CURVE('',#267,#276,#278,.T.);
#276 = VERTEX_POINT('',#277);
#277 = CARTESIAN_POINT('',(-1.44,2.6645352591E-17,4.E-02));
#278 = LINE('',#279,#280);
#279 = CARTESIAN_POINT('',(-1.04,2.6645352591E-17,4.E-02));
#280 = VECTOR('',#281,1.);
#281 = DIRECTION('',(-1.,0.,0.));
#282 = ORIENTED_EDGE('',*,*,#283,.F.);
#283 = EDGE_CURVE('',#276,#276,#284,.T.);
#284 = CIRCLE('',#285,1.06);
#285 = AXIS2_PLACEMENT_3D('',#286,#287,#288);
#286 = CARTESIAN_POINT('',(-1.44,4.884981308351E-16,1.1));
#287 = DIRECTION('',(-1.,-0.,0.));
#288 = DIRECTION('',(0.,-4.357101681548E-16,-1.));
#289 = ORIENTED_EDGE('',*,*,#275,.F.);
#290 = CYLINDRICAL_SURFACE('',#291,1.06);
#291 = AXIS2_PLACEMENT_3D('',#292,#293,#294);
#292 = CARTESIAN_POINT('',(-1.04,4.884981308351E-16,1.1));
#293 = DIRECTION('',(-1.,0.,-0.));
#294 = DIRECTION('',(0.,-4.357101681548E-16,-1.));
#295 = ADVANCED_FACE('',(#296,#299),#310,.F.);
#296 = FACE_BOUND('',#297,.T.);
#297 = EDGE_LOOP('',(#298));
#298 = ORIENTED_EDGE('',*,*,#266,.F.);
#299 = FACE_BOUND('',#300,.T.);
#300 = EDGE_LOOP('',(#301));
#301 = ORIENTED_EDGE('',*,*,#302,.T.);
#302 = EDGE_CURVE('',#303,#303,#305,.T.);
#303 = VERTEX_POINT('',#304);
#304 = CARTESIAN_POINT('',(-1.04,3.330669073875E-17,5.E-02));
#305 = CIRCLE('',#306,1.05);
#306 = AXIS2_PLACEMENT_3D('',#307,#308,#309);
#307 = CARTESIAN_POINT('',(-1.04,4.884981308351E-16,1.1));
#308 = DIRECTION('',(-1.,-0.,0.));
#309 = DIRECTION('',(0.,-4.335156572346E-16,-1.));
#310 = PLANE('',#311);
#311 = AXIS2_PLACEMENT_3D('',#312,#313,#314);
#312 = CARTESIAN_POINT('',(-1.04,4.884981308351E-16,1.1));
#313 = DIRECTION('',(-1.,0.,-0.));
#314 = DIRECTION('',(0.,-4.357101681548E-16,-1.));
#315 = ADVANCED_FACE('',(#316,#319),#330,.T.);
#316 = FACE_BOUND('',#317,.T.);
#317 = EDGE_LOOP('',(#318));
#318 = ORIENTED_EDGE('',*,*,#283,.T.);
#319 = FACE_BOUND('',#320,.T.);
#320 = EDGE_LOOP('',(#321));
#321 = ORIENTED_EDGE('',*,*,#322,.F.);
#322 = EDGE_CURVE('',#323,#323,#325,.T.);
#323 = VERTEX_POINT('',#324);
#324 = CARTESIAN_POINT('',(-1.44,3.330669073875E-17,5.E-02));
#325 = CIRCLE('',#326,1.05);
#326 = AXIS2_PLACEMENT_3D('',#327,#328,#329);
#327 = CARTESIAN_POINT('',(-1.44,4.884981308351E-16,1.1));
#328 = DIRECTION('',(-1.,-0.,0.));
#329 = DIRECTION('',(0.,-4.335156572346E-16,-1.));
#330 = PLANE('',#331);
#331 = AXIS2_PLACEMENT_3D('',#332,#333,#334);
#332 = CARTESIAN_POINT('',(-1.44,4.884981308351E-16,1.1));
#333 = DIRECTION('',(-1.,0.,-0.));
#334 = DIRECTION('',(0.,-4.357101681548E-16,-1.));
#335 = ADVANCED_FACE('',(#336),#355,.T.);
#336 = FACE_BOUND('',#337,.T.);
#337 = EDGE_LOOP('',(#338,#347,#353,#354));
#338 = ORIENTED_EDGE('',*,*,#339,.T.);
#339 = EDGE_CURVE('',#340,#340,#342,.T.);
#340 = VERTEX_POINT('',#341);
#341 = CARTESIAN_POINT('',(1.8,3.330669073875E-17,5.E-02));
#342 = CIRCLE('',#343,1.05);
#343 = AXIS2_PLACEMENT_3D('',#344,#345,#346);
#344 = CARTESIAN_POINT('',(1.8,4.884981308351E-16,1.1));
#345 = DIRECTION('',(-1.,-0.,0.));
#346 = DIRECTION('',(0.,-4.335156572346E-16,-1.));
#347 = ORIENTED_EDGE('',*,*,#348,.T.);
#348 = EDGE_CURVE('',#340,#303,#349,.T.);
#349 = LINE('',#350,#351);
#350 = CARTESIAN_POINT('',(2.35,3.330669073875E-17,5.E-02));
#351 = VECTOR('',#352,1.);
#352 = DIRECTION('',(-1.,0.,0.));
#353 = ORIENTED_EDGE('',*,*,#302,.F.);
#354 = ORIENTED_EDGE('',*,*,#348,.F.);
#355 = CYLINDRICAL_SURFACE('',#356,1.05);
#356 = AXIS2_PLACEMENT_3D('',#357,#358,#359);
#357 = CARTESIAN_POINT('',(2.35,4.884981308351E-16,1.1));
#358 = DIRECTION('',(-1.,0.,-0.));
#359 = DIRECTION('',(0.,-4.335156572346E-16,-1.));
#360 = ADVANCED_FACE('',(#361),#380,.T.);
#361 = FACE_BOUND('',#362,.T.);
#362 = EDGE_LOOP('',(#363,#364,#372,#379));
#363 = ORIENTED_EDGE('',*,*,#322,.T.);
#364 = ORIENTED_EDGE('',*,*,#365,.T.);
#365 = EDGE_CURVE('',#323,#366,#368,.T.);
#366 = VERTEX_POINT('',#367);
#367 = CARTESIAN_POINT('',(-1.8,3.330669073875E-17,5.E-02));
#368 = LINE('',#369,#370);
#369 = CARTESIAN_POINT('',(2.35,3.330669073875E-17,5.E-02));
#370 = VECTOR('',#371,1.);
#371 = DIRECTION('',(-1.,0.,0.));
#372 = ORIENTED_EDGE('',*,*,#373,.F.);
#373 = EDGE_CURVE('',#366,#366,#374,.T.);
#374 = CIRCLE('',#375,1.05);
#375 = AXIS2_PLACEMENT_3D('',#376,#377,#378);
#376 = CARTESIAN_POINT('',(-1.8,4.884981308351E-16,1.1));
#377 = DIRECTION('',(-1.,-0.,0.));
#378 = DIRECTION('',(0.,-4.335156572346E-16,-1.));
#379 = ORIENTED_EDGE('',*,*,#365,.F.);
#380 = CYLINDRICAL_SURFACE('',#381,1.05);
#381 = AXIS2_PLACEMENT_3D('',#382,#383,#384);
#382 = CARTESIAN_POINT('',(2.35,4.884981308351E-16,1.1));
#383 = DIRECTION('',(-1.,0.,-0.));
#384 = DIRECTION('',(0.,-4.335156572346E-16,-1.));
#385 = ADVANCED_FACE('',(#386,#397),#400,.T.);
#386 = FACE_BOUND('',#387,.T.);
#387 = EDGE_LOOP('',(#388));
#388 = ORIENTED_EDGE('',*,*,#389,.T.);
#389 = EDGE_CURVE('',#390,#390,#392,.T.);
#390 = VERTEX_POINT('',#391);
#391 = CARTESIAN_POINT('',(1.8,0.,0.));
#392 = CIRCLE('',#393,1.1);
#393 = AXIS2_PLACEMENT_3D('',#394,#395,#396);
#394 = CARTESIAN_POINT('',(1.8,4.884981308351E-16,1.1));
#395 = DIRECTION('',(-1.,-0.,0.));
#396 = DIRECTION('',(0.,-4.440892098501E-16,-1.));
#397 = FACE_BOUND('',#398,.T.);
#398 = EDGE_LOOP('',(#399));
#399 = ORIENTED_EDGE('',*,*,#339,.F.);
#400 = PLANE('',#401);
#401 = AXIS2_PLACEMENT_3D('',#402,#403,#404);
#402 = CARTESIAN_POINT('',(1.8,4.884981308351E-16,1.1));
#403 = DIRECTION('',(-1.,0.,-0.));
#404 = DIRECTION('',(0.,-4.440892098501E-16,-1.));
#405 = ADVANCED_FACE('',(#406,#417),#420,.F.);
#406 = FACE_BOUND('',#407,.F.);
#407 = EDGE_LOOP('',(#408));
#408 = ORIENTED_EDGE('',*,*,#409,.T.);
#409 = EDGE_CURVE('',#410,#410,#412,.T.);
#410 = VERTEX_POINT('',#411);
#411 = CARTESIAN_POINT('',(-1.8,0.,0.));
#412 = CIRCLE('',#413,1.1);
#413 = AXIS2_PLACEMENT_3D('',#414,#415,#416);
#414 = CARTESIAN_POINT('',(-1.8,4.884981308351E-16,1.1));
#415 = DIRECTION('',(-1.,-0.,0.));
#416 = DIRECTION('',(0.,-4.440892098501E-16,-1.));
#417 = FACE_BOUND('',#418,.F.);
#418 = EDGE_LOOP('',(#419));
#419 = ORIENTED_EDGE('',*,*,#373,.F.);
#420 = PLANE('',#421);
#421 = AXIS2_PLACEMENT_3D('',#422,#423,#424);
#422 = CARTESIAN_POINT('',(-1.8,4.884981308351E-16,1.1));
#423 = DIRECTION('',(-1.,0.,-0.));
#424 = DIRECTION('',(0.,-4.440892098501E-16,-1.));
#425 = ADVANCED_FACE('',(#426),#445,.T.);
#426 = FACE_BOUND('',#427,.T.);
#427 = EDGE_LOOP('',(#428,#436,#443,#444));
#428 = ORIENTED_EDGE('',*,*,#429,.T.);
#429 = EDGE_CURVE('',#390,#430,#432,.T.);
#430 = VERTEX_POINT('',#431);
#431 = CARTESIAN_POINT('',(2.8,0.,0.));
#432 = LINE('',#433,#434);
#433 = CARTESIAN_POINT('',(1.8,0.,0.));
#434 = VECTOR('',#435,1.);
#435 = DIRECTION('',(1.,0.,0.));
#436 = ORIENTED_EDGE('',*,*,#437,.T.);
#437 = EDGE_CURVE('',#430,#430,#438,.T.);
#438 = CIRCLE('',#439,1.1);
#439 = AXIS2_PLACEMENT_3D('',#440,#441,#442);
#440 = CARTESIAN_POINT('',(2.8,4.884981308351E-16,1.1));
#441 = DIRECTION('',(-1.,-0.,0.));
#442 = DIRECTION('',(0.,-4.440892098501E-16,-1.));
#443 = ORIENTED_EDGE('',*,*,#429,.F.);
#444 = ORIENTED_EDGE('',*,*,#389,.F.);
#445 = CYLINDRICAL_SURFACE('',#446,1.1);
#446 = AXIS2_PLACEMENT_3D('',#447,#448,#449);
#447 = CARTESIAN_POINT('',(1.8,4.884981308351E-16,1.1));
#448 = DIRECTION('',(1.,0.,0.));
#449 = DIRECTION('',(0.,-4.440892098501E-16,-1.));
#450 = ADVANCED_FACE('',(#451),#470,.T.);
#451 = FACE_BOUND('',#452,.T.);
#452 = EDGE_LOOP('',(#453,#461,#462,#463));
#453 = ORIENTED_EDGE('',*,*,#454,.T.);
#454 = EDGE_CURVE('',#455,#410,#457,.T.);
#455 = VERTEX_POINT('',#456);
#456 = CARTESIAN_POINT('',(-2.8,0.,0.));
#457 = LINE('',#458,#459);
#458 = CARTESIAN_POINT('',(-2.8,0.,0.));
#459 = VECTOR('',#460,1.);
#460 = DIRECTION('',(1.,0.,0.));
#461 = ORIENTED_EDGE('',*,*,#409,.T.);
#462 = ORIENTED_EDGE('',*,*,#454,.F.);
#463 = ORIENTED_EDGE('',*,*,#464,.F.);
#464 = EDGE_CURVE('',#455,#455,#465,.T.);
#465 = CIRCLE('',#466,1.1);
#466 = AXIS2_PLACEMENT_3D('',#467,#468,#469);
#467 = CARTESIAN_POINT('',(-2.8,4.884981308351E-16,1.1));
#468 = DIRECTION('',(-1.,-0.,0.));
#469 = DIRECTION('',(0.,-4.440892098501E-16,-1.));
#470 = CYLINDRICAL_SURFACE('',#471,1.1);
#471 = AXIS2_PLACEMENT_3D('',#472,#473,#474);
#472 = CARTESIAN_POINT('',(-2.8,4.884981308351E-16,1.1));
#473 = DIRECTION('',(1.,0.,0.));
#474 = DIRECTION('',(0.,-4.440892098501E-16,-1.));
#475 = ADVANCED_FACE('',(#476),#496,.F.);
#476 = FACE_BOUND('',#477,.F.);
#477 = EDGE_LOOP('',(#478,#479,#488,#495));
#478 = ORIENTED_EDGE('',*,*,#437,.T.);
#479 = ORIENTED_EDGE('',*,*,#480,.T.);
#480 = EDGE_CURVE('',#430,#481,#483,.T.);
#481 = VERTEX_POINT('',#482);
#482 = CARTESIAN_POINT('',(2.9,6.661338147752E-17,0.1));
#483 = CIRCLE('',#484,0.1);
#484 = AXIS2_PLACEMENT_3D('',#485,#486,#487);
#485 = CARTESIAN_POINT('',(2.8,6.661338147751E-17,0.1));
#486 = DIRECTION('',(0.,-1.,6.661338147751E-16));
#487 = DIRECTION('',(1.,0.,0.));
#488 = ORIENTED_EDGE('',*,*,#489,.F.);
#489 = EDGE_CURVE('',#481,#481,#490,.T.);
#490 = CIRCLE('',#491,1.);
#491 = AXIS2_PLACEMENT_3D('',#492,#493,#494);
#492 = CARTESIAN_POINT('',(2.9,4.884981308351E-16,1.1));
#493 = DIRECTION('',(-1.,-0.,0.));
#494 = DIRECTION('',(0.,-4.218847493576E-16,-1.));
#495 = ORIENTED_EDGE('',*,*,#480,.F.);
#496 = SURFACE_OF_REVOLUTION('',#497,#502);
#497 = CIRCLE('',#498,0.1);
#498 = AXIS2_PLACEMENT_3D('',#499,#500,#501);
#499 = CARTESIAN_POINT('',(2.8,6.661338147751E-17,0.1));
#500 = DIRECTION('',(0.,-1.,6.661338147751E-16));
#501 = DIRECTION('',(1.,0.,0.));
#502 = AXIS1_PLACEMENT('',#503,#504);
#503 = CARTESIAN_POINT('',(-7.1,4.884981308351E-16,1.1));
#504 = DIRECTION('',(-1.,0.,-0.));
#505 = ADVANCED_FACE('',(#506),#526,.F.);
#506 = FACE_BOUND('',#507,.F.);
#507 = EDGE_LOOP('',(#508,#517,#524,#525));
#508 = ORIENTED_EDGE('',*,*,#509,.T.);
#509 = EDGE_CURVE('',#510,#510,#512,.T.);
#510 = VERTEX_POINT('',#511);
#511 = CARTESIAN_POINT('',(-2.9,6.66133814775E-17,9.999999999999E-02));
#512 = CIRCLE('',#513,1.);
#513 = AXIS2_PLACEMENT_3D('',#514,#515,#516);
#514 = CARTESIAN_POINT('',(-2.9,4.884981308351E-16,1.1));
#515 = DIRECTION('',(-1.,-0.,0.));
#516 = DIRECTION('',(0.,-4.218847493576E-16,-1.));
#517 = ORIENTED_EDGE('',*,*,#518,.T.);
#518 = EDGE_CURVE('',#510,#455,#519,.T.);
#519 = CIRCLE('',#520,0.1);
#520 = AXIS2_PLACEMENT_3D('',#521,#522,#523);
#521 = CARTESIAN_POINT('',(-2.8,6.661338147751E-17,0.1));
#522 = DIRECTION('',(0.,-1.,6.661338147751E-16));
#523 = DIRECTION('',(1.,0.,0.));
#524 = ORIENTED_EDGE('',*,*,#464,.F.);
#525 = ORIENTED_EDGE('',*,*,#518,.F.);
#526 = SURFACE_OF_REVOLUTION('',#527,#532);
#527 = CIRCLE('',#528,0.1);
#528 = AXIS2_PLACEMENT_3D('',#529,#530,#531);
#529 = CARTESIAN_POINT('',(-2.8,6.661338147751E-17,0.1));
#530 = DIRECTION('',(0.,-1.,6.661338147751E-16));
#531 = DIRECTION('',(1.,0.,0.));
#532 = AXIS1_PLACEMENT('',#533,#534);
#533 = CARTESIAN_POINT('',(-7.1,4.884981308351E-16,1.1));
#534 = DIRECTION('',(-1.,0.,-0.));
#535 = ADVANCED_FACE('',(#536),#539,.F.);
#536 = FACE_BOUND('',#537,.F.);
#537 = EDGE_LOOP('',(#538));
#538 = ORIENTED_EDGE('',*,*,#489,.T.);
#539 = PLANE('',#540);
#540 = AXIS2_PLACEMENT_3D('',#541,#542,#543);
#541 = CARTESIAN_POINT('',(2.9,4.884981308351E-16,1.1));
#542 = DIRECTION('',(-1.,0.,-0.));
#543 = DIRECTION('',(0.,-4.218847493576E-16,-1.));
#544 = ADVANCED_FACE('',(#545),#548,.T.);
#545 = FACE_BOUND('',#546,.F.);
#546 = EDGE_LOOP('',(#547));
#547 = ORIENTED_EDGE('',*,*,#509,.F.);
#548 = PLANE('',#549);
#549 = AXIS2_PLACEMENT_3D('',#550,#551,#552);
#550 = CARTESIAN_POINT('',(-2.9,4.884981308351E-16,1.1));
#551 = DIRECTION('',(-1.,0.,-0.));
#552 = DIRECTION('',(0.,-4.218847493576E-16,-1.));
#553 = ( GEOMETRIC_REPRESENTATION_CONTEXT(3) 
GLOBAL_UNCERTAINTY_ASSIGNED_CONTEXT((#557)) GLOBAL_UNIT_ASSIGNED_CONTEXT
((#554,#555,#556)) REPRESENTATION_CONTEXT('Context #1',
  '3D Context with UNIT and UNCERTAINTY') );
#554 = ( LENGTH_UNIT() NAMED_UNIT(*) SI_UNIT(.MILLI.,.METRE.) );
#555 = ( NAMED_UNIT(*) PLANE_ANGLE_UNIT() SI_UNIT($,.RADIAN.) );
#556 = ( NAMED_UNIT(*) SI_UNIT($,.STERADIAN.) SOLID_ANGLE_UNIT() );
#557 = UNCERTAINTY_MEASURE_WITH_UNIT(LENGTH_MEASURE(1.E-07),#554,
  'distance_accuracy_value','confusion accuracy');
#558 = CONTEXT_DEPENDENT_SHAPE_REPRESENTATION(#559,#561);
#559 = ( REPRESENTATION_RELATIONSHIP('','',#259,#236) 
REPRESENTATION_RELATIONSHIP_WITH_TRANSFORMATION(#560) 
SHAPE_REPRESENTATION_RELATIONSHIP() );
#560 = ITEM_DEFINED_TRANSFORMATION('','',#11,#237);
#561 = PRODUCT_DEFINITION_SHAPE('Placement','Placement of an item',#562
  );
#562 = NEXT_ASSEMBLY_USAGE_OCCURRENCE('1','=>[0:1:1:3]','',#231,#254,$);
#563 = PRODUCT_RELATED_PRODUCT_CATEGORY('part',$,(#256));
#564 = CONTEXT_DEPENDENT_SHAPE_REPRESENTATION(#565,#567);
#565 = ( REPRESENTATION_RELATIONSHIP('','',#236,#10) 
REPRESENTATION_RELATIONSHIP_WITH_TRANSFORMATION(#566) 
SHAPE_REPRESENTATION_RELATIONSHIP() );
#566 = ITEM_DEFINED_TRANSFORMATION('','',#11,#19);
#567 = PRODUCT_DEFINITION_SHAPE('Placement','Placement of an item',#568
  );
#568 = NEXT_ASSEMBLY_USAGE_OCCURRENCE('3','D32','',#5,#231,$);
#569 = CONTEXT_DEPENDENT_SHAPE_REPRESENTATION(#570,#572);
#570 = ( REPRESENTATION_RELATIONSHIP('','',#236,#10) 
REPRESENTATION_RELATIONSHIP_WITH_TRANSFORMATION(#571) 
SHAPE_REPRESENTATION_RELATIONSHIP() );
#571 = ITEM_DEFINED_TRANSFORMATION('','',#11,#23);
#572 = PRODUCT_DEFINITION_SHAPE('Placement','Placement of an item',#573
  );
#573 = NEXT_ASSEMBLY_USAGE_OCCURRENCE('4','D11','',#5,#231,$);
#574 = CONTEXT_DEPENDENT_SHAPE_REPRESENTATION(#575,#577);
#575 = ( REPRESENTATION_RELATIONSHIP('','',#236,#10) 
REPRESENTATION_RELATIONSHIP_WITH_TRANSFORMATION(#576) 
SHAPE_REPRESENTATION_RELATIONSHIP() );
#576 = ITEM_DEFINED_TRANSFORMATION('','',#11,#27);
#577 = PRODUCT_DEFINITION_SHAPE('Placement','Placement of an item',#578
  );
#578 = NEXT_ASSEMBLY_USAGE_OCCURRENCE('5','D31','',#5,#231,$);
#579 = CONTEXT_DEPENDENT_SHAPE_REPRESENTATION(#580,#582);
#580 = ( REPRESENTATION_RELATIONSHIP('','',#236,#10) 
REPRESENTATION_RELATIONSHIP_WITH_TRANSFORMATION(#581) 
SHAPE_REPRESENTATION_RELATIONSHIP() );
#581 = ITEM_DEFINED_TRANSFORMATION('','',#11,#31);
#582 = PRODUCT_DEFINITION_SHAPE('Placement','Placement of an item',#583
  );
#583 = NEXT_ASSEMBLY_USAGE_OCCURRENCE('6','D19','',#5,#231,$);
#584 = CONTEXT_DEPENDENT_SHAPE_REPRESENTATION(#585,#587);
#585 = ( REPRESENTATION_RELATIONSHIP('','',#236,#10) 
REPRESENTATION_RELATIONSHIP_WITH_TRANSFORMATION(#586) 
SHAPE_REPRESENTATION_RELATIONSHIP() );
#586 = ITEM_DEFINED_TRANSFORMATION('','',#11,#35);
#587 = PRODUCT_DEFINITION_SHAPE('Placement','Placement of an item',#588
  );
#588 = NEXT_ASSEMBLY_USAGE_OCCURRENCE('7','D36','',#5,#231,$);
#589 = CONTEXT_DEPENDENT_SHAPE_REPRESENTATION(#590,#592);
#590 = ( REPRESENTATION_RELATIONSHIP('','',#236,#10) 
REPRESENTATION_RELATIONSHIP_WITH_TRANSFORMATION(#591) 
SHAPE_REPRESENTATION_RELATIONSHIP() );
#591 = ITEM_DEFINED_TRANSFORMATION('','',#11,#39);
#592 = PRODUCT_DEFINITION_SHAPE('Placement','Placement of an item',#593
  );
#593 = NEXT_ASSEMBLY_USAGE_OCCURRENCE('8','D42','',#5,#231,$);
#594 = CONTEXT_DEPENDENT_SHAPE_REPRESENTATION(#595,#597);
#595 = ( REPRESENTATION_RELATIONSHIP('','',#236,#10) 
REPRESENTATION_RELATIONSHIP_WITH_TRANSFORMATION(#596) 
SHAPE_REPRESENTATION_RELATIONSHIP() );
#596 = ITEM_DEFINED_TRANSFORMATION('','',#11,#43);
#597 = PRODUCT_DEFINITION_SHAPE('Placement','Placement of an item',#598
  );
#598 = NEXT_ASSEMBLY_USAGE_OCCURRENCE('9','D1','',#5,#231,$);
#599 = CONTEXT_DEPENDENT_SHAPE_REPRESENTATION(#600,#602);
#600 = ( REPRESENTATION_RELATIONSHIP('','',#236,#10) 
REPRESENTATION_RELATIONSHIP_WITH_TRANSFORMATION(#601) 
SHAPE_REPRESENTATION_RELATIONSHIP() );
#601 = ITEM_DEFINED_TRANSFORMATION('','',#11,#47);
#602 = PRODUCT_DEFINITION_SHAPE('Placement','Placement of an item',#603
  );
#603 = NEXT_ASSEMBLY_USAGE_OCCURRENCE('10','D22','',#5,#231,$);
#604 = SHAPE_DEFINITION_REPRESENTATION(#605,#611);
#605 = PRODUCT_DEFINITION_SHAPE('','',#606);
#606 = PRODUCT_DEFINITION('design','',#607,#610);
#607 = PRODUCT_DEFINITION_FORMATION('','',#608);
#608 = PRODUCT('QFN-28-1EP_6x6mm_P0.65mm_EP4.25x4.25mm',
  'QFN-28-1EP_6x6mm_P0.65mm_EP4.25x4.25mm','',(#609));
#609 = PRODUCT_CONTEXT('',#2,'mechanical');
#610 = PRODUCT_DEFINITION_CONTEXT('part definition',#2,'design');
#611 = SHAPE_REPRESENTATION('',(#11,#612),#616);
#612 = AXIS2_PLACEMENT_3D('',#613,#614,#615);
#613 = CARTESIAN_POINT('',(0.,0.,0.));
#614 = DIRECTION('',(0.,0.,1.));
#615 = DIRECTION('',(1.,0.,-0.));
#616 = ( GEOMETRIC_REPRESENTATION_CONTEXT(3) 
GLOBAL_UNCERTAINTY_ASSIGNED_CONTEXT((#620)) GLOBAL_UNIT_ASSIGNED_CONTEXT
((#617,#618,#619)) REPRESENTATION_CONTEXT('Context #1',
  '3D Context with UNIT and UNCERTAINTY') );
#617 = ( LENGTH_UNIT() NAMED_UNIT(*) SI_UNIT(.MILLI.,.METRE.) );
#618 = ( NAMED_UNIT(*) PLANE_ANGLE_UNIT() SI_UNIT($,.RADIAN.) );
#619 = ( NAMED_UNIT(*) SI_UNIT($,.STERADIAN.) SOLID_ANGLE_UNIT() );
#620 = UNCERTAINTY_MEASURE_WITH_UNIT(LENGTH_MEASURE(1.E-07),#617,
  'distance_accuracy_value','confusion accuracy');
#621 = CONTEXT_DEPENDENT_SHAPE_REPRESENTATION(#622,#624);
#622 = ( REPRESENTATION_RELATIONSHIP('','',#611,#10) 
REPRESENTATION_RELATIONSHIP_WITH_TRANSFORMATION(#623) 
SHAPE_REPRESENTATION_RELATIONSHIP() );
#623 = ITEM_DEFINED_TRANSFORMATION('','',#11,#51);
#624 = PRODUCT_DEFINITION_SHAPE('Placement','Placement of an item',#625
  );
#625 = NEXT_ASSEMBLY_USAGE_OCCURRENCE('12','U2','',#5,#606,$);
#626 = PRODUCT_RELATED_PRODUCT_CATEGORY('part',$,(#608));
#627 = SHAPE_DEFINITION_REPRESENTATION(#628,#634);
#628 = PRODUCT_DEFINITION_SHAPE('','',#629);
#629 = PRODUCT_DEFINITION('design','',#630,#633);
#630 = PRODUCT_DEFINITION_FORMATION('','',#631);
#631 = PRODUCT('QFN-28-1EP_6x6mm_Pitch0.65mm',
  'QFN-28-1EP_6x6mm_Pitch0.65mm','',(#632));
#632 = PRODUCT_CONTEXT('',#2,'mechanical');
#633 = PRODUCT_DEFINITION_CONTEXT('part definition',#2,'design');
#634 = ADVANCED_BREP_SHAPE_REPRESENTATION('',(#11,#635),#6605);
#635 = MANIFOLD_SOLID_BREP('',#636);
#636 = CLOSED_SHELL('',(#637,#678,#725,#750,#790,#807,#1789,#1967,#1979,
    #2164,#2204,#2244,#2269,#2294,#2327,#2360,#2400,#2440,#2465,#2490,
    #2523,#2556,#2596,#2621,#2654,#2694,#2734,#2759,#2784,#2817,#2850,
    #2890,#2930,#2955,#2980,#3013,#3046,#3086,#3126,#3151,#3176,#3209,
    #3242,#3282,#3322,#3347,#3372,#3405,#3438,#3623,#3801,#3841,#3881,
    #3906,#3931,#3964,#3997,#4037,#4077,#4102,#4127,#4160,#4193,#4233,
    #4273,#4298,#4323,#4356,#4389,#4429,#4469,#4494,#4519,#4552,#4585,
    #4625,#4665,#4690,#4715,#4748,#4781,#4821,#4861,#4886,#4911,#4944,
    #4977,#5017,#5057,#5082,#5107,#5140,#5173,#5204,#5228,#5252,#5276,
    #5293,#5316,#5333,#5350,#5367,#5384,#5401,#5418,#5435,#5452,#5469,
    #5486,#5503,#5520,#5537,#5554,#5566,#5583,#5595,#5612,#5624,#5641,
    #5653,#5670,#5682,#5699,#5711,#5728,#5740,#5757,#5769,#5786,#5798,
    #5815,#5827,#5844,#5856,#5873,#5885,#5902,#5914,#5931,#5948,#5965,
    #5982,#5999,#6016,#6033,#6050,#6067,#6084,#6101,#6118,#6135,#6152,
    #6169,#6181,#6198,#6210,#6227,#6239,#6256,#6268,#6285,#6297,#6314,
    #6326,#6343,#6355,#6372,#6384,#6401,#6413,#6430,#6442,#6459,#6471,
    #6488,#6500,#6517,#6529,#6546,#6558,#6571,#6596));
#637 = ADVANCED_FACE('',(#638),#673,.T.);
#638 = FACE_BOUND('',#639,.F.);
#639 = EDGE_LOOP('',(#640,#650,#659,#667));
#640 = ORIENTED_EDGE('',*,*,#641,.T.);
#641 = EDGE_CURVE('',#642,#644,#646,.T.);
#642 = VERTEX_POINT('',#643);
#643 = CARTESIAN_POINT('',(-0.8,3.,0.));
#644 = VERTEX_POINT('',#645);
#645 = CARTESIAN_POINT('',(-0.8,2.75,0.));
#646 = LINE('',#647,#648);
#647 = CARTESIAN_POINT('',(-0.8,3.,0.));
#648 = VECTOR('',#649,1.);
#649 = DIRECTION('',(-4.555315873023E-16,-1.,0.));
#650 = ORIENTED_EDGE('',*,*,#651,.T.);
#651 = EDGE_CURVE('',#644,#652,#654,.T.);
#652 = VERTEX_POINT('',#653);
#653 = CARTESIAN_POINT('',(-0.5,2.75,0.));
#654 = CIRCLE('',#655,0.15);
#655 = AXIS2_PLACEMENT_3D('',#656,#657,#658);
#656 = CARTESIAN_POINT('',(-0.65,2.75,0.));
#657 = DIRECTION('',(0.,0.,1.));
#658 = DIRECTION('',(-1.,4.555315873023E-16,0.));
#659 = ORIENTED_EDGE('',*,*,#660,.T.);
#660 = EDGE_CURVE('',#652,#661,#663,.T.);
#661 = VERTEX_POINT('',#662);
#662 = CARTESIAN_POINT('',(-0.5,3.,0.));
#663 = LINE('',#664,#665);
#664 = CARTESIAN_POINT('',(-0.5,2.75,0.));
#665 = VECTOR('',#666,1.);
#666 = DIRECTION('',(3.445092848398E-16,1.,0.));
#667 = ORIENTED_EDGE('',*,*,#668,.T.);
#668 = EDGE_CURVE('',#661,#642,#669,.T.);
#669 = LINE('',#670,#671);
#670 = CARTESIAN_POINT('',(-0.5,3.,0.));
#671 = VECTOR('',#672,1.);
#672 = DIRECTION('',(-1.,4.555315873023E-16,0.));
#673 = PLANE('',#674);
#674 = AXIS2_PLACEMENT_3D('',#675,#676,#677);
#675 = CARTESIAN_POINT('',(-0.8,3.,0.));
#676 = DIRECTION('',(-0.,0.,-1.));
#677 = DIRECTION('',(1.,-4.555315873023E-16,-0.));
#678 = ADVANCED_FACE('',(#679),#720,.F.);
#679 = FACE_BOUND('',#680,.F.);
#680 = EDGE_LOOP('',(#681,#682,#690,#698,#706,#714));
#681 = ORIENTED_EDGE('',*,*,#641,.F.);
#682 = ORIENTED_EDGE('',*,*,#683,.T.);
#683 = EDGE_CURVE('',#642,#684,#686,.T.);
#684 = VERTEX_POINT('',#685);
#685 = CARTESIAN_POINT('',(-0.8,3.,0.2));
#686 = LINE('',#687,#688);
#687 = CARTESIAN_POINT('',(-0.8,3.,0.));
#688 = VECTOR('',#689,1.);
#689 = DIRECTION('',(0.,0.,1.));
#690 = ORIENTED_EDGE('',*,*,#691,.T.);
#691 = EDGE_CURVE('',#684,#692,#694,.T.);
#692 = VERTEX_POINT('',#693);
#693 = CARTESIAN_POINT('',(-0.8,2.99,0.2));
#694 = LINE('',#695,#696);
#695 = CARTESIAN_POINT('',(-0.8,3.,0.2));
#696 = VECTOR('',#697,1.);
#697 = DIRECTION('',(-4.555315873023E-16,-1.,0.));
#698 = ORIENTED_EDGE('',*,*,#699,.F.);
#699 = EDGE_CURVE('',#700,#692,#702,.T.);
#700 = VERTEX_POINT('',#701);
#701 = CARTESIAN_POINT('',(-0.8,2.99,2.E-02));
#702 = LINE('',#703,#704);
#703 = CARTESIAN_POINT('',(-0.8,2.99,1.E-02));
#704 = VECTOR('',#705,1.);
#705 = DIRECTION('',(0.,0.,1.));
#706 = ORIENTED_EDGE('',*,*,#707,.F.);
#707 = EDGE_CURVE('',#708,#700,#710,.T.);
#708 = VERTEX_POINT('',#709);
#709 = CARTESIAN_POINT('',(-0.8,2.75,2.E-02));
#710 = LINE('',#711,#712);
#711 = CARTESIAN_POINT('',(-0.8,2.995,2.E-02));
#712 = VECTOR('',#713,1.);
#713 = DIRECTION('',(4.555315873023E-16,1.,0.));
#714 = ORIENTED_EDGE('',*,*,#715,.F.);
#715 = EDGE_CURVE('',#644,#708,#716,.T.);
#716 = LINE('',#717,#718);
#717 = CARTESIAN_POINT('',(-0.8,2.75,0.));
#718 = VECTOR('',#719,1.);
#719 = DIRECTION('',(0.,0.,1.));
#720 = PLANE('',#721);
#721 = AXIS2_PLACEMENT_3D('',#722,#723,#724);
#722 = CARTESIAN_POINT('',(-0.8,3.,0.));
#723 = DIRECTION('',(1.,-4.555315873023E-16,0.));
#724 = DIRECTION('',(-4.555315873023E-16,-1.,0.));
#725 = ADVANCED_FACE('',(#726),#745,.T.);
#726 = FACE_BOUND('',#727,.T.);
#727 = EDGE_LOOP('',(#728,#736,#743,#744));
#728 = ORIENTED_EDGE('',*,*,#729,.T.);
#729 = EDGE_CURVE('',#652,#730,#732,.T.);
#730 = VERTEX_POINT('',#731);
#731 = CARTESIAN_POINT('',(-0.5,2.75,2.E-02));
#732 = LINE('',#733,#734);
#733 = CARTESIAN_POINT('',(-0.5,2.75,0.));
#734 = VECTOR('',#735,1.);
#735 = DIRECTION('',(0.,0.,1.));
#736 = ORIENTED_EDGE('',*,*,#737,.T.);
#737 = EDGE_CURVE('',#730,#708,#738,.T.);
#738 = CIRCLE('',#739,0.15);
#739 = AXIS2_PLACEMENT_3D('',#740,#741,#742);
#740 = CARTESIAN_POINT('',(-0.65,2.75,2.E-02));
#741 = DIRECTION('',(0.,0.,-1.));
#742 = DIRECTION('',(-1.,4.555315873023E-16,0.));
#743 = ORIENTED_EDGE('',*,*,#715,.F.);
#744 = ORIENTED_EDGE('',*,*,#651,.T.);
#745 = CYLINDRICAL_SURFACE('',#746,0.15);
#746 = AXIS2_PLACEMENT_3D('',#747,#748,#749);
#747 = CARTESIAN_POINT('',(-0.65,2.75,0.));
#748 = DIRECTION('',(0.,0.,-1.));
#749 = DIRECTION('',(-1.,4.555315873023E-16,0.));
#750 = ADVANCED_FACE('',(#751),#785,.F.);
#751 = FACE_BOUND('',#752,.F.);
#752 = EDGE_LOOP('',(#753,#754,#755,#763,#771,#779));
#753 = ORIENTED_EDGE('',*,*,#660,.F.);
#754 = ORIENTED_EDGE('',*,*,#729,.T.);
#755 = ORIENTED_EDGE('',*,*,#756,.F.);
#756 = EDGE_CURVE('',#757,#730,#759,.T.);
#757 = VERTEX_POINT('',#758);
#758 = CARTESIAN_POINT('',(-0.5,2.99,2.E-02));
#759 = LINE('',#760,#761);
#760 = CARTESIAN_POINT('',(-0.5,2.87,2.E-02));
#761 = VECTOR('',#762,1.);
#762 = DIRECTION('',(-3.445092848398E-16,-1.,0.));
#763 = ORIENTED_EDGE('',*,*,#764,.F.);
#764 = EDGE_CURVE('',#765,#757,#767,.T.);
#765 = VERTEX_POINT('',#766);
#766 = CARTESIAN_POINT('',(-0.5,2.99,0.2));
#767 = LINE('',#768,#769);
#768 = CARTESIAN_POINT('',(-0.5,2.99,1.E-02));
#769 = VECTOR('',#770,1.);
#770 = DIRECTION('',(-0.,0.,-1.));
#771 = ORIENTED_EDGE('',*,*,#772,.T.);
#772 = EDGE_CURVE('',#765,#773,#775,.T.);
#773 = VERTEX_POINT('',#774);
#774 = CARTESIAN_POINT('',(-0.5,3.,0.2));
#775 = LINE('',#776,#777);
#776 = CARTESIAN_POINT('',(-0.5,2.75,0.2));
#777 = VECTOR('',#778,1.);
#778 = DIRECTION('',(3.445092848398E-16,1.,0.));
#779 = ORIENTED_EDGE('',*,*,#780,.F.);
#780 = EDGE_CURVE('',#661,#773,#781,.T.);
#781 = LINE('',#782,#783);
#782 = CARTESIAN_POINT('',(-0.5,3.,0.));
#783 = VECTOR('',#784,1.);
#784 = DIRECTION('',(0.,0.,1.));
#785 = PLANE('',#786);
#786 = AXIS2_PLACEMENT_3D('',#787,#788,#789);
#787 = CARTESIAN_POINT('',(-0.5,2.75,0.));
#788 = DIRECTION('',(-1.,3.445092848398E-16,0.));
#789 = DIRECTION('',(3.445092848398E-16,1.,0.));
#790 = ADVANCED_FACE('',(#791),#802,.F.);
#791 = FACE_BOUND('',#792,.F.);
#792 = EDGE_LOOP('',(#793,#794,#800,#801));
#793 = ORIENTED_EDGE('',*,*,#780,.T.);
#794 = ORIENTED_EDGE('',*,*,#795,.T.);
#795 = EDGE_CURVE('',#773,#684,#796,.T.);
#796 = LINE('',#797,#798);
#797 = CARTESIAN_POINT('',(-0.5,3.,0.2));
#798 = VECTOR('',#799,1.);
#799 = DIRECTION('',(-1.,4.555315873023E-16,0.));
#800 = ORIENTED_EDGE('',*,*,#683,.F.);
#801 = ORIENTED_EDGE('',*,*,#668,.F.);
#802 = PLANE('',#803);
#803 = AXIS2_PLACEMENT_3D('',#804,#805,#806);
#804 = CARTESIAN_POINT('',(-0.5,3.,0.));
#805 = DIRECTION('',(-4.555315873023E-16,-1.,0.));
#806 = DIRECTION('',(-1.,4.555315873023E-16,0.));
#807 = ADVANCED_FACE('',(#808,#1742),#1784,.F.);
#808 = FACE_BOUND('',#809,.F.);
#809 = EDGE_LOOP('',(#810,#820,#828,#836,#845,#853,#861,#869,#878,#886,
    #894,#902,#911,#919,#927,#935,#944,#952,#960,#968,#977,#985,#993,
    #1001,#1010,#1018,#1026,#1034,#1043,#1051,#1059,#1067,#1075,#1084,
    #1092,#1100,#1108,#1117,#1125,#1133,#1141,#1150,#1158,#1166,#1174,
    #1183,#1191,#1199,#1207,#1216,#1224,#1232,#1240,#1249,#1257,#1265,
    #1273,#1282,#1290,#1298,#1306,#1314,#1323,#1331,#1339,#1347,#1356,
    #1364,#1372,#1380,#1389,#1397,#1405,#1413,#1422,#1430,#1438,#1446,
    #1455,#1463,#1471,#1479,#1488,#1496,#1504,#1512,#1521,#1529,#1537,
    #1545,#1553,#1562,#1570,#1578,#1586,#1595,#1603,#1611,#1619,#1628,
    #1636,#1644,#1652,#1661,#1669,#1675,#1676,#1677,#1678,#1686,#1694,
    #1703,#1711,#1719,#1727,#1736));
#810 = ORIENTED_EDGE('',*,*,#811,.F.);
#811 = EDGE_CURVE('',#812,#814,#816,.T.);
#812 = VERTEX_POINT('',#813);
#813 = CARTESIAN_POINT('',(-2.99,2.99,2.E-02));
#814 = VERTEX_POINT('',#815);
#815 = CARTESIAN_POINT('',(-2.1,2.99,2.E-02));
#816 = LINE('',#817,#818);
#817 = CARTESIAN_POINT('',(-2.99,2.99,2.E-02));
#818 = VECTOR('',#819,1.);
#819 = DIRECTION('',(1.,-2.22044604925E-16,0.));
#820 = ORIENTED_EDGE('',*,*,#821,.T.);
#821 = EDGE_CURVE('',#812,#822,#824,.T.);
#822 = VERTEX_POINT('',#823);
#823 = CARTESIAN_POINT('',(-2.99,2.1,2.E-02));
#824 = LINE('',#825,#826);
#825 = CARTESIAN_POINT('',(-2.99,2.99,2.E-02));
#826 = VECTOR('',#827,1.);
#827 = DIRECTION('',(-2.22044604925E-16,-1.,0.));
#828 = ORIENTED_EDGE('',*,*,#829,.T.);
#829 = EDGE_CURVE('',#822,#830,#832,.T.);
#830 = VERTEX_POINT('',#831);
#831 = CARTESIAN_POINT('',(-2.75,2.1,2.E-02));
#832 = LINE('',#833,#834);
#833 = CARTESIAN_POINT('',(-2.87,2.1,2.E-02));
#834 = VECTOR('',#835,1.);
#835 = DIRECTION('',(1.,-3.55951662292E-16,0.));
#836 = ORIENTED_EDGE('',*,*,#837,.T.);
#837 = EDGE_CURVE('',#830,#838,#840,.T.);
#838 = VERTEX_POINT('',#839);
#839 = CARTESIAN_POINT('',(-2.75,1.8,2.E-02));
#840 = CIRCLE('',#841,0.15);
#841 = AXIS2_PLACEMENT_3D('',#842,#843,#844);
#842 = CARTESIAN_POINT('',(-2.75,1.95,2.E-02));
#843 = DIRECTION('',(-0.,0.,-1.));
#844 = DIRECTION('',(-4.669739647545E-16,-1.,0.));
#845 = ORIENTED_EDGE('',*,*,#846,.T.);
#846 = EDGE_CURVE('',#838,#847,#849,.T.);
#847 = VERTEX_POINT('',#848);
#848 = CARTESIAN_POINT('',(-2.99,1.8,2.E-02));
#849 = LINE('',#850,#851);
#850 = CARTESIAN_POINT('',(-2.995,1.8,2.E-02));
#851 = VECTOR('',#852,1.);
#852 = DIRECTION('',(-1.,4.669739647545E-16,0.));
#853 = ORIENTED_EDGE('',*,*,#854,.T.);
#854 = EDGE_CURVE('',#847,#855,#857,.T.);
#855 = VERTEX_POINT('',#856);
#856 = CARTESIAN_POINT('',(-2.99,1.45,2.E-02));
#857 = LINE('',#858,#859);
#858 = CARTESIAN_POINT('',(-2.99,2.99,2.E-02));
#859 = VECTOR('',#860,1.);
#860 = DIRECTION('',(-2.22044604925E-16,-1.,0.));
#861 = ORIENTED_EDGE('',*,*,#862,.T.);
#862 = EDGE_CURVE('',#855,#863,#865,.T.);
#863 = VERTEX_POINT('',#864);
#864 = CARTESIAN_POINT('',(-2.75,1.45,2.E-02));
#865 = LINE('',#866,#867);
#866 = CARTESIAN_POINT('',(-2.87,1.45,2.E-02));
#867 = VECTOR('',#868,1.);
#868 = DIRECTION('',(1.,-3.55951662292E-16,0.));
#869 = ORIENTED_EDGE('',*,*,#870,.T.);
#870 = EDGE_CURVE('',#863,#871,#873,.T.);
#871 = VERTEX_POINT('',#872);
#872 = CARTESIAN_POINT('',(-2.75,1.15,2.E-02));
#873 = CIRCLE('',#874,0.15);
#874 = AXIS2_PLACEMENT_3D('',#875,#876,#877);
#875 = CARTESIAN_POINT('',(-2.75,1.3,2.E-02));
#876 = DIRECTION('',(-0.,0.,-1.));
#877 = DIRECTION('',(-4.669739647545E-16,-1.,0.));
#878 = ORIENTED_EDGE('',*,*,#879,.T.);
#879 = EDGE_CURVE('',#871,#880,#882,.T.);
#880 = VERTEX_POINT('',#881);
#881 = CARTESIAN_POINT('',(-2.99,1.15,2.E-02));
#882 = LINE('',#883,#884);
#883 = CARTESIAN_POINT('',(-2.995,1.15,2.E-02));
#884 = VECTOR('',#885,1.);
#885 = DIRECTION('',(-1.,4.669739647545E-16,0.));
#886 = ORIENTED_EDGE('',*,*,#887,.T.);
#887 = EDGE_CURVE('',#880,#888,#890,.T.);
#888 = VERTEX_POINT('',#889);
#889 = CARTESIAN_POINT('',(-2.99,0.8,2.E-02));
#890 = LINE('',#891,#892);
#891 = CARTESIAN_POINT('',(-2.99,2.99,2.E-02));
#892 = VECTOR('',#893,1.);
#893 = DIRECTION('',(-2.22044604925E-16,-1.,0.));
#894 = ORIENTED_EDGE('',*,*,#895,.T.);
#895 = EDGE_CURVE('',#888,#896,#898,.T.);
#896 = VERTEX_POINT('',#897);
#897 = CARTESIAN_POINT('',(-2.75,0.8,2.E-02));
#898 = LINE('',#899,#900);
#899 = CARTESIAN_POINT('',(-2.87,0.8,2.E-02));
#900 = VECTOR('',#901,1.);
#901 = DIRECTION('',(1.,-3.55951662292E-16,0.));
#902 = ORIENTED_EDGE('',*,*,#903,.T.);
#903 = EDGE_CURVE('',#896,#904,#906,.T.);
#904 = VERTEX_POINT('',#905);
#905 = CARTESIAN_POINT('',(-2.75,0.5,2.E-02));
#906 = CIRCLE('',#907,0.15);
#907 = AXIS2_PLACEMENT_3D('',#908,#909,#910);
#908 = CARTESIAN_POINT('',(-2.75,0.65,2.E-02));
#909 = DIRECTION('',(-0.,0.,-1.));
#910 = DIRECTION('',(-4.669739647545E-16,-1.,0.));
#911 = ORIENTED_EDGE('',*,*,#912,.T.);
#912 = EDGE_CURVE('',#904,#913,#915,.T.);
#913 = VERTEX_POINT('',#914);
#914 = CARTESIAN_POINT('',(-2.99,0.5,2.E-02));
#915 = LINE('',#916,#917);
#916 = CARTESIAN_POINT('',(-2.995,0.5,2.E-02));
#917 = VECTOR('',#918,1.);
#918 = DIRECTION('',(-1.,4.669739647545E-16,0.));
#919 = ORIENTED_EDGE('',*,*,#920,.T.);
#920 = EDGE_CURVE('',#913,#921,#923,.T.);
#921 = VERTEX_POINT('',#922);
#922 = CARTESIAN_POINT('',(-2.99,0.15,2.E-02));
#923 = LINE('',#924,#925);
#924 = CARTESIAN_POINT('',(-2.99,2.99,2.E-02));
#925 = VECTOR('',#926,1.);
#926 = DIRECTION('',(-2.22044604925E-16,-1.,0.));
#927 = ORIENTED_EDGE('',*,*,#928,.T.);
#928 = EDGE_CURVE('',#921,#929,#931,.T.);
#929 = VERTEX_POINT('',#930);
#930 = CARTESIAN_POINT('',(-2.75,0.15,2.E-02));
#931 = LINE('',#932,#933);
#932 = CARTESIAN_POINT('',(-2.87,0.15,2.E-02));
#933 = VECTOR('',#934,1.);
#934 = DIRECTION('',(1.,-3.55951662292E-16,0.));
#935 = ORIENTED_EDGE('',*,*,#936,.T.);
#936 = EDGE_CURVE('',#929,#937,#939,.T.);
#937 = VERTEX_POINT('',#938);
#938 = CARTESIAN_POINT('',(-2.75,-0.15,2.E-02));
#939 = CIRCLE('',#940,0.15);
#940 = AXIS2_PLACEMENT_3D('',#941,#942,#943);
#941 = CARTESIAN_POINT('',(-2.75,9.71445146547E-16,2.E-02));
#942 = DIRECTION('',(-0.,0.,-1.));
#943 = DIRECTION('',(-4.669739647545E-16,-1.,0.));
#944 = ORIENTED_EDGE('',*,*,#945,.T.);
#945 = EDGE_CURVE('',#937,#946,#948,.T.);
#946 = VERTEX_POINT('',#947);
#947 = CARTESIAN_POINT('',(-2.99,-0.15,2.E-02));
#948 = LINE('',#949,#950);
#949 = CARTESIAN_POINT('',(-2.995,-0.15,2.E-02));
#950 = VECTOR('',#951,1.);
#951 = DIRECTION('',(-1.,4.669739647545E-16,0.));
#952 = ORIENTED_EDGE('',*,*,#953,.T.);
#953 = EDGE_CURVE('',#946,#954,#956,.T.);
#954 = VERTEX_POINT('',#955);
#955 = CARTESIAN_POINT('',(-2.99,-0.5,2.E-02));
#956 = LINE('',#957,#958);
#957 = CARTESIAN_POINT('',(-2.99,2.99,2.E-02));
#958 = VECTOR('',#959,1.);
#959 = DIRECTION('',(-2.22044604925E-16,-1.,0.));
#960 = ORIENTED_EDGE('',*,*,#961,.T.);
#961 = EDGE_CURVE('',#954,#962,#964,.T.);
#962 = VERTEX_POINT('',#963);
#963 = CARTESIAN_POINT('',(-2.75,-0.5,2.E-02));
#964 = LINE('',#965,#966);
#965 = CARTESIAN_POINT('',(-2.87,-0.5,2.E-02));
#966 = VECTOR('',#967,1.);
#967 = DIRECTION('',(1.,-3.55951662292E-16,0.));
#968 = ORIENTED_EDGE('',*,*,#969,.T.);
#969 = EDGE_CURVE('',#962,#970,#972,.T.);
#970 = VERTEX_POINT('',#971);
#971 = CARTESIAN_POINT('',(-2.75,-0.8,2.E-02));
#972 = CIRCLE('',#973,0.15);
#973 = AXIS2_PLACEMENT_3D('',#974,#975,#976);
#974 = CARTESIAN_POINT('',(-2.75,-0.65,2.E-02));
#975 = DIRECTION('',(-0.,0.,-1.));
#976 = DIRECTION('',(-4.669739647545E-16,-1.,0.));
#977 = ORIENTED_EDGE('',*,*,#978,.T.);
#978 = EDGE_CURVE('',#970,#979,#981,.T.);
#979 = VERTEX_POINT('',#980);
#980 = CARTESIAN_POINT('',(-2.99,-0.8,2.E-02));
#981 = LINE('',#982,#983);
#982 = CARTESIAN_POINT('',(-2.995,-0.8,2.E-02));
#983 = VECTOR('',#984,1.);
#984 = DIRECTION('',(-1.,4.669739647545E-16,0.));
#985 = ORIENTED_EDGE('',*,*,#986,.T.);
#986 = EDGE_CURVE('',#979,#987,#989,.T.);
#987 = VERTEX_POINT('',#988);
#988 = CARTESIAN_POINT('',(-2.99,-1.15,2.E-02));
#989 = LINE('',#990,#991);
#990 = CARTESIAN_POINT('',(-2.99,2.99,2.E-02));
#991 = VECTOR('',#992,1.);
#992 = DIRECTION('',(-2.22044604925E-16,-1.,0.));
#993 = ORIENTED_EDGE('',*,*,#994,.T.);
#994 = EDGE_CURVE('',#987,#995,#997,.T.);
#995 = VERTEX_POINT('',#996);
#996 = CARTESIAN_POINT('',(-2.75,-1.15,2.E-02));
#997 = LINE('',#998,#999);
#998 = CARTESIAN_POINT('',(-2.87,-1.15,2.E-02));
#999 = VECTOR('',#1000,1.);
#1000 = DIRECTION('',(1.,-3.55951662292E-16,0.));
#1001 = ORIENTED_EDGE('',*,*,#1002,.T.);
#1002 = EDGE_CURVE('',#995,#1003,#1005,.T.);
#1003 = VERTEX_POINT('',#1004);
#1004 = CARTESIAN_POINT('',(-2.75,-1.45,2.E-02));
#1005 = CIRCLE('',#1006,0.15);
#1006 = AXIS2_PLACEMENT_3D('',#1007,#1008,#1009);
#1007 = CARTESIAN_POINT('',(-2.75,-1.3,2.E-02));
#1008 = DIRECTION('',(-0.,0.,-1.));
#1009 = DIRECTION('',(-4.669739647545E-16,-1.,0.));
#1010 = ORIENTED_EDGE('',*,*,#1011,.T.);
#1011 = EDGE_CURVE('',#1003,#1012,#1014,.T.);
#1012 = VERTEX_POINT('',#1013);
#1013 = CARTESIAN_POINT('',(-2.99,-1.45,2.E-02));
#1014 = LINE('',#1015,#1016);
#1015 = CARTESIAN_POINT('',(-2.995,-1.45,2.E-02));
#1016 = VECTOR('',#1017,1.);
#1017 = DIRECTION('',(-1.,4.669739647545E-16,0.));
#1018 = ORIENTED_EDGE('',*,*,#1019,.T.);
#1019 = EDGE_CURVE('',#1012,#1020,#1022,.T.);
#1020 = VERTEX_POINT('',#1021);
#1021 = CARTESIAN_POINT('',(-2.99,-1.8,2.E-02));
#1022 = LINE('',#1023,#1024);
#1023 = CARTESIAN_POINT('',(-2.99,2.99,2.E-02));
#1024 = VECTOR('',#1025,1.);
#1025 = DIRECTION('',(-2.22044604925E-16,-1.,0.));
#1026 = ORIENTED_EDGE('',*,*,#1027,.T.);
#1027 = EDGE_CURVE('',#1020,#1028,#1030,.T.);
#1028 = VERTEX_POINT('',#1029);
#1029 = CARTESIAN_POINT('',(-2.75,-1.8,2.E-02));
#1030 = LINE('',#1031,#1032);
#1031 = CARTESIAN_POINT('',(-2.87,-1.8,2.E-02));
#1032 = VECTOR('',#1033,1.);
#1033 = DIRECTION('',(1.,-3.55951662292E-16,0.));
#1034 = ORIENTED_EDGE('',*,*,#1035,.T.);
#1035 = EDGE_CURVE('',#1028,#1036,#1038,.T.);
#1036 = VERTEX_POINT('',#1037);
#1037 = CARTESIAN_POINT('',(-2.75,-2.1,2.E-02));
#1038 = CIRCLE('',#1039,0.15);
#1039 = AXIS2_PLACEMENT_3D('',#1040,#1041,#1042);
#1040 = CARTESIAN_POINT('',(-2.75,-1.95,2.E-02));
#1041 = DIRECTION('',(-0.,0.,-1.));
#1042 = DIRECTION('',(-4.669739647545E-16,-1.,0.));
#1043 = ORIENTED_EDGE('',*,*,#1044,.T.);
#1044 = EDGE_CURVE('',#1036,#1045,#1047,.T.);
#1045 = VERTEX_POINT('',#1046);
#1046 = CARTESIAN_POINT('',(-2.99,-2.1,2.E-02));
#1047 = LINE('',#1048,#1049);
#1048 = CARTESIAN_POINT('',(-2.995,-2.1,2.E-02));
#1049 = VECTOR('',#1050,1.);
#1050 = DIRECTION('',(-1.,4.669739647545E-16,0.));
#1051 = ORIENTED_EDGE('',*,*,#1052,.T.);
#1052 = EDGE_CURVE('',#1045,#1053,#1055,.T.);
#1053 = VERTEX_POINT('',#1054);
#1054 = CARTESIAN_POINT('',(-2.99,-2.99,2.E-02));
#1055 = LINE('',#1056,#1057);
#1056 = CARTESIAN_POINT('',(-2.99,2.99,2.E-02));
#1057 = VECTOR('',#1058,1.);
#1058 = DIRECTION('',(-2.22044604925E-16,-1.,0.));
#1059 = ORIENTED_EDGE('',*,*,#1060,.T.);
#1060 = EDGE_CURVE('',#1053,#1061,#1063,.T.);
#1061 = VERTEX_POINT('',#1062);
#1062 = CARTESIAN_POINT('',(-2.1,-2.99,2.E-02));
#1063 = LINE('',#1064,#1065);
#1064 = CARTESIAN_POINT('',(-2.99,-2.99,2.E-02));
#1065 = VECTOR('',#1066,1.);
#1066 = DIRECTION('',(1.,-2.22044604925E-16,0.));
#1067 = ORIENTED_EDGE('',*,*,#1068,.T.);
#1068 = EDGE_CURVE('',#1061,#1069,#1071,.T.);
#1069 = VERTEX_POINT('',#1070);
#1070 = CARTESIAN_POINT('',(-2.1,-2.75,2.E-02));
#1071 = LINE('',#1072,#1073);
#1072 = CARTESIAN_POINT('',(-2.1,0.12,2.E-02));
#1073 = VECTOR('',#1074,1.);
#1074 = DIRECTION('',(4.555315873023E-16,1.,0.));
#1075 = ORIENTED_EDGE('',*,*,#1076,.T.);
#1076 = EDGE_CURVE('',#1069,#1077,#1079,.T.);
#1077 = VERTEX_POINT('',#1078);
#1078 = CARTESIAN_POINT('',(-1.8,-2.75,2.E-02));
#1079 = CIRCLE('',#1080,0.15);
#1080 = AXIS2_PLACEMENT_3D('',#1081,#1082,#1083);
#1081 = CARTESIAN_POINT('',(-1.95,-2.75,2.E-02));
#1082 = DIRECTION('',(0.,-0.,-1.));
#1083 = DIRECTION('',(1.,-5.665538897648E-16,0.));
#1084 = ORIENTED_EDGE('',*,*,#1085,.T.);
#1085 = EDGE_CURVE('',#1077,#1086,#1088,.T.);
#1086 = VERTEX_POINT('',#1087);
#1087 = CARTESIAN_POINT('',(-1.8,-2.99,2.E-02));
#1088 = LINE('',#1089,#1090);
#1089 = CARTESIAN_POINT('',(-1.8,-5.E-03,2.E-02));
#1090 = VECTOR('',#1091,1.);
#1091 = DIRECTION('',(-5.665538897648E-16,-1.,0.));
#1092 = ORIENTED_EDGE('',*,*,#1093,.T.);
#1093 = EDGE_CURVE('',#1086,#1094,#1096,.T.);
#1094 = VERTEX_POINT('',#1095);
#1095 = CARTESIAN_POINT('',(-1.45,-2.99,2.E-02));
#1096 = LINE('',#1097,#1098);
#1097 = CARTESIAN_POINT('',(-2.99,-2.99,2.E-02));
#1098 = VECTOR('',#1099,1.);
#1099 = DIRECTION('',(1.,-2.22044604925E-16,0.));
#1100 = ORIENTED_EDGE('',*,*,#1101,.T.);
#1101 = EDGE_CURVE('',#1094,#1102,#1104,.T.);
#1102 = VERTEX_POINT('',#1103);
#1103 = CARTESIAN_POINT('',(-1.45,-2.75,2.E-02));
#1104 = LINE('',#1105,#1106);
#1105 = CARTESIAN_POINT('',(-1.45,0.12,2.E-02));
#1106 = VECTOR('',#1107,1.);
#1107 = DIRECTION('',(4.555315873023E-16,1.,0.));
#1108 = ORIENTED_EDGE('',*,*,#1109,.T.);
#1109 = EDGE_CURVE('',#1102,#1110,#1112,.T.);
#1110 = VERTEX_POINT('',#1111);
#1111 = CARTESIAN_POINT('',(-1.15,-2.75,2.E-02));
#1112 = CIRCLE('',#1113,0.15);
#1113 = AXIS2_PLACEMENT_3D('',#1114,#1115,#1116);
#1114 = CARTESIAN_POINT('',(-1.3,-2.75,2.E-02));
#1115 = DIRECTION('',(0.,-0.,-1.));
#1116 = DIRECTION('',(1.,-5.665538897648E-16,0.));
#1117 = ORIENTED_EDGE('',*,*,#1118,.T.);
#1118 = EDGE_CURVE('',#1110,#1119,#1121,.T.);
#1119 = VERTEX_POINT('',#1120);
#1120 = CARTESIAN_POINT('',(-1.15,-2.99,2.E-02));
#1121 = LINE('',#1122,#1123);
#1122 = CARTESIAN_POINT('',(-1.15,-5.E-03,2.E-02));
#1123 = VECTOR('',#1124,1.);
#1124 = DIRECTION('',(-5.665538897648E-16,-1.,0.));
#1125 = ORIENTED_EDGE('',*,*,#1126,.T.);
#1126 = EDGE_CURVE('',#1119,#1127,#1129,.T.);
#1127 = VERTEX_POINT('',#1128);
#1128 = CARTESIAN_POINT('',(-0.8,-2.99,2.E-02));
#1129 = LINE('',#1130,#1131);
#1130 = CARTESIAN_POINT('',(-2.99,-2.99,2.E-02));
#1131 = VECTOR('',#1132,1.);
#1132 = DIRECTION('',(1.,-2.22044604925E-16,0.));
#1133 = ORIENTED_EDGE('',*,*,#1134,.T.);
#1134 = EDGE_CURVE('',#1127,#1135,#1137,.T.);
#1135 = VERTEX_POINT('',#1136);
#1136 = CARTESIAN_POINT('',(-0.8,-2.75,2.E-02));
#1137 = LINE('',#1138,#1139);
#1138 = CARTESIAN_POINT('',(-0.8,0.12,2.E-02));
#1139 = VECTOR('',#1140,1.);
#1140 = DIRECTION('',(4.555315873023E-16,1.,0.));
#1141 = ORIENTED_EDGE('',*,*,#1142,.T.);
#1142 = EDGE_CURVE('',#1135,#1143,#1145,.T.);
#1143 = VERTEX_POINT('',#1144);
#1144 = CARTESIAN_POINT('',(-0.5,-2.75,2.E-02));
#1145 = CIRCLE('',#1146,0.15);
#1146 = AXIS2_PLACEMENT_3D('',#1147,#1148,#1149);
#1147 = CARTESIAN_POINT('',(-0.65,-2.75,2.E-02));
#1148 = DIRECTION('',(0.,-0.,-1.));
#1149 = DIRECTION('',(1.,-5.665538897648E-16,0.));
#1150 = ORIENTED_EDGE('',*,*,#1151,.T.);
#1151 = EDGE_CURVE('',#1143,#1152,#1154,.T.);
#1152 = VERTEX_POINT('',#1153);
#1153 = CARTESIAN_POINT('',(-0.5,-2.99,2.E-02));
#1154 = LINE('',#1155,#1156);
#1155 = CARTESIAN_POINT('',(-0.5,-5.E-03,2.E-02));
#1156 = VECTOR('',#1157,1.);
#1157 = DIRECTION('',(-5.665538897648E-16,-1.,0.));
#1158 = ORIENTED_EDGE('',*,*,#1159,.T.);
#1159 = EDGE_CURVE('',#1152,#1160,#1162,.T.);
#1160 = VERTEX_POINT('',#1161);
#1161 = CARTESIAN_POINT('',(-0.15,-2.99,2.E-02));
#1162 = LINE('',#1163,#1164);
#1163 = CARTESIAN_POINT('',(-2.99,-2.99,2.E-02));
#1164 = VECTOR('',#1165,1.);
#1165 = DIRECTION('',(1.,-2.22044604925E-16,0.));
#1166 = ORIENTED_EDGE('',*,*,#1167,.T.);
#1167 = EDGE_CURVE('',#1160,#1168,#1170,.T.);
#1168 = VERTEX_POINT('',#1169);
#1169 = CARTESIAN_POINT('',(-0.15,-2.75,2.E-02));
#1170 = LINE('',#1171,#1172);
#1171 = CARTESIAN_POINT('',(-0.15,0.12,2.E-02));
#1172 = VECTOR('',#1173,1.);
#1173 = DIRECTION('',(4.555315873023E-16,1.,0.));
#1174 = ORIENTED_EDGE('',*,*,#1175,.T.);
#1175 = EDGE_CURVE('',#1168,#1176,#1178,.T.);
#1176 = VERTEX_POINT('',#1177);
#1177 = CARTESIAN_POINT('',(0.15,-2.75,2.E-02));
#1178 = CIRCLE('',#1179,0.15);
#1179 = AXIS2_PLACEMENT_3D('',#1180,#1181,#1182);
#1180 = CARTESIAN_POINT('',(-1.249000902703E-15,-2.75,2.E-02));
#1181 = DIRECTION('',(0.,-0.,-1.));
#1182 = DIRECTION('',(1.,-5.665538897648E-16,0.));
#1183 = ORIENTED_EDGE('',*,*,#1184,.T.);
#1184 = EDGE_CURVE('',#1176,#1185,#1187,.T.);
#1185 = VERTEX_POINT('',#1186);
#1186 = CARTESIAN_POINT('',(0.15,-2.99,2.E-02));
#1187 = LINE('',#1188,#1189);
#1188 = CARTESIAN_POINT('',(0.15,-5.E-03,2.E-02));
#1189 = VECTOR('',#1190,1.);
#1190 = DIRECTION('',(-5.665538897648E-16,-1.,0.));
#1191 = ORIENTED_EDGE('',*,*,#1192,.T.);
#1192 = EDGE_CURVE('',#1185,#1193,#1195,.T.);
#1193 = VERTEX_POINT('',#1194);
#1194 = CARTESIAN_POINT('',(0.5,-2.99,2.E-02));
#1195 = LINE('',#1196,#1197);
#1196 = CARTESIAN_POINT('',(-2.99,-2.99,2.E-02));
#1197 = VECTOR('',#1198,1.);
#1198 = DIRECTION('',(1.,-2.22044604925E-16,0.));
#1199 = ORIENTED_EDGE('',*,*,#1200,.T.);
#1200 = EDGE_CURVE('',#1193,#1201,#1203,.T.);
#1201 = VERTEX_POINT('',#1202);
#1202 = CARTESIAN_POINT('',(0.5,-2.75,2.E-02));
#1203 = LINE('',#1204,#1205);
#1204 = CARTESIAN_POINT('',(0.5,0.12,2.E-02));
#1205 = VECTOR('',#1206,1.);
#1206 = DIRECTION('',(4.555315873023E-16,1.,0.));
#1207 = ORIENTED_EDGE('',*,*,#1208,.T.);
#1208 = EDGE_CURVE('',#1201,#1209,#1211,.T.);
#1209 = VERTEX_POINT('',#1210);
#1210 = CARTESIAN_POINT('',(0.8,-2.75,2.E-02));
#1211 = CIRCLE('',#1212,0.15);
#1212 = AXIS2_PLACEMENT_3D('',#1213,#1214,#1215);
#1213 = CARTESIAN_POINT('',(0.65,-2.75,2.E-02));
#1214 = DIRECTION('',(0.,-0.,-1.));
#1215 = DIRECTION('',(1.,-5.665538897648E-16,0.));
#1216 = ORIENTED_EDGE('',*,*,#1217,.T.);
#1217 = EDGE_CURVE('',#1209,#1218,#1220,.T.);
#1218 = VERTEX_POINT('',#1219);
#1219 = CARTESIAN_POINT('',(0.8,-2.99,2.E-02));
#1220 = LINE('',#1221,#1222);
#1221 = CARTESIAN_POINT('',(0.8,-5.000000000001E-03,2.E-02));
#1222 = VECTOR('',#1223,1.);
#1223 = DIRECTION('',(-5.665538897648E-16,-1.,0.));
#1224 = ORIENTED_EDGE('',*,*,#1225,.T.);
#1225 = EDGE_CURVE('',#1218,#1226,#1228,.T.);
#1226 = VERTEX_POINT('',#1227);
#1227 = CARTESIAN_POINT('',(1.15,-2.99,2.E-02));
#1228 = LINE('',#1229,#1230);
#1229 = CARTESIAN_POINT('',(-2.99,-2.99,2.E-02));
#1230 = VECTOR('',#1231,1.);
#1231 = DIRECTION('',(1.,-2.22044604925E-16,0.));
#1232 = ORIENTED_EDGE('',*,*,#1233,.T.);
#1233 = EDGE_CURVE('',#1226,#1234,#1236,.T.);
#1234 = VERTEX_POINT('',#1235);
#1235 = CARTESIAN_POINT('',(1.15,-2.75,2.E-02));
#1236 = LINE('',#1237,#1238);
#1237 = CARTESIAN_POINT('',(1.15,0.12,2.E-02));
#1238 = VECTOR('',#1239,1.);
#1239 = DIRECTION('',(4.555315873023E-16,1.,0.));
#1240 = ORIENTED_EDGE('',*,*,#1241,.T.);
#1241 = EDGE_CURVE('',#1234,#1242,#1244,.T.);
#1242 = VERTEX_POINT('',#1243);
#1243 = CARTESIAN_POINT('',(1.45,-2.75,2.E-02));
#1244 = CIRCLE('',#1245,0.15);
#1245 = AXIS2_PLACEMENT_3D('',#1246,#1247,#1248);
#1246 = CARTESIAN_POINT('',(1.3,-2.75,2.E-02));
#1247 = DIRECTION('',(0.,-0.,-1.));
#1248 = DIRECTION('',(1.,-5.665538897648E-16,0.));
#1249 = ORIENTED_EDGE('',*,*,#1250,.T.);
#1250 = EDGE_CURVE('',#1242,#1251,#1253,.T.);
#1251 = VERTEX_POINT('',#1252);
#1252 = CARTESIAN_POINT('',(1.45,-2.99,2.E-02));
#1253 = LINE('',#1254,#1255);
#1254 = CARTESIAN_POINT('',(1.45,-5.000000000001E-03,2.E-02));
#1255 = VECTOR('',#1256,1.);
#1256 = DIRECTION('',(-5.665538897648E-16,-1.,0.));
#1257 = ORIENTED_EDGE('',*,*,#1258,.T.);
#1258 = EDGE_CURVE('',#1251,#1259,#1261,.T.);
#1259 = VERTEX_POINT('',#1260);
#1260 = CARTESIAN_POINT('',(1.8,-2.99,2.E-02));
#1261 = LINE('',#1262,#1263);
#1262 = CARTESIAN_POINT('',(-2.99,-2.99,2.E-02));
#1263 = VECTOR('',#1264,1.);
#1264 = DIRECTION('',(1.,-2.22044604925E-16,0.));
#1265 = ORIENTED_EDGE('',*,*,#1266,.T.);
#1266 = EDGE_CURVE('',#1259,#1267,#1269,.T.);
#1267 = VERTEX_POINT('',#1268);
#1268 = CARTESIAN_POINT('',(1.8,-2.75,2.E-02));
#1269 = LINE('',#1270,#1271);
#1270 = CARTESIAN_POINT('',(1.8,0.12,2.E-02));
#1271 = VECTOR('',#1272,1.);
#1272 = DIRECTION('',(4.555315873023E-16,1.,0.));
#1273 = ORIENTED_EDGE('',*,*,#1274,.T.);
#1274 = EDGE_CURVE('',#1267,#1275,#1277,.T.);
#1275 = VERTEX_POINT('',#1276);
#1276 = CARTESIAN_POINT('',(2.1,-2.75,2.E-02));
#1277 = CIRCLE('',#1278,0.15);
#1278 = AXIS2_PLACEMENT_3D('',#1279,#1280,#1281);
#1279 = CARTESIAN_POINT('',(1.95,-2.75,2.E-02));
#1280 = DIRECTION('',(0.,-0.,-1.));
#1281 = DIRECTION('',(1.,-5.665538897648E-16,0.));
#1282 = ORIENTED_EDGE('',*,*,#1283,.T.);
#1283 = EDGE_CURVE('',#1275,#1284,#1286,.T.);
#1284 = VERTEX_POINT('',#1285);
#1285 = CARTESIAN_POINT('',(2.1,-2.99,2.E-02));
#1286 = LINE('',#1287,#1288);
#1287 = CARTESIAN_POINT('',(2.1,-5.000000000001E-03,2.E-02));
#1288 = VECTOR('',#1289,1.);
#1289 = DIRECTION('',(-5.665538897648E-16,-1.,0.));
#1290 = ORIENTED_EDGE('',*,*,#1291,.T.);
#1291 = EDGE_CURVE('',#1284,#1292,#1294,.T.);
#1292 = VERTEX_POINT('',#1293);
#1293 = CARTESIAN_POINT('',(2.99,-2.99,2.E-02));
#1294 = LINE('',#1295,#1296);
#1295 = CARTESIAN_POINT('',(-2.99,-2.99,2.E-02));
#1296 = VECTOR('',#1297,1.);
#1297 = DIRECTION('',(1.,-2.22044604925E-16,0.));
#1298 = ORIENTED_EDGE('',*,*,#1299,.F.);
#1299 = EDGE_CURVE('',#1300,#1292,#1302,.T.);
#1300 = VERTEX_POINT('',#1301);
#1301 = CARTESIAN_POINT('',(2.99,-2.1,2.E-02));
#1302 = LINE('',#1303,#1304);
#1303 = CARTESIAN_POINT('',(2.99,2.99,2.E-02));
#1304 = VECTOR('',#1305,1.);
#1305 = DIRECTION('',(-2.22044604925E-16,-1.,0.));
#1306 = ORIENTED_EDGE('',*,*,#1307,.T.);
#1307 = EDGE_CURVE('',#1300,#1308,#1310,.T.);
#1308 = VERTEX_POINT('',#1309);
#1309 = CARTESIAN_POINT('',(2.75,-2.1,2.E-02));
#1310 = LINE('',#1311,#1312);
#1311 = CARTESIAN_POINT('',(-0.12,-2.1,2.E-02));
#1312 = VECTOR('',#1313,1.);
#1313 = DIRECTION('',(-1.,2.334869823773E-16,0.));
#1314 = ORIENTED_EDGE('',*,*,#1315,.T.);
#1315 = EDGE_CURVE('',#1308,#1316,#1318,.T.);
#1316 = VERTEX_POINT('',#1317);
#1317 = CARTESIAN_POINT('',(2.75,-1.8,2.E-02));
#1318 = CIRCLE('',#1319,0.15);
#1319 = AXIS2_PLACEMENT_3D('',#1320,#1321,#1322);
#1320 = CARTESIAN_POINT('',(2.75,-1.95,2.E-02));
#1321 = DIRECTION('',(0.,0.,-1.));
#1322 = DIRECTION('',(3.445092848398E-16,1.,0.));
#1323 = ORIENTED_EDGE('',*,*,#1324,.T.);
#1324 = EDGE_CURVE('',#1316,#1325,#1327,.T.);
#1325 = VERTEX_POINT('',#1326);
#1326 = CARTESIAN_POINT('',(2.99,-1.8,2.E-02));
#1327 = LINE('',#1328,#1329);
#1328 = CARTESIAN_POINT('',(4.999999999999E-03,-1.8,2.E-02));
#1329 = VECTOR('',#1330,1.);
#1330 = DIRECTION('',(1.,-3.445092848398E-16,0.));
#1331 = ORIENTED_EDGE('',*,*,#1332,.F.);
#1332 = EDGE_CURVE('',#1333,#1325,#1335,.T.);
#1333 = VERTEX_POINT('',#1334);
#1334 = CARTESIAN_POINT('',(2.99,-1.45,2.E-02));
#1335 = LINE('',#1336,#1337);
#1336 = CARTESIAN_POINT('',(2.99,2.99,2.E-02));
#1337 = VECTOR('',#1338,1.);
#1338 = DIRECTION('',(-2.22044604925E-16,-1.,0.));
#1339 = ORIENTED_EDGE('',*,*,#1340,.T.);
#1340 = EDGE_CURVE('',#1333,#1341,#1343,.T.);
#1341 = VERTEX_POINT('',#1342);
#1342 = CARTESIAN_POINT('',(2.75,-1.45,2.E-02));
#1343 = LINE('',#1344,#1345);
#1344 = CARTESIAN_POINT('',(-0.12,-1.45,2.E-02));
#1345 = VECTOR('',#1346,1.);
#1346 = DIRECTION('',(-1.,2.334869823773E-16,0.));
#1347 = ORIENTED_EDGE('',*,*,#1348,.T.);
#1348 = EDGE_CURVE('',#1341,#1349,#1351,.T.);
#1349 = VERTEX_POINT('',#1350);
#1350 = CARTESIAN_POINT('',(2.75,-1.15,2.E-02));
#1351 = CIRCLE('',#1352,0.15);
#1352 = AXIS2_PLACEMENT_3D('',#1353,#1354,#1355);
#1353 = CARTESIAN_POINT('',(2.75,-1.3,2.E-02));
#1354 = DIRECTION('',(0.,0.,-1.));
#1355 = DIRECTION('',(3.445092848398E-16,1.,0.));
#1356 = ORIENTED_EDGE('',*,*,#1357,.T.);
#1357 = EDGE_CURVE('',#1349,#1358,#1360,.T.);
#1358 = VERTEX_POINT('',#1359);
#1359 = CARTESIAN_POINT('',(2.99,-1.15,2.E-02));
#1360 = LINE('',#1361,#1362);
#1361 = CARTESIAN_POINT('',(4.999999999999E-03,-1.15,2.E-02));
#1362 = VECTOR('',#1363,1.);
#1363 = DIRECTION('',(1.,-3.445092848398E-16,0.));
#1364 = ORIENTED_EDGE('',*,*,#1365,.F.);
#1365 = EDGE_CURVE('',#1366,#1358,#1368,.T.);
#1366 = VERTEX_POINT('',#1367);
#1367 = CARTESIAN_POINT('',(2.99,-0.8,2.E-02));
#1368 = LINE('',#1369,#1370);
#1369 = CARTESIAN_POINT('',(2.99,2.99,2.E-02));
#1370 = VECTOR('',#1371,1.);
#1371 = DIRECTION('',(-2.22044604925E-16,-1.,0.));
#1372 = ORIENTED_EDGE('',*,*,#1373,.T.);
#1373 = EDGE_CURVE('',#1366,#1374,#1376,.T.);
#1374 = VERTEX_POINT('',#1375);
#1375 = CARTESIAN_POINT('',(2.75,-0.8,2.E-02));
#1376 = LINE('',#1377,#1378);
#1377 = CARTESIAN_POINT('',(-0.12,-0.8,2.E-02));
#1378 = VECTOR('',#1379,1.);
#1379 = DIRECTION('',(-1.,2.334869823773E-16,0.));
#1380 = ORIENTED_EDGE('',*,*,#1381,.T.);
#1381 = EDGE_CURVE('',#1374,#1382,#1384,.T.);
#1382 = VERTEX_POINT('',#1383);
#1383 = CARTESIAN_POINT('',(2.75,-0.5,2.E-02));
#1384 = CIRCLE('',#1385,0.15);
#1385 = AXIS2_PLACEMENT_3D('',#1386,#1387,#1388);
#1386 = CARTESIAN_POINT('',(2.75,-0.65,2.E-02));
#1387 = DIRECTION('',(0.,0.,-1.));
#1388 = DIRECTION('',(3.445092848398E-16,1.,0.));
#1389 = ORIENTED_EDGE('',*,*,#1390,.T.);
#1390 = EDGE_CURVE('',#1382,#1391,#1393,.T.);
#1391 = VERTEX_POINT('',#1392);
#1392 = CARTESIAN_POINT('',(2.99,-0.5,2.E-02));
#1393 = LINE('',#1394,#1395);
#1394 = CARTESIAN_POINT('',(5.E-03,-0.5,2.E-02));
#1395 = VECTOR('',#1396,1.);
#1396 = DIRECTION('',(1.,-3.445092848398E-16,0.));
#1397 = ORIENTED_EDGE('',*,*,#1398,.F.);
#1398 = EDGE_CURVE('',#1399,#1391,#1401,.T.);
#1399 = VERTEX_POINT('',#1400);
#1400 = CARTESIAN_POINT('',(2.99,-0.15,2.E-02));
#1401 = LINE('',#1402,#1403);
#1402 = CARTESIAN_POINT('',(2.99,2.99,2.E-02));
#1403 = VECTOR('',#1404,1.);
#1404 = DIRECTION('',(-2.22044604925E-16,-1.,0.));
#1405 = ORIENTED_EDGE('',*,*,#1406,.T.);
#1406 = EDGE_CURVE('',#1399,#1407,#1409,.T.);
#1407 = VERTEX_POINT('',#1408);
#1408 = CARTESIAN_POINT('',(2.75,-0.15,2.E-02));
#1409 = LINE('',#1410,#1411);
#1410 = CARTESIAN_POINT('',(-0.12,-0.15,2.E-02));
#1411 = VECTOR('',#1412,1.);
#1412 = DIRECTION('',(-1.,2.334869823773E-16,0.));
#1413 = ORIENTED_EDGE('',*,*,#1414,.T.);
#1414 = EDGE_CURVE('',#1407,#1415,#1417,.T.);
#1415 = VERTEX_POINT('',#1416);
#1416 = CARTESIAN_POINT('',(2.75,0.15,2.E-02));
#1417 = CIRCLE('',#1418,0.15);
#1418 = AXIS2_PLACEMENT_3D('',#1419,#1420,#1421);
#1419 = CARTESIAN_POINT('',(2.75,-6.383782391595E-16,2.E-02));
#1420 = DIRECTION('',(0.,0.,-1.));
#1421 = DIRECTION('',(3.445092848398E-16,1.,0.));
#1422 = ORIENTED_EDGE('',*,*,#1423,.T.);
#1423 = EDGE_CURVE('',#1415,#1424,#1426,.T.);
#1424 = VERTEX_POINT('',#1425);
#1425 = CARTESIAN_POINT('',(2.99,0.15,2.E-02));
#1426 = LINE('',#1427,#1428);
#1427 = CARTESIAN_POINT('',(5.E-03,0.15,2.E-02));
#1428 = VECTOR('',#1429,1.);
#1429 = DIRECTION('',(1.,-3.445092848398E-16,0.));
#1430 = ORIENTED_EDGE('',*,*,#1431,.F.);
#1431 = EDGE_CURVE('',#1432,#1424,#1434,.T.);
#1432 = VERTEX_POINT('',#1433);
#1433 = CARTESIAN_POINT('',(2.99,0.5,2.E-02));
#1434 = LINE('',#1435,#1436);
#1435 = CARTESIAN_POINT('',(2.99,2.99,2.E-02));
#1436 = VECTOR('',#1437,1.);
#1437 = DIRECTION('',(-2.22044604925E-16,-1.,0.));
#1438 = ORIENTED_EDGE('',*,*,#1439,.T.);
#1439 = EDGE_CURVE('',#1432,#1440,#1442,.T.);
#1440 = VERTEX_POINT('',#1441);
#1441 = CARTESIAN_POINT('',(2.75,0.5,2.E-02));
#1442 = LINE('',#1443,#1444);
#1443 = CARTESIAN_POINT('',(-0.12,0.5,2.E-02));
#1444 = VECTOR('',#1445,1.);
#1445 = DIRECTION('',(-1.,2.334869823773E-16,0.));
#1446 = ORIENTED_EDGE('',*,*,#1447,.T.);
#1447 = EDGE_CURVE('',#1440,#1448,#1450,.T.);
#1448 = VERTEX_POINT('',#1449);
#1449 = CARTESIAN_POINT('',(2.75,0.8,2.E-02));
#1450 = CIRCLE('',#1451,0.15);
#1451 = AXIS2_PLACEMENT_3D('',#1452,#1453,#1454);
#1452 = CARTESIAN_POINT('',(2.75,0.65,2.E-02));
#1453 = DIRECTION('',(0.,0.,-1.));
#1454 = DIRECTION('',(3.445092848398E-16,1.,0.));
#1455 = ORIENTED_EDGE('',*,*,#1456,.T.);
#1456 = EDGE_CURVE('',#1448,#1457,#1459,.T.);
#1457 = VERTEX_POINT('',#1458);
#1458 = CARTESIAN_POINT('',(2.99,0.8,2.E-02));
#1459 = LINE('',#1460,#1461);
#1460 = CARTESIAN_POINT('',(5.E-03,0.8,2.E-02));
#1461 = VECTOR('',#1462,1.);
#1462 = DIRECTION('',(1.,-3.445092848398E-16,0.));
#1463 = ORIENTED_EDGE('',*,*,#1464,.F.);
#1464 = EDGE_CURVE('',#1465,#1457,#1467,.T.);
#1465 = VERTEX_POINT('',#1466);
#1466 = CARTESIAN_POINT('',(2.99,1.15,2.E-02));
#1467 = LINE('',#1468,#1469);
#1468 = CARTESIAN_POINT('',(2.99,2.99,2.E-02));
#1469 = VECTOR('',#1470,1.);
#1470 = DIRECTION('',(-2.22044604925E-16,-1.,0.));
#1471 = ORIENTED_EDGE('',*,*,#1472,.T.);
#1472 = EDGE_CURVE('',#1465,#1473,#1475,.T.);
#1473 = VERTEX_POINT('',#1474);
#1474 = CARTESIAN_POINT('',(2.75,1.15,2.E-02));
#1475 = LINE('',#1476,#1477);
#1476 = CARTESIAN_POINT('',(-0.12,1.15,2.E-02));
#1477 = VECTOR('',#1478,1.);
#1478 = DIRECTION('',(-1.,2.334869823773E-16,0.));
#1479 = ORIENTED_EDGE('',*,*,#1480,.T.);
#1480 = EDGE_CURVE('',#1473,#1481,#1483,.T.);
#1481 = VERTEX_POINT('',#1482);
#1482 = CARTESIAN_POINT('',(2.75,1.45,2.E-02));
#1483 = CIRCLE('',#1484,0.15);
#1484 = AXIS2_PLACEMENT_3D('',#1485,#1486,#1487);
#1485 = CARTESIAN_POINT('',(2.75,1.3,2.E-02));
#1486 = DIRECTION('',(0.,0.,-1.));
#1487 = DIRECTION('',(3.445092848398E-16,1.,0.));
#1488 = ORIENTED_EDGE('',*,*,#1489,.T.);
#1489 = EDGE_CURVE('',#1481,#1490,#1492,.T.);
#1490 = VERTEX_POINT('',#1491);
#1491 = CARTESIAN_POINT('',(2.99,1.45,2.E-02));
#1492 = LINE('',#1493,#1494);
#1493 = CARTESIAN_POINT('',(5.E-03,1.45,2.E-02));
#1494 = VECTOR('',#1495,1.);
#1495 = DIRECTION('',(1.,-3.445092848398E-16,0.));
#1496 = ORIENTED_EDGE('',*,*,#1497,.F.);
#1497 = EDGE_CURVE('',#1498,#1490,#1500,.T.);
#1498 = VERTEX_POINT('',#1499);
#1499 = CARTESIAN_POINT('',(2.99,1.8,2.E-02));
#1500 = LINE('',#1501,#1502);
#1501 = CARTESIAN_POINT('',(2.99,2.99,2.E-02));
#1502 = VECTOR('',#1503,1.);
#1503 = DIRECTION('',(-2.22044604925E-16,-1.,0.));
#1504 = ORIENTED_EDGE('',*,*,#1505,.T.);
#1505 = EDGE_CURVE('',#1498,#1506,#1508,.T.);
#1506 = VERTEX_POINT('',#1507);
#1507 = CARTESIAN_POINT('',(2.75,1.8,2.E-02));
#1508 = LINE('',#1509,#1510);
#1509 = CARTESIAN_POINT('',(-0.12,1.8,2.E-02));
#1510 = VECTOR('',#1511,1.);
#1511 = DIRECTION('',(-1.,2.334869823773E-16,0.));
#1512 = ORIENTED_EDGE('',*,*,#1513,.T.);
#1513 = EDGE_CURVE('',#1506,#1514,#1516,.T.);
#1514 = VERTEX_POINT('',#1515);
#1515 = CARTESIAN_POINT('',(2.75,2.1,2.E-02));
#1516 = CIRCLE('',#1517,0.15);
#1517 = AXIS2_PLACEMENT_3D('',#1518,#1519,#1520);
#1518 = CARTESIAN_POINT('',(2.75,1.95,2.E-02));
#1519 = DIRECTION('',(0.,0.,-1.));
#1520 = DIRECTION('',(3.445092848398E-16,1.,0.));
#1521 = ORIENTED_EDGE('',*,*,#1522,.T.);
#1522 = EDGE_CURVE('',#1514,#1523,#1525,.T.);
#1523 = VERTEX_POINT('',#1524);
#1524 = CARTESIAN_POINT('',(2.99,2.1,2.E-02));
#1525 = LINE('',#1526,#1527);
#1526 = CARTESIAN_POINT('',(5.E-03,2.1,2.E-02));
#1527 = VECTOR('',#1528,1.);
#1528 = DIRECTION('',(1.,-3.445092848398E-16,0.));
#1529 = ORIENTED_EDGE('',*,*,#1530,.F.);
#1530 = EDGE_CURVE('',#1531,#1523,#1533,.T.);
#1531 = VERTEX_POINT('',#1532);
#1532 = CARTESIAN_POINT('',(2.99,2.99,2.E-02));
#1533 = LINE('',#1534,#1535);
#1534 = CARTESIAN_POINT('',(2.99,2.99,2.E-02));
#1535 = VECTOR('',#1536,1.);
#1536 = DIRECTION('',(-2.22044604925E-16,-1.,0.));
#1537 = ORIENTED_EDGE('',*,*,#1538,.F.);
#1538 = EDGE_CURVE('',#1539,#1531,#1541,.T.);
#1539 = VERTEX_POINT('',#1540);
#1540 = CARTESIAN_POINT('',(2.1,2.99,2.E-02));
#1541 = LINE('',#1542,#1543);
#1542 = CARTESIAN_POINT('',(-2.99,2.99,2.E-02));
#1543 = VECTOR('',#1544,1.);
#1544 = DIRECTION('',(1.,-2.22044604925E-16,0.));
#1545 = ORIENTED_EDGE('',*,*,#1546,.T.);
#1546 = EDGE_CURVE('',#1539,#1547,#1549,.T.);
#1547 = VERTEX_POINT('',#1548);
#1548 = CARTESIAN_POINT('',(2.1,2.75,2.E-02));
#1549 = LINE('',#1550,#1551);
#1550 = CARTESIAN_POINT('',(2.1,2.87,2.E-02));
#1551 = VECTOR('',#1552,1.);
#1552 = DIRECTION('',(-3.445092848398E-16,-1.,0.));
#1553 = ORIENTED_EDGE('',*,*,#1554,.T.);
#1554 = EDGE_CURVE('',#1547,#1555,#1557,.T.);
#1555 = VERTEX_POINT('',#1556);
#1556 = CARTESIAN_POINT('',(1.8,2.75,2.E-02));
#1557 = CIRCLE('',#1558,0.15);
#1558 = AXIS2_PLACEMENT_3D('',#1559,#1560,#1561);
#1559 = CARTESIAN_POINT('',(1.95,2.75,2.E-02));
#1560 = DIRECTION('',(0.,0.,-1.));
#1561 = DIRECTION('',(-1.,4.555315873023E-16,0.));
#1562 = ORIENTED_EDGE('',*,*,#1563,.T.);
#1563 = EDGE_CURVE('',#1555,#1564,#1566,.T.);
#1564 = VERTEX_POINT('',#1565);
#1565 = CARTESIAN_POINT('',(1.8,2.99,2.E-02));
#1566 = LINE('',#1567,#1568);
#1567 = CARTESIAN_POINT('',(1.8,2.995,2.E-02));
#1568 = VECTOR('',#1569,1.);
#1569 = DIRECTION('',(4.555315873023E-16,1.,0.));
#1570 = ORIENTED_EDGE('',*,*,#1571,.F.);
#1571 = EDGE_CURVE('',#1572,#1564,#1574,.T.);
#1572 = VERTEX_POINT('',#1573);
#1573 = CARTESIAN_POINT('',(1.45,2.99,2.E-02));
#1574 = LINE('',#1575,#1576);
#1575 = CARTESIAN_POINT('',(-2.99,2.99,2.E-02));
#1576 = VECTOR('',#1577,1.);
#1577 = DIRECTION('',(1.,-2.22044604925E-16,0.));
#1578 = ORIENTED_EDGE('',*,*,#1579,.T.);
#1579 = EDGE_CURVE('',#1572,#1580,#1582,.T.);
#1580 = VERTEX_POINT('',#1581);
#1581 = CARTESIAN_POINT('',(1.45,2.75,2.E-02));
#1582 = LINE('',#1583,#1584);
#1583 = CARTESIAN_POINT('',(1.45,2.87,2.E-02));
#1584 = VECTOR('',#1585,1.);
#1585 = DIRECTION('',(-3.445092848398E-16,-1.,0.));
#1586 = ORIENTED_EDGE('',*,*,#1587,.T.);
#1587 = EDGE_CURVE('',#1580,#1588,#1590,.T.);
#1588 = VERTEX_POINT('',#1589);
#1589 = CARTESIAN_POINT('',(1.15,2.75,2.E-02));
#1590 = CIRCLE('',#1591,0.15);
#1591 = AXIS2_PLACEMENT_3D('',#1592,#1593,#1594);
#1592 = CARTESIAN_POINT('',(1.3,2.75,2.E-02));
#1593 = DIRECTION('',(0.,0.,-1.));
#1594 = DIRECTION('',(-1.,4.555315873023E-16,0.));
#1595 = ORIENTED_EDGE('',*,*,#1596,.T.);
#1596 = EDGE_CURVE('',#1588,#1597,#1599,.T.);
#1597 = VERTEX_POINT('',#1598);
#1598 = CARTESIAN_POINT('',(1.15,2.99,2.E-02));
#1599 = LINE('',#1600,#1601);
#1600 = CARTESIAN_POINT('',(1.15,2.995,2.E-02));
#1601 = VECTOR('',#1602,1.);
#1602 = DIRECTION('',(4.555315873023E-16,1.,0.));
#1603 = ORIENTED_EDGE('',*,*,#1604,.F.);
#1604 = EDGE_CURVE('',#1605,#1597,#1607,.T.);
#1605 = VERTEX_POINT('',#1606);
#1606 = CARTESIAN_POINT('',(0.8,2.99,2.E-02));
#1607 = LINE('',#1608,#1609);
#1608 = CARTESIAN_POINT('',(-2.99,2.99,2.E-02));
#1609 = VECTOR('',#1610,1.);
#1610 = DIRECTION('',(1.,-2.22044604925E-16,0.));
#1611 = ORIENTED_EDGE('',*,*,#1612,.T.);
#1612 = EDGE_CURVE('',#1605,#1613,#1615,.T.);
#1613 = VERTEX_POINT('',#1614);
#1614 = CARTESIAN_POINT('',(0.8,2.75,2.E-02));
#1615 = LINE('',#1616,#1617);
#1616 = CARTESIAN_POINT('',(0.8,2.87,2.E-02));
#1617 = VECTOR('',#1618,1.);
#1618 = DIRECTION('',(-3.445092848398E-16,-1.,0.));
#1619 = ORIENTED_EDGE('',*,*,#1620,.T.);
#1620 = EDGE_CURVE('',#1613,#1621,#1623,.T.);
#1621 = VERTEX_POINT('',#1622);
#1622 = CARTESIAN_POINT('',(0.5,2.75,2.E-02));
#1623 = CIRCLE('',#1624,0.15);
#1624 = AXIS2_PLACEMENT_3D('',#1625,#1626,#1627);
#1625 = CARTESIAN_POINT('',(0.65,2.75,2.E-02));
#1626 = DIRECTION('',(0.,0.,-1.));
#1627 = DIRECTION('',(-1.,4.555315873023E-16,0.));
#1628 = ORIENTED_EDGE('',*,*,#1629,.T.);
#1629 = EDGE_CURVE('',#1621,#1630,#1632,.T.);
#1630 = VERTEX_POINT('',#1631);
#1631 = CARTESIAN_POINT('',(0.5,2.99,2.E-02));
#1632 = LINE('',#1633,#1634);
#1633 = CARTESIAN_POINT('',(0.5,2.995,2.E-02));
#1634 = VECTOR('',#1635,1.);
#1635 = DIRECTION('',(4.555315873023E-16,1.,0.));
#1636 = ORIENTED_EDGE('',*,*,#1637,.F.);
#1637 = EDGE_CURVE('',#1638,#1630,#1640,.T.);
#1638 = VERTEX_POINT('',#1639);
#1639 = CARTESIAN_POINT('',(0.15,2.99,2.E-02));
#1640 = LINE('',#1641,#1642);
#1641 = CARTESIAN_POINT('',(-2.99,2.99,2.E-02));
#1642 = VECTOR('',#1643,1.);
#1643 = DIRECTION('',(1.,-2.22044604925E-16,0.));
#1644 = ORIENTED_EDGE('',*,*,#1645,.T.);
#1645 = EDGE_CURVE('',#1638,#1646,#1648,.T.);
#1646 = VERTEX_POINT('',#1647);
#1647 = CARTESIAN_POINT('',(0.15,2.75,2.E-02));
#1648 = LINE('',#1649,#1650);
#1649 = CARTESIAN_POINT('',(0.15,2.87,2.E-02));
#1650 = VECTOR('',#1651,1.);
#1651 = DIRECTION('',(-3.445092848398E-16,-1.,0.));
#1652 = ORIENTED_EDGE('',*,*,#1653,.T.);
#1653 = EDGE_CURVE('',#1646,#1654,#1656,.T.);
#1654 = VERTEX_POINT('',#1655);
#1655 = CARTESIAN_POINT('',(-0.15,2.75,2.E-02));
#1656 = CIRCLE('',#1657,0.15);
#1657 = AXIS2_PLACEMENT_3D('',#1658,#1659,#1660);
#1658 = CARTESIAN_POINT('',(9.436895709314E-16,2.75,2.E-02));
#1659 = DIRECTION('',(0.,0.,-1.));
#1660 = DIRECTION('',(-1.,4.555315873023E-16,0.));
#1661 = ORIENTED_EDGE('',*,*,#1662,.T.);
#1662 = EDGE_CURVE('',#1654,#1663,#1665,.T.);
#1663 = VERTEX_POINT('',#1664);
#1664 = CARTESIAN_POINT('',(-0.15,2.99,2.E-02));
#1665 = LINE('',#1666,#1667);
#1666 = CARTESIAN_POINT('',(-0.15,2.995,2.E-02));
#1667 = VECTOR('',#1668,1.);
#1668 = DIRECTION('',(4.555315873023E-16,1.,0.));
#1669 = ORIENTED_EDGE('',*,*,#1670,.F.);
#1670 = EDGE_CURVE('',#757,#1663,#1671,.T.);
#1671 = LINE('',#1672,#1673);
#1672 = CARTESIAN_POINT('',(-2.99,2.99,2.E-02));
#1673 = VECTOR('',#1674,1.);
#1674 = DIRECTION('',(1.,-2.22044604925E-16,0.));
#1675 = ORIENTED_EDGE('',*,*,#756,.T.);
#1676 = ORIENTED_EDGE('',*,*,#737,.T.);
#1677 = ORIENTED_EDGE('',*,*,#707,.T.);
#1678 = ORIENTED_EDGE('',*,*,#1679,.F.);
#1679 = EDGE_CURVE('',#1680,#700,#1682,.T.);
#1680 = VERTEX_POINT('',#1681);
#1681 = CARTESIAN_POINT('',(-1.15,2.99,2.E-02));
#1682 = LINE('',#1683,#1684);
#1683 = CARTESIAN_POINT('',(-2.99,2.99,2.E-02));
#1684 = VECTOR('',#1685,1.);
#1685 = DIRECTION('',(1.,-2.22044604925E-16,0.));
#1686 = ORIENTED_EDGE('',*,*,#1687,.T.);
#1687 = EDGE_CURVE('',#1680,#1688,#1690,.T.);
#1688 = VERTEX_POINT('',#1689);
#1689 = CARTESIAN_POINT('',(-1.15,2.75,2.E-02));
#1690 = LINE('',#1691,#1692);
#1691 = CARTESIAN_POINT('',(-1.15,2.87,2.E-02));
#1692 = VECTOR('',#1693,1.);
#1693 = DIRECTION('',(-3.445092848398E-16,-1.,0.));
#1694 = ORIENTED_EDGE('',*,*,#1695,.T.);
#1695 = EDGE_CURVE('',#1688,#1696,#1698,.T.);
#1696 = VERTEX_POINT('',#1697);
#1697 = CARTESIAN_POINT('',(-1.45,2.75,2.E-02));
#1698 = CIRCLE('',#1699,0.15);
#1699 = AXIS2_PLACEMENT_3D('',#1700,#1701,#1702);
#1700 = CARTESIAN_POINT('',(-1.3,2.75,2.E-02));
#1701 = DIRECTION('',(0.,0.,-1.));
#1702 = DIRECTION('',(-1.,4.555315873023E-16,0.));
#1703 = ORIENTED_EDGE('',*,*,#1704,.T.);
#1704 = EDGE_CURVE('',#1696,#1705,#1707,.T.);
#1705 = VERTEX_POINT('',#1706);
#1706 = CARTESIAN_POINT('',(-1.45,2.99,2.E-02));
#1707 = LINE('',#1708,#1709);
#1708 = CARTESIAN_POINT('',(-1.45,2.995,2.E-02));
#1709 = VECTOR('',#1710,1.);
#1710 = DIRECTION('',(4.555315873023E-16,1.,0.));
#1711 = ORIENTED_EDGE('',*,*,#1712,.F.);
#1712 = EDGE_CURVE('',#1713,#1705,#1715,.T.);
#1713 = VERTEX_POINT('',#1714);
#1714 = CARTESIAN_POINT('',(-1.8,2.99,2.E-02));
#1715 = LINE('',#1716,#1717);
#1716 = CARTESIAN_POINT('',(-2.99,2.99,2.E-02));
#1717 = VECTOR('',#1718,1.);
#1718 = DIRECTION('',(1.,-2.22044604925E-16,0.));
#1719 = ORIENTED_EDGE('',*,*,#1720,.T.);
#1720 = EDGE_CURVE('',#1713,#1721,#1723,.T.);
#1721 = VERTEX_POINT('',#1722);
#1722 = CARTESIAN_POINT('',(-1.8,2.75,2.E-02));
#1723 = LINE('',#1724,#1725);
#1724 = CARTESIAN_POINT('',(-1.8,2.87,2.E-02));
#1725 = VECTOR('',#1726,1.);
#1726 = DIRECTION('',(-3.445092848398E-16,-1.,0.));
#1727 = ORIENTED_EDGE('',*,*,#1728,.T.);
#1728 = EDGE_CURVE('',#1721,#1729,#1731,.T.);
#1729 = VERTEX_POINT('',#1730);
#1730 = CARTESIAN_POINT('',(-2.1,2.75,2.E-02));
#1731 = CIRCLE('',#1732,0.15);
#1732 = AXIS2_PLACEMENT_3D('',#1733,#1734,#1735);
#1733 = CARTESIAN_POINT('',(-1.95,2.75,2.E-02));
#1734 = DIRECTION('',(0.,0.,-1.));
#1735 = DIRECTION('',(-1.,4.555315873023E-16,0.));
#1736 = ORIENTED_EDGE('',*,*,#1737,.T.);
#1737 = EDGE_CURVE('',#1729,#814,#1738,.T.);
#1738 = LINE('',#1739,#1740);
#1739 = CARTESIAN_POINT('',(-2.1,2.995,2.E-02));
#1740 = VECTOR('',#1741,1.);
#1741 = DIRECTION('',(4.555315873023E-16,1.,0.));
#1742 = FACE_BOUND('',#1743,.F.);
#1743 = EDGE_LOOP('',(#1744,#1754,#1762,#1770,#1778));
#1744 = ORIENTED_EDGE('',*,*,#1745,.F.);
#1745 = EDGE_CURVE('',#1746,#1748,#1750,.T.);
#1746 = VERTEX_POINT('',#1747);
#1747 = CARTESIAN_POINT('',(-2.275,2.075,2.E-02));
#1748 = VERTEX_POINT('',#1749);
#1749 = CARTESIAN_POINT('',(-2.275,-2.275,2.E-02));
#1750 = LINE('',#1751,#1752);
#1751 = CARTESIAN_POINT('',(-2.275,2.075,2.E-02));
#1752 = VECTOR('',#1753,1.);
#1753 = DIRECTION('',(-2.22044604925E-16,-1.,0.));
#1754 = ORIENTED_EDGE('',*,*,#1755,.F.);
#1755 = EDGE_CURVE('',#1756,#1746,#1758,.T.);
#1756 = VERTEX_POINT('',#1757);
#1757 = CARTESIAN_POINT('',(-2.075,2.275,2.E-02));
#1758 = LINE('',#1759,#1760);
#1759 = CARTESIAN_POINT('',(-2.075,2.275,2.E-02));
#1760 = VECTOR('',#1761,1.);
#1761 = DIRECTION('',(-0.707106781187,-0.707106781187,0.));
#1762 = ORIENTED_EDGE('',*,*,#1763,.F.);
#1763 = EDGE_CURVE('',#1764,#1756,#1766,.T.);
#1764 = VERTEX_POINT('',#1765);
#1765 = CARTESIAN_POINT('',(2.275,2.275,2.E-02));
#1766 = LINE('',#1767,#1768);
#1767 = CARTESIAN_POINT('',(2.275,2.275,2.E-02));
#1768 = VECTOR('',#1769,1.);
#1769 = DIRECTION('',(-1.,2.22044604925E-16,0.));
#1770 = ORIENTED_EDGE('',*,*,#1771,.F.);
#1771 = EDGE_CURVE('',#1772,#1764,#1774,.T.);
#1772 = VERTEX_POINT('',#1773);
#1773 = CARTESIAN_POINT('',(2.275,-2.275,2.E-02));
#1774 = LINE('',#1775,#1776);
#1775 = CARTESIAN_POINT('',(2.275,-2.275,2.E-02));
#1776 = VECTOR('',#1777,1.);
#1777 = DIRECTION('',(2.22044604925E-16,1.,0.));
#1778 = ORIENTED_EDGE('',*,*,#1779,.F.);
#1779 = EDGE_CURVE('',#1748,#1772,#1780,.T.);
#1780 = LINE('',#1781,#1782);
#1781 = CARTESIAN_POINT('',(-2.275,-2.275,2.E-02));
#1782 = VECTOR('',#1783,1.);
#1783 = DIRECTION('',(1.,-2.22044604925E-16,0.));
#1784 = PLANE('',#1785);
#1785 = AXIS2_PLACEMENT_3D('',#1786,#1787,#1788);
#1786 = CARTESIAN_POINT('',(-2.99,2.99,2.E-02));
#1787 = DIRECTION('',(0.,0.,1.));
#1788 = DIRECTION('',(-2.22044604925E-16,-1.,0.));
#1789 = ADVANCED_FACE('',(#1790),#1962,.F.);
#1790 = FACE_BOUND('',#1791,.F.);
#1791 = EDGE_LOOP('',(#1792,#1802,#1808,#1809,#1817,#1825,#1831,#1832,
    #1840,#1848,#1854,#1855,#1856,#1862,#1863,#1864,#1872,#1880,#1886,
    #1887,#1895,#1903,#1909,#1910,#1918,#1926,#1932,#1933,#1941,#1949,
    #1955,#1956));
#1792 = ORIENTED_EDGE('',*,*,#1793,.F.);
#1793 = EDGE_CURVE('',#1794,#1796,#1798,.T.);
#1794 = VERTEX_POINT('',#1795);
#1795 = CARTESIAN_POINT('',(-2.99,2.99,0.92));
#1796 = VERTEX_POINT('',#1797);
#1797 = CARTESIAN_POINT('',(2.99,2.99,0.92));
#1798 = LINE('',#1799,#1800);
#1799 = CARTESIAN_POINT('',(-2.99,2.99,0.92));
#1800 = VECTOR('',#1801,1.);
#1801 = DIRECTION('',(1.,-2.22044604925E-16,0.));
#1802 = ORIENTED_EDGE('',*,*,#1803,.F.);
#1803 = EDGE_CURVE('',#812,#1794,#1804,.T.);
#1804 = LINE('',#1805,#1806);
#1805 = CARTESIAN_POINT('',(-2.99,2.99,2.E-02));
#1806 = VECTOR('',#1807,1.);
#1807 = DIRECTION('',(0.,0.,1.));
#1808 = ORIENTED_EDGE('',*,*,#811,.T.);
#1809 = ORIENTED_EDGE('',*,*,#1810,.T.);
#1810 = EDGE_CURVE('',#814,#1811,#1813,.T.);
#1811 = VERTEX_POINT('',#1812);
#1812 = CARTESIAN_POINT('',(-2.1,2.99,0.2));
#1813 = LINE('',#1814,#1815);
#1814 = CARTESIAN_POINT('',(-2.1,2.99,1.E-02));
#1815 = VECTOR('',#1816,1.);
#1816 = DIRECTION('',(0.,0.,1.));
#1817 = ORIENTED_EDGE('',*,*,#1818,.T.);
#1818 = EDGE_CURVE('',#1811,#1819,#1821,.T.);
#1819 = VERTEX_POINT('',#1820);
#1820 = CARTESIAN_POINT('',(-1.8,2.99,0.2));
#1821 = LINE('',#1822,#1823);
#1822 = CARTESIAN_POINT('',(-2.545,2.99,0.2));
#1823 = VECTOR('',#1824,1.);
#1824 = DIRECTION('',(1.,-2.22044604925E-16,0.));
#1825 = ORIENTED_EDGE('',*,*,#1826,.T.);
#1826 = EDGE_CURVE('',#1819,#1713,#1827,.T.);
#1827 = LINE('',#1828,#1829);
#1828 = CARTESIAN_POINT('',(-1.8,2.99,1.E-02));
#1829 = VECTOR('',#1830,1.);
#1830 = DIRECTION('',(-0.,0.,-1.));
#1831 = ORIENTED_EDGE('',*,*,#1712,.T.);
#1832 = ORIENTED_EDGE('',*,*,#1833,.T.);
#1833 = EDGE_CURVE('',#1705,#1834,#1836,.T.);
#1834 = VERTEX_POINT('',#1835);
#1835 = CARTESIAN_POINT('',(-1.45,2.99,0.2));
#1836 = LINE('',#1837,#1838);
#1837 = CARTESIAN_POINT('',(-1.45,2.99,1.E-02));
#1838 = VECTOR('',#1839,1.);
#1839 = DIRECTION('',(0.,0.,1.));
#1840 = ORIENTED_EDGE('',*,*,#1841,.T.);
#1841 = EDGE_CURVE('',#1834,#1842,#1844,.T.);
#1842 = VERTEX_POINT('',#1843);
#1843 = CARTESIAN_POINT('',(-1.15,2.99,0.2));
#1844 = LINE('',#1845,#1846);
#1845 = CARTESIAN_POINT('',(-2.22,2.99,0.2));
#1846 = VECTOR('',#1847,1.);
#1847 = DIRECTION('',(1.,-2.22044604925E-16,0.));
#1848 = ORIENTED_EDGE('',*,*,#1849,.T.);
#1849 = EDGE_CURVE('',#1842,#1680,#1850,.T.);
#1850 = LINE('',#1851,#1852);
#1851 = CARTESIAN_POINT('',(-1.15,2.99,1.E-02));
#1852 = VECTOR('',#1853,1.);
#1853 = DIRECTION('',(-0.,0.,-1.));
#1854 = ORIENTED_EDGE('',*,*,#1679,.T.);
#1855 = ORIENTED_EDGE('',*,*,#699,.T.);
#1856 = ORIENTED_EDGE('',*,*,#1857,.T.);
#1857 = EDGE_CURVE('',#692,#765,#1858,.T.);
#1858 = LINE('',#1859,#1860);
#1859 = CARTESIAN_POINT('',(-1.895,2.99,0.2));
#1860 = VECTOR('',#1861,1.);
#1861 = DIRECTION('',(1.,-2.22044604925E-16,0.));
#1862 = ORIENTED_EDGE('',*,*,#764,.T.);
#1863 = ORIENTED_EDGE('',*,*,#1670,.T.);
#1864 = ORIENTED_EDGE('',*,*,#1865,.T.);
#1865 = EDGE_CURVE('',#1663,#1866,#1868,.T.);
#1866 = VERTEX_POINT('',#1867);
#1867 = CARTESIAN_POINT('',(-0.15,2.99,0.2));
#1868 = LINE('',#1869,#1870);
#1869 = CARTESIAN_POINT('',(-0.15,2.99,1.E-02));
#1870 = VECTOR('',#1871,1.);
#1871 = DIRECTION('',(0.,0.,1.));
#1872 = ORIENTED_EDGE('',*,*,#1873,.T.);
#1873 = EDGE_CURVE('',#1866,#1874,#1876,.T.);
#1874 = VERTEX_POINT('',#1875);
#1875 = CARTESIAN_POINT('',(0.15,2.99,0.2));
#1876 = LINE('',#1877,#1878);
#1877 = CARTESIAN_POINT('',(-1.57,2.99,0.2));
#1878 = VECTOR('',#1879,1.);
#1879 = DIRECTION('',(1.,-2.22044604925E-16,0.));
#1880 = ORIENTED_EDGE('',*,*,#1881,.T.);
#1881 = EDGE_CURVE('',#1874,#1638,#1882,.T.);
#1882 = LINE('',#1883,#1884);
#1883 = CARTESIAN_POINT('',(0.15,2.99,1.E-02));
#1884 = VECTOR('',#1885,1.);
#1885 = DIRECTION('',(-0.,0.,-1.));
#1886 = ORIENTED_EDGE('',*,*,#1637,.T.);
#1887 = ORIENTED_EDGE('',*,*,#1888,.T.);
#1888 = EDGE_CURVE('',#1630,#1889,#1891,.T.);
#1889 = VERTEX_POINT('',#1890);
#1890 = CARTESIAN_POINT('',(0.5,2.99,0.2));
#1891 = LINE('',#1892,#1893);
#1892 = CARTESIAN_POINT('',(0.5,2.99,1.E-02));
#1893 = VECTOR('',#1894,1.);
#1894 = DIRECTION('',(0.,0.,1.));
#1895 = ORIENTED_EDGE('',*,*,#1896,.T.);
#1896 = EDGE_CURVE('',#1889,#1897,#1899,.T.);
#1897 = VERTEX_POINT('',#1898);
#1898 = CARTESIAN_POINT('',(0.8,2.99,0.2));
#1899 = LINE('',#1900,#1901);
#1900 = CARTESIAN_POINT('',(-1.245,2.99,0.2));
#1901 = VECTOR('',#1902,1.);
#1902 = DIRECTION('',(1.,-2.22044604925E-16,0.));
#1903 = ORIENTED_EDGE('',*,*,#1904,.T.);
#1904 = EDGE_CURVE('',#1897,#1605,#1905,.T.);
#1905 = LINE('',#1906,#1907);
#1906 = CARTESIAN_POINT('',(0.8,2.99,1.E-02));
#1907 = VECTOR('',#1908,1.);
#1908 = DIRECTION('',(-0.,0.,-1.));
#1909 = ORIENTED_EDGE('',*,*,#1604,.T.);
#1910 = ORIENTED_EDGE('',*,*,#1911,.T.);
#1911 = EDGE_CURVE('',#1597,#1912,#1914,.T.);
#1912 = VERTEX_POINT('',#1913);
#1913 = CARTESIAN_POINT('',(1.15,2.99,0.2));
#1914 = LINE('',#1915,#1916);
#1915 = CARTESIAN_POINT('',(1.15,2.99,1.E-02));
#1916 = VECTOR('',#1917,1.);
#1917 = DIRECTION('',(0.,0.,1.));
#1918 = ORIENTED_EDGE('',*,*,#1919,.T.);
#1919 = EDGE_CURVE('',#1912,#1920,#1922,.T.);
#1920 = VERTEX_POINT('',#1921);
#1921 = CARTESIAN_POINT('',(1.45,2.99,0.2));
#1922 = LINE('',#1923,#1924);
#1923 = CARTESIAN_POINT('',(-0.92,2.99,0.2));
#1924 = VECTOR('',#1925,1.);
#1925 = DIRECTION('',(1.,-2.22044604925E-16,0.));
#1926 = ORIENTED_EDGE('',*,*,#1927,.T.);
#1927 = EDGE_CURVE('',#1920,#1572,#1928,.T.);
#1928 = LINE('',#1929,#1930);
#1929 = CARTESIAN_POINT('',(1.45,2.99,1.E-02));
#1930 = VECTOR('',#1931,1.);
#1931 = DIRECTION('',(-0.,0.,-1.));
#1932 = ORIENTED_EDGE('',*,*,#1571,.T.);
#1933 = ORIENTED_EDGE('',*,*,#1934,.T.);
#1934 = EDGE_CURVE('',#1564,#1935,#1937,.T.);
#1935 = VERTEX_POINT('',#1936);
#1936 = CARTESIAN_POINT('',(1.8,2.99,0.2));
#1937 = LINE('',#1938,#1939);
#1938 = CARTESIAN_POINT('',(1.8,2.99,1.E-02));
#1939 = VECTOR('',#1940,1.);
#1940 = DIRECTION('',(0.,0.,1.));
#1941 = ORIENTED_EDGE('',*,*,#1942,.T.);
#1942 = EDGE_CURVE('',#1935,#1943,#1945,.T.);
#1943 = VERTEX_POINT('',#1944);
#1944 = CARTESIAN_POINT('',(2.1,2.99,0.2));
#1945 = LINE('',#1946,#1947);
#1946 = CARTESIAN_POINT('',(-0.595,2.99,0.2));
#1947 = VECTOR('',#1948,1.);
#1948 = DIRECTION('',(1.,-2.22044604925E-16,0.));
#1949 = ORIENTED_EDGE('',*,*,#1950,.T.);
#1950 = EDGE_CURVE('',#1943,#1539,#1951,.T.);
#1951 = LINE('',#1952,#1953);
#1952 = CARTESIAN_POINT('',(2.1,2.99,1.E-02));
#1953 = VECTOR('',#1954,1.);
#1954 = DIRECTION('',(-0.,0.,-1.));
#1955 = ORIENTED_EDGE('',*,*,#1538,.T.);
#1956 = ORIENTED_EDGE('',*,*,#1957,.T.);
#1957 = EDGE_CURVE('',#1531,#1796,#1958,.T.);
#1958 = LINE('',#1959,#1960);
#1959 = CARTESIAN_POINT('',(2.99,2.99,2.E-02));
#1960 = VECTOR('',#1961,1.);
#1961 = DIRECTION('',(0.,0.,1.));
#1962 = PLANE('',#1963);
#1963 = AXIS2_PLACEMENT_3D('',#1964,#1965,#1966);
#1964 = CARTESIAN_POINT('',(-2.99,2.99,2.E-02));
#1965 = DIRECTION('',(-2.22044604925E-16,-1.,0.));
#1966 = DIRECTION('',(0.,0.,1.));
#1967 = ADVANCED_FACE('',(#1968),#1974,.F.);
#1968 = FACE_BOUND('',#1969,.F.);
#1969 = EDGE_LOOP('',(#1970,#1971,#1972,#1973));
#1970 = ORIENTED_EDGE('',*,*,#691,.F.);
#1971 = ORIENTED_EDGE('',*,*,#795,.F.);
#1972 = ORIENTED_EDGE('',*,*,#772,.F.);
#1973 = ORIENTED_EDGE('',*,*,#1857,.F.);
#1974 = PLANE('',#1975);
#1975 = AXIS2_PLACEMENT_3D('',#1976,#1977,#1978);
#1976 = CARTESIAN_POINT('',(-0.8,3.,0.2));
#1977 = DIRECTION('',(-0.,0.,-1.));
#1978 = DIRECTION('',(1.,-4.555315873023E-16,-0.));
#1979 = ADVANCED_FACE('',(#1980),#2159,.F.);
#1980 = FACE_BOUND('',#1981,.F.);
#1981 = EDGE_LOOP('',(#1982,#1983,#1984,#1992,#1998,#1999,#2007,#2015,
    #2021,#2022,#2030,#2038,#2044,#2045,#2053,#2061,#2067,#2068,#2076,
    #2084,#2090,#2091,#2099,#2107,#2113,#2114,#2122,#2130,#2136,#2137,
    #2145,#2153));
#1982 = ORIENTED_EDGE('',*,*,#821,.F.);
#1983 = ORIENTED_EDGE('',*,*,#1803,.T.);
#1984 = ORIENTED_EDGE('',*,*,#1985,.T.);
#1985 = EDGE_CURVE('',#1794,#1986,#1988,.T.);
#1986 = VERTEX_POINT('',#1987);
#1987 = CARTESIAN_POINT('',(-2.99,-2.99,0.92));
#1988 = LINE('',#1989,#1990);
#1989 = CARTESIAN_POINT('',(-2.99,2.99,0.92));
#1990 = VECTOR('',#1991,1.);
#1991 = DIRECTION('',(-2.22044604925E-16,-1.,0.));
#1992 = ORIENTED_EDGE('',*,*,#1993,.F.);
#1993 = EDGE_CURVE('',#1053,#1986,#1994,.T.);
#1994 = LINE('',#1995,#1996);
#1995 = CARTESIAN_POINT('',(-2.99,-2.99,2.E-02));
#1996 = VECTOR('',#1997,1.);
#1997 = DIRECTION('',(0.,0.,1.));
#1998 = ORIENTED_EDGE('',*,*,#1052,.F.);
#1999 = ORIENTED_EDGE('',*,*,#2000,.T.);
#2000 = EDGE_CURVE('',#1045,#2001,#2003,.T.);
#2001 = VERTEX_POINT('',#2002);
#2002 = CARTESIAN_POINT('',(-2.99,-2.1,0.2));
#2003 = LINE('',#2004,#2005);
#2004 = CARTESIAN_POINT('',(-2.99,-2.1,1.E-02));
#2005 = VECTOR('',#2006,1.);
#2006 = DIRECTION('',(0.,0.,1.));
#2007 = ORIENTED_EDGE('',*,*,#2008,.T.);
#2008 = EDGE_CURVE('',#2001,#2009,#2011,.T.);
#2009 = VERTEX_POINT('',#2010);
#2010 = CARTESIAN_POINT('',(-2.99,-1.8,0.2));
#2011 = LINE('',#2012,#2013);
#2012 = CARTESIAN_POINT('',(-2.99,0.445,0.2));
#2013 = VECTOR('',#2014,1.);
#2014 = DIRECTION('',(2.22044604925E-16,1.,0.));
#2015 = ORIENTED_EDGE('',*,*,#2016,.T.);
#2016 = EDGE_CURVE('',#2009,#1020,#2017,.T.);
#2017 = LINE('',#2018,#2019);
#2018 = CARTESIAN_POINT('',(-2.99,-1.8,1.E-02));
#2019 = VECTOR('',#2020,1.);
#2020 = DIRECTION('',(0.,-0.,-1.));
#2021 = ORIENTED_EDGE('',*,*,#1019,.F.);
#2022 = ORIENTED_EDGE('',*,*,#2023,.T.);
#2023 = EDGE_CURVE('',#1012,#2024,#2026,.T.);
#2024 = VERTEX_POINT('',#2025);
#2025 = CARTESIAN_POINT('',(-2.99,-1.45,0.2));
#2026 = LINE('',#2027,#2028);
#2027 = CARTESIAN_POINT('',(-2.99,-1.45,1.E-02));
#2028 = VECTOR('',#2029,1.);
#2029 = DIRECTION('',(0.,0.,1.));
#2030 = ORIENTED_EDGE('',*,*,#2031,.T.);
#2031 = EDGE_CURVE('',#2024,#2032,#2034,.T.);
#2032 = VERTEX_POINT('',#2033);
#2033 = CARTESIAN_POINT('',(-2.99,-1.15,0.2));
#2034 = LINE('',#2035,#2036);
#2035 = CARTESIAN_POINT('',(-2.99,0.77,0.2));
#2036 = VECTOR('',#2037,1.);
#2037 = DIRECTION('',(2.22044604925E-16,1.,0.));
#2038 = ORIENTED_EDGE('',*,*,#2039,.T.);
#2039 = EDGE_CURVE('',#2032,#987,#2040,.T.);
#2040 = LINE('',#2041,#2042);
#2041 = CARTESIAN_POINT('',(-2.99,-1.15,1.E-02));
#2042 = VECTOR('',#2043,1.);
#2043 = DIRECTION('',(0.,-0.,-1.));
#2044 = ORIENTED_EDGE('',*,*,#986,.F.);
#2045 = ORIENTED_EDGE('',*,*,#2046,.T.);
#2046 = EDGE_CURVE('',#979,#2047,#2049,.T.);
#2047 = VERTEX_POINT('',#2048);
#2048 = CARTESIAN_POINT('',(-2.99,-0.8,0.2));
#2049 = LINE('',#2050,#2051);
#2050 = CARTESIAN_POINT('',(-2.99,-0.8,1.E-02));
#2051 = VECTOR('',#2052,1.);
#2052 = DIRECTION('',(0.,0.,1.));
#2053 = ORIENTED_EDGE('',*,*,#2054,.T.);
#2054 = EDGE_CURVE('',#2047,#2055,#2057,.T.);
#2055 = VERTEX_POINT('',#2056);
#2056 = CARTESIAN_POINT('',(-2.99,-0.5,0.2));
#2057 = LINE('',#2058,#2059);
#2058 = CARTESIAN_POINT('',(-2.99,1.095,0.2));
#2059 = VECTOR('',#2060,1.);
#2060 = DIRECTION('',(2.22044604925E-16,1.,0.));
#2061 = ORIENTED_EDGE('',*,*,#2062,.T.);
#2062 = EDGE_CURVE('',#2055,#954,#2063,.T.);
#2063 = LINE('',#2064,#2065);
#2064 = CARTESIAN_POINT('',(-2.99,-0.5,1.E-02));
#2065 = VECTOR('',#2066,1.);
#2066 = DIRECTION('',(0.,-0.,-1.));
#2067 = ORIENTED_EDGE('',*,*,#953,.F.);
#2068 = ORIENTED_EDGE('',*,*,#2069,.T.);
#2069 = EDGE_CURVE('',#946,#2070,#2072,.T.);
#2070 = VERTEX_POINT('',#2071);
#2071 = CARTESIAN_POINT('',(-2.99,-0.15,0.2));
#2072 = LINE('',#2073,#2074);
#2073 = CARTESIAN_POINT('',(-2.99,-0.15,1.E-02));
#2074 = VECTOR('',#2075,1.);
#2075 = DIRECTION('',(0.,0.,1.));
#2076 = ORIENTED_EDGE('',*,*,#2077,.T.);
#2077 = EDGE_CURVE('',#2070,#2078,#2080,.T.);
#2078 = VERTEX_POINT('',#2079);
#2079 = CARTESIAN_POINT('',(-2.99,0.15,0.2));
#2080 = LINE('',#2081,#2082);
#2081 = CARTESIAN_POINT('',(-2.99,1.42,0.2));
#2082 = VECTOR('',#2083,1.);
#2083 = DIRECTION('',(2.22044604925E-16,1.,0.));
#2084 = ORIENTED_EDGE('',*,*,#2085,.T.);
#2085 = EDGE_CURVE('',#2078,#921,#2086,.T.);
#2086 = LINE('',#2087,#2088);
#2087 = CARTESIAN_POINT('',(-2.99,0.15,1.E-02));
#2088 = VECTOR('',#2089,1.);
#2089 = DIRECTION('',(0.,-0.,-1.));
#2090 = ORIENTED_EDGE('',*,*,#920,.F.);
#2091 = ORIENTED_EDGE('',*,*,#2092,.T.);
#2092 = EDGE_CURVE('',#913,#2093,#2095,.T.);
#2093 = VERTEX_POINT('',#2094);
#2094 = CARTESIAN_POINT('',(-2.99,0.5,0.2));
#2095 = LINE('',#2096,#2097);
#2096 = CARTESIAN_POINT('',(-2.99,0.5,1.E-02));
#2097 = VECTOR('',#2098,1.);
#2098 = DIRECTION('',(0.,0.,1.));
#2099 = ORIENTED_EDGE('',*,*,#2100,.T.);
#2100 = EDGE_CURVE('',#2093,#2101,#2103,.T.);
#2101 = VERTEX_POINT('',#2102);
#2102 = CARTESIAN_POINT('',(-2.99,0.8,0.2));
#2103 = LINE('',#2104,#2105);
#2104 = CARTESIAN_POINT('',(-2.99,1.745,0.2));
#2105 = VECTOR('',#2106,1.);
#2106 = DIRECTION('',(2.22044604925E-16,1.,0.));
#2107 = ORIENTED_EDGE('',*,*,#2108,.T.);
#2108 = EDGE_CURVE('',#2101,#888,#2109,.T.);
#2109 = LINE('',#2110,#2111);
#2110 = CARTESIAN_POINT('',(-2.99,0.8,1.E-02));
#2111 = VECTOR('',#2112,1.);
#2112 = DIRECTION('',(0.,-0.,-1.));
#2113 = ORIENTED_EDGE('',*,*,#887,.F.);
#2114 = ORIENTED_EDGE('',*,*,#2115,.T.);
#2115 = EDGE_CURVE('',#880,#2116,#2118,.T.);
#2116 = VERTEX_POINT('',#2117);
#2117 = CARTESIAN_POINT('',(-2.99,1.15,0.2));
#2118 = LINE('',#2119,#2120);
#2119 = CARTESIAN_POINT('',(-2.99,1.15,1.E-02));
#2120 = VECTOR('',#2121,1.);
#2121 = DIRECTION('',(0.,0.,1.));
#2122 = ORIENTED_EDGE('',*,*,#2123,.T.);
#2123 = EDGE_CURVE('',#2116,#2124,#2126,.T.);
#2124 = VERTEX_POINT('',#2125);
#2125 = CARTESIAN_POINT('',(-2.99,1.45,0.2));
#2126 = LINE('',#2127,#2128);
#2127 = CARTESIAN_POINT('',(-2.99,2.07,0.2));
#2128 = VECTOR('',#2129,1.);
#2129 = DIRECTION('',(2.22044604925E-16,1.,0.));
#2130 = ORIENTED_EDGE('',*,*,#2131,.T.);
#2131 = EDGE_CURVE('',#2124,#855,#2132,.T.);
#2132 = LINE('',#2133,#2134);
#2133 = CARTESIAN_POINT('',(-2.99,1.45,1.E-02));
#2134 = VECTOR('',#2135,1.);
#2135 = DIRECTION('',(0.,-0.,-1.));
#2136 = ORIENTED_EDGE('',*,*,#854,.F.);
#2137 = ORIENTED_EDGE('',*,*,#2138,.T.);
#2138 = EDGE_CURVE('',#847,#2139,#2141,.T.);
#2139 = VERTEX_POINT('',#2140);
#2140 = CARTESIAN_POINT('',(-2.99,1.8,0.2));
#2141 = LINE('',#2142,#2143);
#2142 = CARTESIAN_POINT('',(-2.99,1.8,1.E-02));
#2143 = VECTOR('',#2144,1.);
#2144 = DIRECTION('',(0.,0.,1.));
#2145 = ORIENTED_EDGE('',*,*,#2146,.T.);
#2146 = EDGE_CURVE('',#2139,#2147,#2149,.T.);
#2147 = VERTEX_POINT('',#2148);
#2148 = CARTESIAN_POINT('',(-2.99,2.1,0.2));
#2149 = LINE('',#2150,#2151);
#2150 = CARTESIAN_POINT('',(-2.99,2.395,0.2));
#2151 = VECTOR('',#2152,1.);
#2152 = DIRECTION('',(2.22044604925E-16,1.,0.));
#2153 = ORIENTED_EDGE('',*,*,#2154,.T.);
#2154 = EDGE_CURVE('',#2147,#822,#2155,.T.);
#2155 = LINE('',#2156,#2157);
#2156 = CARTESIAN_POINT('',(-2.99,2.1,1.E-02));
#2157 = VECTOR('',#2158,1.);
#2158 = DIRECTION('',(0.,-0.,-1.));
#2159 = PLANE('',#2160);
#2160 = AXIS2_PLACEMENT_3D('',#2161,#2162,#2163);
#2161 = CARTESIAN_POINT('',(-2.99,2.99,2.E-02));
#2162 = DIRECTION('',(1.,-2.22044604925E-16,0.));
#2163 = DIRECTION('',(0.,0.,1.));
#2164 = ADVANCED_FACE('',(#2165),#2199,.F.);
#2165 = FACE_BOUND('',#2166,.F.);
#2166 = EDGE_LOOP('',(#2167,#2177,#2185,#2191,#2192,#2193));
#2167 = ORIENTED_EDGE('',*,*,#2168,.F.);
#2168 = EDGE_CURVE('',#2169,#2171,#2173,.T.);
#2169 = VERTEX_POINT('',#2170);
#2170 = CARTESIAN_POINT('',(-2.1,3.,0.));
#2171 = VERTEX_POINT('',#2172);
#2172 = CARTESIAN_POINT('',(-2.1,2.75,0.));
#2173 = LINE('',#2174,#2175);
#2174 = CARTESIAN_POINT('',(-2.1,3.,0.));
#2175 = VECTOR('',#2176,1.);
#2176 = DIRECTION('',(-4.555315873023E-16,-1.,0.));
#2177 = ORIENTED_EDGE('',*,*,#2178,.T.);
#2178 = EDGE_CURVE('',#2169,#2179,#2181,.T.);
#2179 = VERTEX_POINT('',#2180);
#2180 = CARTESIAN_POINT('',(-2.1,3.,0.2));
#2181 = LINE('',#2182,#2183);
#2182 = CARTESIAN_POINT('',(-2.1,3.,0.));
#2183 = VECTOR('',#2184,1.);
#2184 = DIRECTION('',(0.,0.,1.));
#2185 = ORIENTED_EDGE('',*,*,#2186,.T.);
#2186 = EDGE_CURVE('',#2179,#1811,#2187,.T.);
#2187 = LINE('',#2188,#2189);
#2188 = CARTESIAN_POINT('',(-2.1,3.,0.2));
#2189 = VECTOR('',#2190,1.);
#2190 = DIRECTION('',(-4.555315873023E-16,-1.,0.));
#2191 = ORIENTED_EDGE('',*,*,#1810,.F.);
#2192 = ORIENTED_EDGE('',*,*,#1737,.F.);
#2193 = ORIENTED_EDGE('',*,*,#2194,.F.);
#2194 = EDGE_CURVE('',#2171,#1729,#2195,.T.);
#2195 = LINE('',#2196,#2197);
#2196 = CARTESIAN_POINT('',(-2.1,2.75,0.));
#2197 = VECTOR('',#2198,1.);
#2198 = DIRECTION('',(0.,0.,1.));
#2199 = PLANE('',#2200);
#2200 = AXIS2_PLACEMENT_3D('',#2201,#2202,#2203);
#2201 = CARTESIAN_POINT('',(-2.1,3.,0.));
#2202 = DIRECTION('',(1.,-4.555315873023E-16,0.));
#2203 = DIRECTION('',(-4.555315873023E-16,-1.,0.));
#2204 = ADVANCED_FACE('',(#2205),#2239,.F.);
#2205 = FACE_BOUND('',#2206,.F.);
#2206 = EDGE_LOOP('',(#2207,#2217,#2223,#2224,#2225,#2233));
#2207 = ORIENTED_EDGE('',*,*,#2208,.F.);
#2208 = EDGE_CURVE('',#2209,#2211,#2213,.T.);
#2209 = VERTEX_POINT('',#2210);
#2210 = CARTESIAN_POINT('',(-2.75,2.1,0.));
#2211 = VERTEX_POINT('',#2212);
#2212 = CARTESIAN_POINT('',(-3.,2.1,0.));
#2213 = LINE('',#2214,#2215);
#2214 = CARTESIAN_POINT('',(-2.75,2.1,0.));
#2215 = VECTOR('',#2216,1.);
#2216 = DIRECTION('',(-1.,3.55951662292E-16,0.));
#2217 = ORIENTED_EDGE('',*,*,#2218,.T.);
#2218 = EDGE_CURVE('',#2209,#830,#2219,.T.);
#2219 = LINE('',#2220,#2221);
#2220 = CARTESIAN_POINT('',(-2.75,2.1,0.));
#2221 = VECTOR('',#2222,1.);
#2222 = DIRECTION('',(0.,0.,1.));
#2223 = ORIENTED_EDGE('',*,*,#829,.F.);
#2224 = ORIENTED_EDGE('',*,*,#2154,.F.);
#2225 = ORIENTED_EDGE('',*,*,#2226,.T.);
#2226 = EDGE_CURVE('',#2147,#2227,#2229,.T.);
#2227 = VERTEX_POINT('',#2228);
#2228 = CARTESIAN_POINT('',(-3.,2.1,0.2));
#2229 = LINE('',#2230,#2231);
#2230 = CARTESIAN_POINT('',(-2.75,2.1,0.2));
#2231 = VECTOR('',#2232,1.);
#2232 = DIRECTION('',(-1.,3.55951662292E-16,0.));
#2233 = ORIENTED_EDGE('',*,*,#2234,.F.);
#2234 = EDGE_CURVE('',#2211,#2227,#2235,.T.);
#2235 = LINE('',#2236,#2237);
#2236 = CARTESIAN_POINT('',(-3.,2.1,0.));
#2237 = VECTOR('',#2238,1.);
#2238 = DIRECTION('',(0.,0.,1.));
#2239 = PLANE('',#2240);
#2240 = AXIS2_PLACEMENT_3D('',#2241,#2242,#2243);
#2241 = CARTESIAN_POINT('',(-2.75,2.1,0.));
#2242 = DIRECTION('',(-3.55951662292E-16,-1.,0.));
#2243 = DIRECTION('',(-1.,3.55951662292E-16,0.));
#2244 = ADVANCED_FACE('',(#2245),#2264,.T.);
#2245 = FACE_BOUND('',#2246,.T.);
#2246 = EDGE_LOOP('',(#2247,#2255,#2256,#2257));
#2247 = ORIENTED_EDGE('',*,*,#2248,.T.);
#2248 = EDGE_CURVE('',#2249,#1721,#2251,.T.);
#2249 = VERTEX_POINT('',#2250);
#2250 = CARTESIAN_POINT('',(-1.8,2.75,0.));
#2251 = LINE('',#2252,#2253);
#2252 = CARTESIAN_POINT('',(-1.8,2.75,0.));
#2253 = VECTOR('',#2254,1.);
#2254 = DIRECTION('',(0.,0.,1.));
#2255 = ORIENTED_EDGE('',*,*,#1728,.T.);
#2256 = ORIENTED_EDGE('',*,*,#2194,.F.);
#2257 = ORIENTED_EDGE('',*,*,#2258,.T.);
#2258 = EDGE_CURVE('',#2171,#2249,#2259,.T.);
#2259 = CIRCLE('',#2260,0.15);
#2260 = AXIS2_PLACEMENT_3D('',#2261,#2262,#2263);
#2261 = CARTESIAN_POINT('',(-1.95,2.75,0.));
#2262 = DIRECTION('',(0.,0.,1.));
#2263 = DIRECTION('',(-1.,4.555315873023E-16,0.));
#2264 = CYLINDRICAL_SURFACE('',#2265,0.15);
#2265 = AXIS2_PLACEMENT_3D('',#2266,#2267,#2268);
#2266 = CARTESIAN_POINT('',(-1.95,2.75,0.));
#2267 = DIRECTION('',(0.,0.,-1.));
#2268 = DIRECTION('',(-1.,4.555315873023E-16,0.));
#2269 = ADVANCED_FACE('',(#2270),#2289,.T.);
#2270 = FACE_BOUND('',#2271,.T.);
#2271 = EDGE_LOOP('',(#2272,#2273,#2274,#2282));
#2272 = ORIENTED_EDGE('',*,*,#2218,.T.);
#2273 = ORIENTED_EDGE('',*,*,#837,.T.);
#2274 = ORIENTED_EDGE('',*,*,#2275,.F.);
#2275 = EDGE_CURVE('',#2276,#838,#2278,.T.);
#2276 = VERTEX_POINT('',#2277);
#2277 = CARTESIAN_POINT('',(-2.75,1.8,0.));
#2278 = LINE('',#2279,#2280);
#2279 = CARTESIAN_POINT('',(-2.75,1.8,0.));
#2280 = VECTOR('',#2281,1.);
#2281 = DIRECTION('',(0.,0.,1.));
#2282 = ORIENTED_EDGE('',*,*,#2283,.T.);
#2283 = EDGE_CURVE('',#2276,#2209,#2284,.T.);
#2284 = CIRCLE('',#2285,0.15);
#2285 = AXIS2_PLACEMENT_3D('',#2286,#2287,#2288);
#2286 = CARTESIAN_POINT('',(-2.75,1.95,0.));
#2287 = DIRECTION('',(0.,0.,1.));
#2288 = DIRECTION('',(-4.669739647545E-16,-1.,0.));
#2289 = CYLINDRICAL_SURFACE('',#2290,0.15);
#2290 = AXIS2_PLACEMENT_3D('',#2291,#2292,#2293);
#2291 = CARTESIAN_POINT('',(-2.75,1.95,0.));
#2292 = DIRECTION('',(0.,0.,-1.));
#2293 = DIRECTION('',(-4.669739647545E-16,-1.,-0.));
#2294 = ADVANCED_FACE('',(#2295),#2322,.F.);
#2295 = FACE_BOUND('',#2296,.F.);
#2296 = EDGE_LOOP('',(#2297,#2305,#2306,#2307,#2308,#2316));
#2297 = ORIENTED_EDGE('',*,*,#2298,.F.);
#2298 = EDGE_CURVE('',#2249,#2299,#2301,.T.);
#2299 = VERTEX_POINT('',#2300);
#2300 = CARTESIAN_POINT('',(-1.8,3.,0.));
#2301 = LINE('',#2302,#2303);
#2302 = CARTESIAN_POINT('',(-1.8,2.75,0.));
#2303 = VECTOR('',#2304,1.);
#2304 = DIRECTION('',(3.445092848398E-16,1.,0.));
#2305 = ORIENTED_EDGE('',*,*,#2248,.T.);
#2306 = ORIENTED_EDGE('',*,*,#1720,.F.);
#2307 = ORIENTED_EDGE('',*,*,#1826,.F.);
#2308 = ORIENTED_EDGE('',*,*,#2309,.T.);
#2309 = EDGE_CURVE('',#1819,#2310,#2312,.T.);
#2310 = VERTEX_POINT('',#2311);
#2311 = CARTESIAN_POINT('',(-1.8,3.,0.2));
#2312 = LINE('',#2313,#2314);
#2313 = CARTESIAN_POINT('',(-1.8,2.75,0.2));
#2314 = VECTOR('',#2315,1.);
#2315 = DIRECTION('',(3.445092848398E-16,1.,0.));
#2316 = ORIENTED_EDGE('',*,*,#2317,.F.);
#2317 = EDGE_CURVE('',#2299,#2310,#2318,.T.);
#2318 = LINE('',#2319,#2320);
#2319 = CARTESIAN_POINT('',(-1.8,3.,0.));
#2320 = VECTOR('',#2321,1.);
#2321 = DIRECTION('',(0.,0.,1.));
#2322 = PLANE('',#2323);
#2323 = AXIS2_PLACEMENT_3D('',#2324,#2325,#2326);
#2324 = CARTESIAN_POINT('',(-1.8,2.75,0.));
#2325 = DIRECTION('',(-1.,3.445092848398E-16,0.));
#2326 = DIRECTION('',(3.445092848398E-16,1.,0.));
#2327 = ADVANCED_FACE('',(#2328),#2355,.F.);
#2328 = FACE_BOUND('',#2329,.F.);
#2329 = EDGE_LOOP('',(#2330,#2338,#2346,#2352,#2353,#2354));
#2330 = ORIENTED_EDGE('',*,*,#2331,.F.);
#2331 = EDGE_CURVE('',#2332,#2276,#2334,.T.);
#2332 = VERTEX_POINT('',#2333);
#2333 = CARTESIAN_POINT('',(-3.,1.8,0.));
#2334 = LINE('',#2335,#2336);
#2335 = CARTESIAN_POINT('',(-3.,1.8,0.));
#2336 = VECTOR('',#2337,1.);
#2337 = DIRECTION('',(1.,-4.669739647545E-16,0.));
#2338 = ORIENTED_EDGE('',*,*,#2339,.T.);
#2339 = EDGE_CURVE('',#2332,#2340,#2342,.T.);
#2340 = VERTEX_POINT('',#2341);
#2341 = CARTESIAN_POINT('',(-3.,1.8,0.2));
#2342 = LINE('',#2343,#2344);
#2343 = CARTESIAN_POINT('',(-3.,1.8,0.));
#2344 = VECTOR('',#2345,1.);
#2345 = DIRECTION('',(0.,0.,1.));
#2346 = ORIENTED_EDGE('',*,*,#2347,.T.);
#2347 = EDGE_CURVE('',#2340,#2139,#2348,.T.);
#2348 = LINE('',#2349,#2350);
#2349 = CARTESIAN_POINT('',(-3.,1.8,0.2));
#2350 = VECTOR('',#2351,1.);
#2351 = DIRECTION('',(1.,-4.669739647545E-16,0.));
#2352 = ORIENTED_EDGE('',*,*,#2138,.F.);
#2353 = ORIENTED_EDGE('',*,*,#846,.F.);
#2354 = ORIENTED_EDGE('',*,*,#2275,.F.);
#2355 = PLANE('',#2356);
#2356 = AXIS2_PLACEMENT_3D('',#2357,#2358,#2359);
#2357 = CARTESIAN_POINT('',(-3.,1.8,0.));
#2358 = DIRECTION('',(4.669739647545E-16,1.,0.));
#2359 = DIRECTION('',(1.,-4.669739647545E-16,0.));
#2360 = ADVANCED_FACE('',(#2361),#2395,.F.);
#2361 = FACE_BOUND('',#2362,.F.);
#2362 = EDGE_LOOP('',(#2363,#2373,#2381,#2387,#2388,#2389));
#2363 = ORIENTED_EDGE('',*,*,#2364,.F.);
#2364 = EDGE_CURVE('',#2365,#2367,#2369,.T.);
#2365 = VERTEX_POINT('',#2366);
#2366 = CARTESIAN_POINT('',(-1.45,3.,0.));
#2367 = VERTEX_POINT('',#2368);
#2368 = CARTESIAN_POINT('',(-1.45,2.75,0.));
#2369 = LINE('',#2370,#2371);
#2370 = CARTESIAN_POINT('',(-1.45,3.,0.));
#2371 = VECTOR('',#2372,1.);
#2372 = DIRECTION('',(-4.555315873023E-16,-1.,0.));
#2373 = ORIENTED_EDGE('',*,*,#2374,.T.);
#2374 = EDGE_CURVE('',#2365,#2375,#2377,.T.);
#2375 = VERTEX_POINT('',#2376);
#2376 = CARTESIAN_POINT('',(-1.45,3.,0.2));
#2377 = LINE('',#2378,#2379);
#2378 = CARTESIAN_POINT('',(-1.45,3.,0.));
#2379 = VECTOR('',#2380,1.);
#2380 = DIRECTION('',(0.,0.,1.));
#2381 = ORIENTED_EDGE('',*,*,#2382,.T.);
#2382 = EDGE_CURVE('',#2375,#1834,#2383,.T.);
#2383 = LINE('',#2384,#2385);
#2384 = CARTESIAN_POINT('',(-1.45,3.,0.2));
#2385 = VECTOR('',#2386,1.);
#2386 = DIRECTION('',(-4.555315873023E-16,-1.,0.));
#2387 = ORIENTED_EDGE('',*,*,#1833,.F.);
#2388 = ORIENTED_EDGE('',*,*,#1704,.F.);
#2389 = ORIENTED_EDGE('',*,*,#2390,.F.);
#2390 = EDGE_CURVE('',#2367,#1696,#2391,.T.);
#2391 = LINE('',#2392,#2393);
#2392 = CARTESIAN_POINT('',(-1.45,2.75,0.));
#2393 = VECTOR('',#2394,1.);
#2394 = DIRECTION('',(0.,0.,1.));
#2395 = PLANE('',#2396);
#2396 = AXIS2_PLACEMENT_3D('',#2397,#2398,#2399);
#2397 = CARTESIAN_POINT('',(-1.45,3.,0.));
#2398 = DIRECTION('',(1.,-4.555315873023E-16,0.));
#2399 = DIRECTION('',(-4.555315873023E-16,-1.,0.));
#2400 = ADVANCED_FACE('',(#2401),#2435,.F.);
#2401 = FACE_BOUND('',#2402,.F.);
#2402 = EDGE_LOOP('',(#2403,#2413,#2419,#2420,#2421,#2429));
#2403 = ORIENTED_EDGE('',*,*,#2404,.F.);
#2404 = EDGE_CURVE('',#2405,#2407,#2409,.T.);
#2405 = VERTEX_POINT('',#2406);
#2406 = CARTESIAN_POINT('',(-2.75,1.45,0.));
#2407 = VERTEX_POINT('',#2408);
#2408 = CARTESIAN_POINT('',(-3.,1.45,0.));
#2409 = LINE('',#2410,#2411);
#2410 = CARTESIAN_POINT('',(-2.75,1.45,0.));
#2411 = VECTOR('',#2412,1.);
#2412 = DIRECTION('',(-1.,3.55951662292E-16,0.));
#2413 = ORIENTED_EDGE('',*,*,#2414,.T.);
#2414 = EDGE_CURVE('',#2405,#863,#2415,.T.);
#2415 = LINE('',#2416,#2417);
#2416 = CARTESIAN_POINT('',(-2.75,1.45,0.));
#2417 = VECTOR('',#2418,1.);
#2418 = DIRECTION('',(0.,0.,1.));
#2419 = ORIENTED_EDGE('',*,*,#862,.F.);
#2420 = ORIENTED_EDGE('',*,*,#2131,.F.);
#2421 = ORIENTED_EDGE('',*,*,#2422,.T.);
#2422 = EDGE_CURVE('',#2124,#2423,#2425,.T.);
#2423 = VERTEX_POINT('',#2424);
#2424 = CARTESIAN_POINT('',(-3.,1.45,0.2));
#2425 = LINE('',#2426,#2427);
#2426 = CARTESIAN_POINT('',(-2.75,1.45,0.2));
#2427 = VECTOR('',#2428,1.);
#2428 = DIRECTION('',(-1.,3.55951662292E-16,0.));
#2429 = ORIENTED_EDGE('',*,*,#2430,.F.);
#2430 = EDGE_CURVE('',#2407,#2423,#2431,.T.);
#2431 = LINE('',#2432,#2433);
#2432 = CARTESIAN_POINT('',(-3.,1.45,0.));
#2433 = VECTOR('',#2434,1.);
#2434 = DIRECTION('',(0.,0.,1.));
#2435 = PLANE('',#2436);
#2436 = AXIS2_PLACEMENT_3D('',#2437,#2438,#2439);
#2437 = CARTESIAN_POINT('',(-2.75,1.45,0.));
#2438 = DIRECTION('',(-3.55951662292E-16,-1.,0.));
#2439 = DIRECTION('',(-1.,3.55951662292E-16,0.));
#2440 = ADVANCED_FACE('',(#2441),#2460,.T.);
#2441 = FACE_BOUND('',#2442,.T.);
#2442 = EDGE_LOOP('',(#2443,#2451,#2452,#2453));
#2443 = ORIENTED_EDGE('',*,*,#2444,.T.);
#2444 = EDGE_CURVE('',#2445,#1688,#2447,.T.);
#2445 = VERTEX_POINT('',#2446);
#2446 = CARTESIAN_POINT('',(-1.15,2.75,0.));
#2447 = LINE('',#2448,#2449);
#2448 = CARTESIAN_POINT('',(-1.15,2.75,0.));
#2449 = VECTOR('',#2450,1.);
#2450 = DIRECTION('',(0.,0.,1.));
#2451 = ORIENTED_EDGE('',*,*,#1695,.T.);
#2452 = ORIENTED_EDGE('',*,*,#2390,.F.);
#2453 = ORIENTED_EDGE('',*,*,#2454,.T.);
#2454 = EDGE_CURVE('',#2367,#2445,#2455,.T.);
#2455 = CIRCLE('',#2456,0.15);
#2456 = AXIS2_PLACEMENT_3D('',#2457,#2458,#2459);
#2457 = CARTESIAN_POINT('',(-1.3,2.75,0.));
#2458 = DIRECTION('',(0.,0.,1.));
#2459 = DIRECTION('',(-1.,4.555315873023E-16,0.));
#2460 = CYLINDRICAL_SURFACE('',#2461,0.15);
#2461 = AXIS2_PLACEMENT_3D('',#2462,#2463,#2464);
#2462 = CARTESIAN_POINT('',(-1.3,2.75,0.));
#2463 = DIRECTION('',(0.,0.,-1.));
#2464 = DIRECTION('',(-1.,4.555315873023E-16,0.));
#2465 = ADVANCED_FACE('',(#2466),#2485,.T.);
#2466 = FACE_BOUND('',#2467,.T.);
#2467 = EDGE_LOOP('',(#2468,#2469,#2470,#2478));
#2468 = ORIENTED_EDGE('',*,*,#2414,.T.);
#2469 = ORIENTED_EDGE('',*,*,#870,.T.);
#2470 = ORIENTED_EDGE('',*,*,#2471,.F.);
#2471 = EDGE_CURVE('',#2472,#871,#2474,.T.);
#2472 = VERTEX_POINT('',#2473);
#2473 = CARTESIAN_POINT('',(-2.75,1.15,0.));
#2474 = LINE('',#2475,#2476);
#2475 = CARTESIAN_POINT('',(-2.75,1.15,0.));
#2476 = VECTOR('',#2477,1.);
#2477 = DIRECTION('',(0.,0.,1.));
#2478 = ORIENTED_EDGE('',*,*,#2479,.T.);
#2479 = EDGE_CURVE('',#2472,#2405,#2480,.T.);
#2480 = CIRCLE('',#2481,0.15);
#2481 = AXIS2_PLACEMENT_3D('',#2482,#2483,#2484);
#2482 = CARTESIAN_POINT('',(-2.75,1.3,0.));
#2483 = DIRECTION('',(0.,0.,1.));
#2484 = DIRECTION('',(-4.669739647545E-16,-1.,0.));
#2485 = CYLINDRICAL_SURFACE('',#2486,0.15);
#2486 = AXIS2_PLACEMENT_3D('',#2487,#2488,#2489);
#2487 = CARTESIAN_POINT('',(-2.75,1.3,0.));
#2488 = DIRECTION('',(0.,0.,-1.));
#2489 = DIRECTION('',(-4.669739647545E-16,-1.,-0.));
#2490 = ADVANCED_FACE('',(#2491),#2518,.F.);
#2491 = FACE_BOUND('',#2492,.F.);
#2492 = EDGE_LOOP('',(#2493,#2501,#2502,#2503,#2504,#2512));
#2493 = ORIENTED_EDGE('',*,*,#2494,.F.);
#2494 = EDGE_CURVE('',#2445,#2495,#2497,.T.);
#2495 = VERTEX_POINT('',#2496);
#2496 = CARTESIAN_POINT('',(-1.15,3.,0.));
#2497 = LINE('',#2498,#2499);
#2498 = CARTESIAN_POINT('',(-1.15,2.75,0.));
#2499 = VECTOR('',#2500,1.);
#2500 = DIRECTION('',(3.445092848398E-16,1.,0.));
#2501 = ORIENTED_EDGE('',*,*,#2444,.T.);
#2502 = ORIENTED_EDGE('',*,*,#1687,.F.);
#2503 = ORIENTED_EDGE('',*,*,#1849,.F.);
#2504 = ORIENTED_EDGE('',*,*,#2505,.T.);
#2505 = EDGE_CURVE('',#1842,#2506,#2508,.T.);
#2506 = VERTEX_POINT('',#2507);
#2507 = CARTESIAN_POINT('',(-1.15,3.,0.2));
#2508 = LINE('',#2509,#2510);
#2509 = CARTESIAN_POINT('',(-1.15,2.75,0.2));
#2510 = VECTOR('',#2511,1.);
#2511 = DIRECTION('',(3.445092848398E-16,1.,0.));
#2512 = ORIENTED_EDGE('',*,*,#2513,.F.);
#2513 = EDGE_CURVE('',#2495,#2506,#2514,.T.);
#2514 = LINE('',#2515,#2516);
#2515 = CARTESIAN_POINT('',(-1.15,3.,0.));
#2516 = VECTOR('',#2517,1.);
#2517 = DIRECTION('',(0.,0.,1.));
#2518 = PLANE('',#2519);
#2519 = AXIS2_PLACEMENT_3D('',#2520,#2521,#2522);
#2520 = CARTESIAN_POINT('',(-1.15,2.75,0.));
#2521 = DIRECTION('',(-1.,3.445092848398E-16,0.));
#2522 = DIRECTION('',(3.445092848398E-16,1.,0.));
#2523 = ADVANCED_FACE('',(#2524),#2551,.F.);
#2524 = FACE_BOUND('',#2525,.F.);
#2525 = EDGE_LOOP('',(#2526,#2534,#2542,#2548,#2549,#2550));
#2526 = ORIENTED_EDGE('',*,*,#2527,.F.);
#2527 = EDGE_CURVE('',#2528,#2472,#2530,.T.);
#2528 = VERTEX_POINT('',#2529);
#2529 = CARTESIAN_POINT('',(-3.,1.15,0.));
#2530 = LINE('',#2531,#2532);
#2531 = CARTESIAN_POINT('',(-3.,1.15,0.));
#2532 = VECTOR('',#2533,1.);
#2533 = DIRECTION('',(1.,-4.669739647545E-16,0.));
#2534 = ORIENTED_EDGE('',*,*,#2535,.T.);
#2535 = EDGE_CURVE('',#2528,#2536,#2538,.T.);
#2536 = VERTEX_POINT('',#2537);
#2537 = CARTESIAN_POINT('',(-3.,1.15,0.2));
#2538 = LINE('',#2539,#2540);
#2539 = CARTESIAN_POINT('',(-3.,1.15,0.));
#2540 = VECTOR('',#2541,1.);
#2541 = DIRECTION('',(0.,0.,1.));
#2542 = ORIENTED_EDGE('',*,*,#2543,.T.);
#2543 = EDGE_CURVE('',#2536,#2116,#2544,.T.);
#2544 = LINE('',#2545,#2546);
#2545 = CARTESIAN_POINT('',(-3.,1.15,0.2));
#2546 = VECTOR('',#2547,1.);
#2547 = DIRECTION('',(1.,-4.669739647545E-16,0.));
#2548 = ORIENTED_EDGE('',*,*,#2115,.F.);
#2549 = ORIENTED_EDGE('',*,*,#879,.F.);
#2550 = ORIENTED_EDGE('',*,*,#2471,.F.);
#2551 = PLANE('',#2552);
#2552 = AXIS2_PLACEMENT_3D('',#2553,#2554,#2555);
#2553 = CARTESIAN_POINT('',(-3.,1.15,0.));
#2554 = DIRECTION('',(4.669739647545E-16,1.,0.));
#2555 = DIRECTION('',(1.,-4.669739647545E-16,0.));
#2556 = ADVANCED_FACE('',(#2557),#2591,.F.);
#2557 = FACE_BOUND('',#2558,.F.);
#2558 = EDGE_LOOP('',(#2559,#2569,#2575,#2576,#2577,#2585));
#2559 = ORIENTED_EDGE('',*,*,#2560,.F.);
#2560 = EDGE_CURVE('',#2561,#2563,#2565,.T.);
#2561 = VERTEX_POINT('',#2562);
#2562 = CARTESIAN_POINT('',(-2.75,0.8,0.));
#2563 = VERTEX_POINT('',#2564);
#2564 = CARTESIAN_POINT('',(-3.,0.8,0.));
#2565 = LINE('',#2566,#2567);
#2566 = CARTESIAN_POINT('',(-2.75,0.8,0.));
#2567 = VECTOR('',#2568,1.);
#2568 = DIRECTION('',(-1.,3.55951662292E-16,0.));
#2569 = ORIENTED_EDGE('',*,*,#2570,.T.);
#2570 = EDGE_CURVE('',#2561,#896,#2571,.T.);
#2571 = LINE('',#2572,#2573);
#2572 = CARTESIAN_POINT('',(-2.75,0.8,0.));
#2573 = VECTOR('',#2574,1.);
#2574 = DIRECTION('',(0.,0.,1.));
#2575 = ORIENTED_EDGE('',*,*,#895,.F.);
#2576 = ORIENTED_EDGE('',*,*,#2108,.F.);
#2577 = ORIENTED_EDGE('',*,*,#2578,.T.);
#2578 = EDGE_CURVE('',#2101,#2579,#2581,.T.);
#2579 = VERTEX_POINT('',#2580);
#2580 = CARTESIAN_POINT('',(-3.,0.8,0.2));
#2581 = LINE('',#2582,#2583);
#2582 = CARTESIAN_POINT('',(-2.75,0.8,0.2));
#2583 = VECTOR('',#2584,1.);
#2584 = DIRECTION('',(-1.,3.55951662292E-16,0.));
#2585 = ORIENTED_EDGE('',*,*,#2586,.F.);
#2586 = EDGE_CURVE('',#2563,#2579,#2587,.T.);
#2587 = LINE('',#2588,#2589);
#2588 = CARTESIAN_POINT('',(-3.,0.8,0.));
#2589 = VECTOR('',#2590,1.);
#2590 = DIRECTION('',(0.,0.,1.));
#2591 = PLANE('',#2592);
#2592 = AXIS2_PLACEMENT_3D('',#2593,#2594,#2595);
#2593 = CARTESIAN_POINT('',(-2.75,0.8,0.));
#2594 = DIRECTION('',(-3.55951662292E-16,-1.,0.));
#2595 = DIRECTION('',(-1.,3.55951662292E-16,0.));
#2596 = ADVANCED_FACE('',(#2597),#2616,.T.);
#2597 = FACE_BOUND('',#2598,.T.);
#2598 = EDGE_LOOP('',(#2599,#2600,#2601,#2609));
#2599 = ORIENTED_EDGE('',*,*,#2570,.T.);
#2600 = ORIENTED_EDGE('',*,*,#903,.T.);
#2601 = ORIENTED_EDGE('',*,*,#2602,.F.);
#2602 = EDGE_CURVE('',#2603,#904,#2605,.T.);
#2603 = VERTEX_POINT('',#2604);
#2604 = CARTESIAN_POINT('',(-2.75,0.5,0.));
#2605 = LINE('',#2606,#2607);
#2606 = CARTESIAN_POINT('',(-2.75,0.5,0.));
#2607 = VECTOR('',#2608,1.);
#2608 = DIRECTION('',(0.,0.,1.));
#2609 = ORIENTED_EDGE('',*,*,#2610,.T.);
#2610 = EDGE_CURVE('',#2603,#2561,#2611,.T.);
#2611 = CIRCLE('',#2612,0.15);
#2612 = AXIS2_PLACEMENT_3D('',#2613,#2614,#2615);
#2613 = CARTESIAN_POINT('',(-2.75,0.65,0.));
#2614 = DIRECTION('',(0.,0.,1.));
#2615 = DIRECTION('',(-4.669739647545E-16,-1.,0.));
#2616 = CYLINDRICAL_SURFACE('',#2617,0.15);
#2617 = AXIS2_PLACEMENT_3D('',#2618,#2619,#2620);
#2618 = CARTESIAN_POINT('',(-2.75,0.65,0.));
#2619 = DIRECTION('',(0.,0.,-1.));
#2620 = DIRECTION('',(-4.669739647545E-16,-1.,-0.));
#2621 = ADVANCED_FACE('',(#2622),#2649,.F.);
#2622 = FACE_BOUND('',#2623,.F.);
#2623 = EDGE_LOOP('',(#2624,#2632,#2640,#2646,#2647,#2648));
#2624 = ORIENTED_EDGE('',*,*,#2625,.F.);
#2625 = EDGE_CURVE('',#2626,#2603,#2628,.T.);
#2626 = VERTEX_POINT('',#2627);
#2627 = CARTESIAN_POINT('',(-3.,0.5,0.));
#2628 = LINE('',#2629,#2630);
#2629 = CARTESIAN_POINT('',(-3.,0.5,0.));
#2630 = VECTOR('',#2631,1.);
#2631 = DIRECTION('',(1.,-4.669739647545E-16,0.));
#2632 = ORIENTED_EDGE('',*,*,#2633,.T.);
#2633 = EDGE_CURVE('',#2626,#2634,#2636,.T.);
#2634 = VERTEX_POINT('',#2635);
#2635 = CARTESIAN_POINT('',(-3.,0.5,0.2));
#2636 = LINE('',#2637,#2638);
#2637 = CARTESIAN_POINT('',(-3.,0.5,0.));
#2638 = VECTOR('',#2639,1.);
#2639 = DIRECTION('',(0.,0.,1.));
#2640 = ORIENTED_EDGE('',*,*,#2641,.T.);
#2641 = EDGE_CURVE('',#2634,#2093,#2642,.T.);
#2642 = LINE('',#2643,#2644);
#2643 = CARTESIAN_POINT('',(-3.,0.5,0.2));
#2644 = VECTOR('',#2645,1.);
#2645 = DIRECTION('',(1.,-4.669739647545E-16,0.));
#2646 = ORIENTED_EDGE('',*,*,#2092,.F.);
#2647 = ORIENTED_EDGE('',*,*,#912,.F.);
#2648 = ORIENTED_EDGE('',*,*,#2602,.F.);
#2649 = PLANE('',#2650);
#2650 = AXIS2_PLACEMENT_3D('',#2651,#2652,#2653);
#2651 = CARTESIAN_POINT('',(-3.,0.5,0.));
#2652 = DIRECTION('',(4.669739647545E-16,1.,0.));
#2653 = DIRECTION('',(1.,-4.669739647545E-16,0.));
#2654 = ADVANCED_FACE('',(#2655),#2689,.F.);
#2655 = FACE_BOUND('',#2656,.F.);
#2656 = EDGE_LOOP('',(#2657,#2667,#2675,#2681,#2682,#2683));
#2657 = ORIENTED_EDGE('',*,*,#2658,.F.);
#2658 = EDGE_CURVE('',#2659,#2661,#2663,.T.);
#2659 = VERTEX_POINT('',#2660);
#2660 = CARTESIAN_POINT('',(-0.15,3.,0.));
#2661 = VERTEX_POINT('',#2662);
#2662 = CARTESIAN_POINT('',(-0.15,2.75,0.));
#2663 = LINE('',#2664,#2665);
#2664 = CARTESIAN_POINT('',(-0.15,3.,0.));
#2665 = VECTOR('',#2666,1.);
#2666 = DIRECTION('',(-4.555315873023E-16,-1.,0.));
#2667 = ORIENTED_EDGE('',*,*,#2668,.T.);
#2668 = EDGE_CURVE('',#2659,#2669,#2671,.T.);
#2669 = VERTEX_POINT('',#2670);
#2670 = CARTESIAN_POINT('',(-0.15,3.,0.2));
#2671 = LINE('',#2672,#2673);
#2672 = CARTESIAN_POINT('',(-0.15,3.,0.));
#2673 = VECTOR('',#2674,1.);
#2674 = DIRECTION('',(0.,0.,1.));
#2675 = ORIENTED_EDGE('',*,*,#2676,.T.);
#2676 = EDGE_CURVE('',#2669,#1866,#2677,.T.);
#2677 = LINE('',#2678,#2679);
#2678 = CARTESIAN_POINT('',(-0.15,3.,0.2));
#2679 = VECTOR('',#2680,1.);
#2680 = DIRECTION('',(-4.555315873023E-16,-1.,0.));
#2681 = ORIENTED_EDGE('',*,*,#1865,.F.);
#2682 = ORIENTED_EDGE('',*,*,#1662,.F.);
#2683 = ORIENTED_EDGE('',*,*,#2684,.F.);
#2684 = EDGE_CURVE('',#2661,#1654,#2685,.T.);
#2685 = LINE('',#2686,#2687);
#2686 = CARTESIAN_POINT('',(-0.15,2.75,0.));
#2687 = VECTOR('',#2688,1.);
#2688 = DIRECTION('',(0.,0.,1.));
#2689 = PLANE('',#2690);
#2690 = AXIS2_PLACEMENT_3D('',#2691,#2692,#2693);
#2691 = CARTESIAN_POINT('',(-0.15,3.,0.));
#2692 = DIRECTION('',(1.,-4.555315873023E-16,0.));
#2693 = DIRECTION('',(-4.555315873023E-16,-1.,0.));
#2694 = ADVANCED_FACE('',(#2695),#2729,.F.);
#2695 = FACE_BOUND('',#2696,.F.);
#2696 = EDGE_LOOP('',(#2697,#2707,#2713,#2714,#2715,#2723));
#2697 = ORIENTED_EDGE('',*,*,#2698,.F.);
#2698 = EDGE_CURVE('',#2699,#2701,#2703,.T.);
#2699 = VERTEX_POINT('',#2700);
#2700 = CARTESIAN_POINT('',(-2.75,0.15,0.));
#2701 = VERTEX_POINT('',#2702);
#2702 = CARTESIAN_POINT('',(-3.,0.15,0.));
#2703 = LINE('',#2704,#2705);
#2704 = CARTESIAN_POINT('',(-2.75,0.15,0.));
#2705 = VECTOR('',#2706,1.);
#2706 = DIRECTION('',(-1.,3.55951662292E-16,0.));
#2707 = ORIENTED_EDGE('',*,*,#2708,.T.);
#2708 = EDGE_CURVE('',#2699,#929,#2709,.T.);
#2709 = LINE('',#2710,#2711);
#2710 = CARTESIAN_POINT('',(-2.75,0.15,0.));
#2711 = VECTOR('',#2712,1.);
#2712 = DIRECTION('',(0.,0.,1.));
#2713 = ORIENTED_EDGE('',*,*,#928,.F.);
#2714 = ORIENTED_EDGE('',*,*,#2085,.F.);
#2715 = ORIENTED_EDGE('',*,*,#2716,.T.);
#2716 = EDGE_CURVE('',#2078,#2717,#2719,.T.);
#2717 = VERTEX_POINT('',#2718);
#2718 = CARTESIAN_POINT('',(-3.,0.15,0.2));
#2719 = LINE('',#2720,#2721);
#2720 = CARTESIAN_POINT('',(-2.75,0.15,0.2));
#2721 = VECTOR('',#2722,1.);
#2722 = DIRECTION('',(-1.,3.55951662292E-16,0.));
#2723 = ORIENTED_EDGE('',*,*,#2724,.F.);
#2724 = EDGE_CURVE('',#2701,#2717,#2725,.T.);
#2725 = LINE('',#2726,#2727);
#2726 = CARTESIAN_POINT('',(-3.,0.15,0.));
#2727 = VECTOR('',#2728,1.);
#2728 = DIRECTION('',(0.,0.,1.));
#2729 = PLANE('',#2730);
#2730 = AXIS2_PLACEMENT_3D('',#2731,#2732,#2733);
#2731 = CARTESIAN_POINT('',(-2.75,0.15,0.));
#2732 = DIRECTION('',(-3.55951662292E-16,-1.,0.));
#2733 = DIRECTION('',(-1.,3.55951662292E-16,0.));
#2734 = ADVANCED_FACE('',(#2735),#2754,.T.);
#2735 = FACE_BOUND('',#2736,.T.);
#2736 = EDGE_LOOP('',(#2737,#2745,#2746,#2747));
#2737 = ORIENTED_EDGE('',*,*,#2738,.T.);
#2738 = EDGE_CURVE('',#2739,#1646,#2741,.T.);
#2739 = VERTEX_POINT('',#2740);
#2740 = CARTESIAN_POINT('',(0.15,2.75,0.));
#2741 = LINE('',#2742,#2743);
#2742 = CARTESIAN_POINT('',(0.15,2.75,0.));
#2743 = VECTOR('',#2744,1.);
#2744 = DIRECTION('',(0.,0.,1.));
#2745 = ORIENTED_EDGE('',*,*,#1653,.T.);
#2746 = ORIENTED_EDGE('',*,*,#2684,.F.);
#2747 = ORIENTED_EDGE('',*,*,#2748,.T.);
#2748 = EDGE_CURVE('',#2661,#2739,#2749,.T.);
#2749 = CIRCLE('',#2750,0.15);
#2750 = AXIS2_PLACEMENT_3D('',#2751,#2752,#2753);
#2751 = CARTESIAN_POINT('',(9.436895709314E-16,2.75,0.));
#2752 = DIRECTION('',(0.,0.,1.));
#2753 = DIRECTION('',(-1.,4.555315873023E-16,0.));
#2754 = CYLINDRICAL_SURFACE('',#2755,0.15);
#2755 = AXIS2_PLACEMENT_3D('',#2756,#2757,#2758);
#2756 = CARTESIAN_POINT('',(9.436895709314E-16,2.75,0.));
#2757 = DIRECTION('',(0.,0.,-1.));
#2758 = DIRECTION('',(-1.,4.555315873023E-16,0.));
#2759 = ADVANCED_FACE('',(#2760),#2779,.T.);
#2760 = FACE_BOUND('',#2761,.T.);
#2761 = EDGE_LOOP('',(#2762,#2763,#2764,#2772));
#2762 = ORIENTED_EDGE('',*,*,#2708,.T.);
#2763 = ORIENTED_EDGE('',*,*,#936,.T.);
#2764 = ORIENTED_EDGE('',*,*,#2765,.F.);
#2765 = EDGE_CURVE('',#2766,#937,#2768,.T.);
#2766 = VERTEX_POINT('',#2767);
#2767 = CARTESIAN_POINT('',(-2.75,-0.15,0.));
#2768 = LINE('',#2769,#2770);
#2769 = CARTESIAN_POINT('',(-2.75,-0.15,0.));
#2770 = VECTOR('',#2771,1.);
#2771 = DIRECTION('',(0.,0.,1.));
#2772 = ORIENTED_EDGE('',*,*,#2773,.T.);
#2773 = EDGE_CURVE('',#2766,#2699,#2774,.T.);
#2774 = CIRCLE('',#2775,0.15);
#2775 = AXIS2_PLACEMENT_3D('',#2776,#2777,#2778);
#2776 = CARTESIAN_POINT('',(-2.75,9.71445146547E-16,0.));
#2777 = DIRECTION('',(0.,0.,1.));
#2778 = DIRECTION('',(-4.669739647545E-16,-1.,0.));
#2779 = CYLINDRICAL_SURFACE('',#2780,0.15);
#2780 = AXIS2_PLACEMENT_3D('',#2781,#2782,#2783);
#2781 = CARTESIAN_POINT('',(-2.75,9.71445146547E-16,0.));
#2782 = DIRECTION('',(0.,0.,-1.));
#2783 = DIRECTION('',(-4.669739647545E-16,-1.,-0.));
#2784 = ADVANCED_FACE('',(#2785),#2812,.F.);
#2785 = FACE_BOUND('',#2786,.F.);
#2786 = EDGE_LOOP('',(#2787,#2795,#2796,#2797,#2798,#2806));
#2787 = ORIENTED_EDGE('',*,*,#2788,.F.);
#2788 = EDGE_CURVE('',#2739,#2789,#2791,.T.);
#2789 = VERTEX_POINT('',#2790);
#2790 = CARTESIAN_POINT('',(0.15,3.,0.));
#2791 = LINE('',#2792,#2793);
#2792 = CARTESIAN_POINT('',(0.15,2.75,0.));
#2793 = VECTOR('',#2794,1.);
#2794 = DIRECTION('',(3.445092848398E-16,1.,0.));
#2795 = ORIENTED_EDGE('',*,*,#2738,.T.);
#2796 = ORIENTED_EDGE('',*,*,#1645,.F.);
#2797 = ORIENTED_EDGE('',*,*,#1881,.F.);
#2798 = ORIENTED_EDGE('',*,*,#2799,.T.);
#2799 = EDGE_CURVE('',#1874,#2800,#2802,.T.);
#2800 = VERTEX_POINT('',#2801);
#2801 = CARTESIAN_POINT('',(0.15,3.,0.2));
#2802 = LINE('',#2803,#2804);
#2803 = CARTESIAN_POINT('',(0.15,2.75,0.2));
#2804 = VECTOR('',#2805,1.);
#2805 = DIRECTION('',(3.445092848398E-16,1.,0.));
#2806 = ORIENTED_EDGE('',*,*,#2807,.F.);
#2807 = EDGE_CURVE('',#2789,#2800,#2808,.T.);
#2808 = LINE('',#2809,#2810);
#2809 = CARTESIAN_POINT('',(0.15,3.,0.));
#2810 = VECTOR('',#2811,1.);
#2811 = DIRECTION('',(0.,0.,1.));
#2812 = PLANE('',#2813);
#2813 = AXIS2_PLACEMENT_3D('',#2814,#2815,#2816);
#2814 = CARTESIAN_POINT('',(0.15,2.75,0.));
#2815 = DIRECTION('',(-1.,3.445092848398E-16,0.));
#2816 = DIRECTION('',(3.445092848398E-16,1.,0.));
#2817 = ADVANCED_FACE('',(#2818),#2845,.F.);
#2818 = FACE_BOUND('',#2819,.F.);
#2819 = EDGE_LOOP('',(#2820,#2828,#2836,#2842,#2843,#2844));
#2820 = ORIENTED_EDGE('',*,*,#2821,.F.);
#2821 = EDGE_CURVE('',#2822,#2766,#2824,.T.);
#2822 = VERTEX_POINT('',#2823);
#2823 = CARTESIAN_POINT('',(-3.,-0.15,0.));
#2824 = LINE('',#2825,#2826);
#2825 = CARTESIAN_POINT('',(-3.,-0.15,0.));
#2826 = VECTOR('',#2827,1.);
#2827 = DIRECTION('',(1.,-4.669739647545E-16,0.));
#2828 = ORIENTED_EDGE('',*,*,#2829,.T.);
#2829 = EDGE_CURVE('',#2822,#2830,#2832,.T.);
#2830 = VERTEX_POINT('',#2831);
#2831 = CARTESIAN_POINT('',(-3.,-0.15,0.2));
#2832 = LINE('',#2833,#2834);
#2833 = CARTESIAN_POINT('',(-3.,-0.15,0.));
#2834 = VECTOR('',#2835,1.);
#2835 = DIRECTION('',(0.,0.,1.));
#2836 = ORIENTED_EDGE('',*,*,#2837,.T.);
#2837 = EDGE_CURVE('',#2830,#2070,#2838,.T.);
#2838 = LINE('',#2839,#2840);
#2839 = CARTESIAN_POINT('',(-3.,-0.15,0.2));
#2840 = VECTOR('',#2841,1.);
#2841 = DIRECTION('',(1.,-4.669739647545E-16,0.));
#2842 = ORIENTED_EDGE('',*,*,#2069,.F.);
#2843 = ORIENTED_EDGE('',*,*,#945,.F.);
#2844 = ORIENTED_EDGE('',*,*,#2765,.F.);
#2845 = PLANE('',#2846);
#2846 = AXIS2_PLACEMENT_3D('',#2847,#2848,#2849);
#2847 = CARTESIAN_POINT('',(-3.,-0.15,0.));
#2848 = DIRECTION('',(4.669739647545E-16,1.,0.));
#2849 = DIRECTION('',(1.,-4.669739647545E-16,0.));
#2850 = ADVANCED_FACE('',(#2851),#2885,.F.);
#2851 = FACE_BOUND('',#2852,.F.);
#2852 = EDGE_LOOP('',(#2853,#2863,#2871,#2877,#2878,#2879));
#2853 = ORIENTED_EDGE('',*,*,#2854,.F.);
#2854 = EDGE_CURVE('',#2855,#2857,#2859,.T.);
#2855 = VERTEX_POINT('',#2856);
#2856 = CARTESIAN_POINT('',(0.5,3.,0.));
#2857 = VERTEX_POINT('',#2858);
#2858 = CARTESIAN_POINT('',(0.5,2.75,0.));
#2859 = LINE('',#2860,#2861);
#2860 = CARTESIAN_POINT('',(0.5,3.,0.));
#2861 = VECTOR('',#2862,1.);
#2862 = DIRECTION('',(-4.555315873023E-16,-1.,0.));
#2863 = ORIENTED_EDGE('',*,*,#2864,.T.);
#2864 = EDGE_CURVE('',#2855,#2865,#2867,.T.);
#2865 = VERTEX_POINT('',#2866);
#2866 = CARTESIAN_POINT('',(0.5,3.,0.2));
#2867 = LINE('',#2868,#2869);
#2868 = CARTESIAN_POINT('',(0.5,3.,0.));
#2869 = VECTOR('',#2870,1.);
#2870 = DIRECTION('',(0.,0.,1.));
#2871 = ORIENTED_EDGE('',*,*,#2872,.T.);
#2872 = EDGE_CURVE('',#2865,#1889,#2873,.T.);
#2873 = LINE('',#2874,#2875);
#2874 = CARTESIAN_POINT('',(0.5,3.,0.2));
#2875 = VECTOR('',#2876,1.);
#2876 = DIRECTION('',(-4.555315873023E-16,-1.,0.));
#2877 = ORIENTED_EDGE('',*,*,#1888,.F.);
#2878 = ORIENTED_EDGE('',*,*,#1629,.F.);
#2879 = ORIENTED_EDGE('',*,*,#2880,.F.);
#2880 = EDGE_CURVE('',#2857,#1621,#2881,.T.);
#2881 = LINE('',#2882,#2883);
#2882 = CARTESIAN_POINT('',(0.5,2.75,0.));
#2883 = VECTOR('',#2884,1.);
#2884 = DIRECTION('',(0.,0.,1.));
#2885 = PLANE('',#2886);
#2886 = AXIS2_PLACEMENT_3D('',#2887,#2888,#2889);
#2887 = CARTESIAN_POINT('',(0.5,3.,0.));
#2888 = DIRECTION('',(1.,-4.555315873023E-16,0.));
#2889 = DIRECTION('',(-4.555315873023E-16,-1.,0.));
#2890 = ADVANCED_FACE('',(#2891),#2925,.F.);
#2891 = FACE_BOUND('',#2892,.F.);
#2892 = EDGE_LOOP('',(#2893,#2903,#2909,#2910,#2911,#2919));
#2893 = ORIENTED_EDGE('',*,*,#2894,.F.);
#2894 = EDGE_CURVE('',#2895,#2897,#2899,.T.);
#2895 = VERTEX_POINT('',#2896);
#2896 = CARTESIAN_POINT('',(-2.75,-0.5,0.));
#2897 = VERTEX_POINT('',#2898);
#2898 = CARTESIAN_POINT('',(-3.,-0.5,0.));
#2899 = LINE('',#2900,#2901);
#2900 = CARTESIAN_POINT('',(-2.75,-0.5,0.));
#2901 = VECTOR('',#2902,1.);
#2902 = DIRECTION('',(-1.,3.55951662292E-16,0.));
#2903 = ORIENTED_EDGE('',*,*,#2904,.T.);
#2904 = EDGE_CURVE('',#2895,#962,#2905,.T.);
#2905 = LINE('',#2906,#2907);
#2906 = CARTESIAN_POINT('',(-2.75,-0.5,0.));
#2907 = VECTOR('',#2908,1.);
#2908 = DIRECTION('',(0.,0.,1.));
#2909 = ORIENTED_EDGE('',*,*,#961,.F.);
#2910 = ORIENTED_EDGE('',*,*,#2062,.F.);
#2911 = ORIENTED_EDGE('',*,*,#2912,.T.);
#2912 = EDGE_CURVE('',#2055,#2913,#2915,.T.);
#2913 = VERTEX_POINT('',#2914);
#2914 = CARTESIAN_POINT('',(-3.,-0.5,0.2));
#2915 = LINE('',#2916,#2917);
#2916 = CARTESIAN_POINT('',(-2.75,-0.5,0.2));
#2917 = VECTOR('',#2918,1.);
#2918 = DIRECTION('',(-1.,3.55951662292E-16,0.));
#2919 = ORIENTED_EDGE('',*,*,#2920,.F.);
#2920 = EDGE_CURVE('',#2897,#2913,#2921,.T.);
#2921 = LINE('',#2922,#2923);
#2922 = CARTESIAN_POINT('',(-3.,-0.5,0.));
#2923 = VECTOR('',#2924,1.);
#2924 = DIRECTION('',(0.,0.,1.));
#2925 = PLANE('',#2926);
#2926 = AXIS2_PLACEMENT_3D('',#2927,#2928,#2929);
#2927 = CARTESIAN_POINT('',(-2.75,-0.5,0.));
#2928 = DIRECTION('',(-3.55951662292E-16,-1.,0.));
#2929 = DIRECTION('',(-1.,3.55951662292E-16,0.));
#2930 = ADVANCED_FACE('',(#2931),#2950,.T.);
#2931 = FACE_BOUND('',#2932,.T.);
#2932 = EDGE_LOOP('',(#2933,#2941,#2942,#2943));
#2933 = ORIENTED_EDGE('',*,*,#2934,.T.);
#2934 = EDGE_CURVE('',#2935,#1613,#2937,.T.);
#2935 = VERTEX_POINT('',#2936);
#2936 = CARTESIAN_POINT('',(0.8,2.75,0.));
#2937 = LINE('',#2938,#2939);
#2938 = CARTESIAN_POINT('',(0.8,2.75,0.));
#2939 = VECTOR('',#2940,1.);
#2940 = DIRECTION('',(0.,0.,1.));
#2941 = ORIENTED_EDGE('',*,*,#1620,.T.);
#2942 = ORIENTED_EDGE('',*,*,#2880,.F.);
#2943 = ORIENTED_EDGE('',*,*,#2944,.T.);
#2944 = EDGE_CURVE('',#2857,#2935,#2945,.T.);
#2945 = CIRCLE('',#2946,0.15);
#2946 = AXIS2_PLACEMENT_3D('',#2947,#2948,#2949);
#2947 = CARTESIAN_POINT('',(0.65,2.75,0.));
#2948 = DIRECTION('',(0.,0.,1.));
#2949 = DIRECTION('',(-1.,4.555315873023E-16,0.));
#2950 = CYLINDRICAL_SURFACE('',#2951,0.15);
#2951 = AXIS2_PLACEMENT_3D('',#2952,#2953,#2954);
#2952 = CARTESIAN_POINT('',(0.65,2.75,0.));
#2953 = DIRECTION('',(0.,0.,-1.));
#2954 = DIRECTION('',(-1.,4.555315873023E-16,0.));
#2955 = ADVANCED_FACE('',(#2956),#2975,.T.);
#2956 = FACE_BOUND('',#2957,.T.);
#2957 = EDGE_LOOP('',(#2958,#2959,#2960,#2968));
#2958 = ORIENTED_EDGE('',*,*,#2904,.T.);
#2959 = ORIENTED_EDGE('',*,*,#969,.T.);
#2960 = ORIENTED_EDGE('',*,*,#2961,.F.);
#2961 = EDGE_CURVE('',#2962,#970,#2964,.T.);
#2962 = VERTEX_POINT('',#2963);
#2963 = CARTESIAN_POINT('',(-2.75,-0.8,0.));
#2964 = LINE('',#2965,#2966);
#2965 = CARTESIAN_POINT('',(-2.75,-0.8,0.));
#2966 = VECTOR('',#2967,1.);
#2967 = DIRECTION('',(0.,0.,1.));
#2968 = ORIENTED_EDGE('',*,*,#2969,.T.);
#2969 = EDGE_CURVE('',#2962,#2895,#2970,.T.);
#2970 = CIRCLE('',#2971,0.15);
#2971 = AXIS2_PLACEMENT_3D('',#2972,#2973,#2974);
#2972 = CARTESIAN_POINT('',(-2.75,-0.65,0.));
#2973 = DIRECTION('',(0.,0.,1.));
#2974 = DIRECTION('',(-4.669739647545E-16,-1.,0.));
#2975 = CYLINDRICAL_SURFACE('',#2976,0.15);
#2976 = AXIS2_PLACEMENT_3D('',#2977,#2978,#2979);
#2977 = CARTESIAN_POINT('',(-2.75,-0.65,0.));
#2978 = DIRECTION('',(0.,0.,-1.));
#2979 = DIRECTION('',(-4.669739647545E-16,-1.,-0.));
#2980 = ADVANCED_FACE('',(#2981),#3008,.F.);
#2981 = FACE_BOUND('',#2982,.F.);
#2982 = EDGE_LOOP('',(#2983,#2991,#2992,#2993,#2994,#3002));
#2983 = ORIENTED_EDGE('',*,*,#2984,.F.);
#2984 = EDGE_CURVE('',#2935,#2985,#2987,.T.);
#2985 = VERTEX_POINT('',#2986);
#2986 = CARTESIAN_POINT('',(0.8,3.,0.));
#2987 = LINE('',#2988,#2989);
#2988 = CARTESIAN_POINT('',(0.8,2.75,0.));
#2989 = VECTOR('',#2990,1.);
#2990 = DIRECTION('',(3.445092848398E-16,1.,0.));
#2991 = ORIENTED_EDGE('',*,*,#2934,.T.);
#2992 = ORIENTED_EDGE('',*,*,#1612,.F.);
#2993 = ORIENTED_EDGE('',*,*,#1904,.F.);
#2994 = ORIENTED_EDGE('',*,*,#2995,.T.);
#2995 = EDGE_CURVE('',#1897,#2996,#2998,.T.);
#2996 = VERTEX_POINT('',#2997);
#2997 = CARTESIAN_POINT('',(0.8,3.,0.2));
#2998 = LINE('',#2999,#3000);
#2999 = CARTESIAN_POINT('',(0.8,2.75,0.2));
#3000 = VECTOR('',#3001,1.);
#3001 = DIRECTION('',(3.445092848398E-16,1.,0.));
#3002 = ORIENTED_EDGE('',*,*,#3003,.F.);
#3003 = EDGE_CURVE('',#2985,#2996,#3004,.T.);
#3004 = LINE('',#3005,#3006);
#3005 = CARTESIAN_POINT('',(0.8,3.,0.));
#3006 = VECTOR('',#3007,1.);
#3007 = DIRECTION('',(0.,0.,1.));
#3008 = PLANE('',#3009);
#3009 = AXIS2_PLACEMENT_3D('',#3010,#3011,#3012);
#3010 = CARTESIAN_POINT('',(0.8,2.75,0.));
#3011 = DIRECTION('',(-1.,3.445092848398E-16,0.));
#3012 = DIRECTION('',(3.445092848398E-16,1.,0.));
#3013 = ADVANCED_FACE('',(#3014),#3041,.F.);
#3014 = FACE_BOUND('',#3015,.F.);
#3015 = EDGE_LOOP('',(#3016,#3024,#3032,#3038,#3039,#3040));
#3016 = ORIENTED_EDGE('',*,*,#3017,.F.);
#3017 = EDGE_CURVE('',#3018,#2962,#3020,.T.);
#3018 = VERTEX_POINT('',#3019);
#3019 = CARTESIAN_POINT('',(-3.,-0.8,0.));
#3020 = LINE('',#3021,#3022);
#3021 = CARTESIAN_POINT('',(-3.,-0.8,0.));
#3022 = VECTOR('',#3023,1.);
#3023 = DIRECTION('',(1.,-4.669739647545E-16,0.));
#3024 = ORIENTED_EDGE('',*,*,#3025,.T.);
#3025 = EDGE_CURVE('',#3018,#3026,#3028,.T.);
#3026 = VERTEX_POINT('',#3027);
#3027 = CARTESIAN_POINT('',(-3.,-0.8,0.2));
#3028 = LINE('',#3029,#3030);
#3029 = CARTESIAN_POINT('',(-3.,-0.8,0.));
#3030 = VECTOR('',#3031,1.);
#3031 = DIRECTION('',(0.,0.,1.));
#3032 = ORIENTED_EDGE('',*,*,#3033,.T.);
#3033 = EDGE_CURVE('',#3026,#2047,#3034,.T.);
#3034 = LINE('',#3035,#3036);
#3035 = CARTESIAN_POINT('',(-3.,-0.8,0.2));
#3036 = VECTOR('',#3037,1.);
#3037 = DIRECTION('',(1.,-4.669739647545E-16,0.));
#3038 = ORIENTED_EDGE('',*,*,#2046,.F.);
#3039 = ORIENTED_EDGE('',*,*,#978,.F.);
#3040 = ORIENTED_EDGE('',*,*,#2961,.F.);
#3041 = PLANE('',#3042);
#3042 = AXIS2_PLACEMENT_3D('',#3043,#3044,#3045);
#3043 = CARTESIAN_POINT('',(-3.,-0.8,0.));
#3044 = DIRECTION('',(4.669739647545E-16,1.,0.));
#3045 = DIRECTION('',(1.,-4.669739647545E-16,0.));
#3046 = ADVANCED_FACE('',(#3047),#3081,.F.);
#3047 = FACE_BOUND('',#3048,.F.);
#3048 = EDGE_LOOP('',(#3049,#3059,#3067,#3073,#3074,#3075));
#3049 = ORIENTED_EDGE('',*,*,#3050,.F.);
#3050 = EDGE_CURVE('',#3051,#3053,#3055,.T.);
#3051 = VERTEX_POINT('',#3052);
#3052 = CARTESIAN_POINT('',(1.15,3.,0.));
#3053 = VERTEX_POINT('',#3054);
#3054 = CARTESIAN_POINT('',(1.15,2.75,0.));
#3055 = LINE('',#3056,#3057);
#3056 = CARTESIAN_POINT('',(1.15,3.,0.));
#3057 = VECTOR('',#3058,1.);
#3058 = DIRECTION('',(-4.555315873023E-16,-1.,0.));
#3059 = ORIENTED_EDGE('',*,*,#3060,.T.);
#3060 = EDGE_CURVE('',#3051,#3061,#3063,.T.);
#3061 = VERTEX_POINT('',#3062);
#3062 = CARTESIAN_POINT('',(1.15,3.,0.2));
#3063 = LINE('',#3064,#3065);
#3064 = CARTESIAN_POINT('',(1.15,3.,0.));
#3065 = VECTOR('',#3066,1.);
#3066 = DIRECTION('',(0.,0.,1.));
#3067 = ORIENTED_EDGE('',*,*,#3068,.T.);
#3068 = EDGE_CURVE('',#3061,#1912,#3069,.T.);
#3069 = LINE('',#3070,#3071);
#3070 = CARTESIAN_POINT('',(1.15,3.,0.2));
#3071 = VECTOR('',#3072,1.);
#3072 = DIRECTION('',(-4.555315873023E-16,-1.,0.));
#3073 = ORIENTED_EDGE('',*,*,#1911,.F.);
#3074 = ORIENTED_EDGE('',*,*,#1596,.F.);
#3075 = ORIENTED_EDGE('',*,*,#3076,.F.);
#3076 = EDGE_CURVE('',#3053,#1588,#3077,.T.);
#3077 = LINE('',#3078,#3079);
#3078 = CARTESIAN_POINT('',(1.15,2.75,0.));
#3079 = VECTOR('',#3080,1.);
#3080 = DIRECTION('',(0.,0.,1.));
#3081 = PLANE('',#3082);
#3082 = AXIS2_PLACEMENT_3D('',#3083,#3084,#3085);
#3083 = CARTESIAN_POINT('',(1.15,3.,0.));
#3084 = DIRECTION('',(1.,-4.555315873023E-16,0.));
#3085 = DIRECTION('',(-4.555315873023E-16,-1.,0.));
#3086 = ADVANCED_FACE('',(#3087),#3121,.F.);
#3087 = FACE_BOUND('',#3088,.F.);
#3088 = EDGE_LOOP('',(#3089,#3099,#3105,#3106,#3107,#3115));
#3089 = ORIENTED_EDGE('',*,*,#3090,.F.);
#3090 = EDGE_CURVE('',#3091,#3093,#3095,.T.);
#3091 = VERTEX_POINT('',#3092);
#3092 = CARTESIAN_POINT('',(-2.75,-1.15,0.));
#3093 = VERTEX_POINT('',#3094);
#3094 = CARTESIAN_POINT('',(-3.,-1.15,0.));
#3095 = LINE('',#3096,#3097);
#3096 = CARTESIAN_POINT('',(-2.75,-1.15,0.));
#3097 = VECTOR('',#3098,1.);
#3098 = DIRECTION('',(-1.,3.55951662292E-16,0.));
#3099 = ORIENTED_EDGE('',*,*,#3100,.T.);
#3100 = EDGE_CURVE('',#3091,#995,#3101,.T.);
#3101 = LINE('',#3102,#3103);
#3102 = CARTESIAN_POINT('',(-2.75,-1.15,0.));
#3103 = VECTOR('',#3104,1.);
#3104 = DIRECTION('',(0.,0.,1.));
#3105 = ORIENTED_EDGE('',*,*,#994,.F.);
#3106 = ORIENTED_EDGE('',*,*,#2039,.F.);
#3107 = ORIENTED_EDGE('',*,*,#3108,.T.);
#3108 = EDGE_CURVE('',#2032,#3109,#3111,.T.);
#3109 = VERTEX_POINT('',#3110);
#3110 = CARTESIAN_POINT('',(-3.,-1.15,0.2));
#3111 = LINE('',#3112,#3113);
#3112 = CARTESIAN_POINT('',(-2.75,-1.15,0.2));
#3113 = VECTOR('',#3114,1.);
#3114 = DIRECTION('',(-1.,3.55951662292E-16,0.));
#3115 = ORIENTED_EDGE('',*,*,#3116,.F.);
#3116 = EDGE_CURVE('',#3093,#3109,#3117,.T.);
#3117 = LINE('',#3118,#3119);
#3118 = CARTESIAN_POINT('',(-3.,-1.15,0.));
#3119 = VECTOR('',#3120,1.);
#3120 = DIRECTION('',(0.,0.,1.));
#3121 = PLANE('',#3122);
#3122 = AXIS2_PLACEMENT_3D('',#3123,#3124,#3125);
#3123 = CARTESIAN_POINT('',(-2.75,-1.15,0.));
#3124 = DIRECTION('',(-3.55951662292E-16,-1.,0.));
#3125 = DIRECTION('',(-1.,3.55951662292E-16,0.));
#3126 = ADVANCED_FACE('',(#3127),#3146,.T.);
#3127 = FACE_BOUND('',#3128,.T.);
#3128 = EDGE_LOOP('',(#3129,#3137,#3138,#3139));
#3129 = ORIENTED_EDGE('',*,*,#3130,.T.);
#3130 = EDGE_CURVE('',#3131,#1580,#3133,.T.);
#3131 = VERTEX_POINT('',#3132);
#3132 = CARTESIAN_POINT('',(1.45,2.75,0.));
#3133 = LINE('',#3134,#3135);
#3134 = CARTESIAN_POINT('',(1.45,2.75,0.));
#3135 = VECTOR('',#3136,1.);
#3136 = DIRECTION('',(0.,0.,1.));
#3137 = ORIENTED_EDGE('',*,*,#1587,.T.);
#3138 = ORIENTED_EDGE('',*,*,#3076,.F.);
#3139 = ORIENTED_EDGE('',*,*,#3140,.T.);
#3140 = EDGE_CURVE('',#3053,#3131,#3141,.T.);
#3141 = CIRCLE('',#3142,0.15);
#3142 = AXIS2_PLACEMENT_3D('',#3143,#3144,#3145);
#3143 = CARTESIAN_POINT('',(1.3,2.75,0.));
#3144 = DIRECTION('',(0.,0.,1.));
#3145 = DIRECTION('',(-1.,4.555315873023E-16,0.));
#3146 = CYLINDRICAL_SURFACE('',#3147,0.15);
#3147 = AXIS2_PLACEMENT_3D('',#3148,#3149,#3150);
#3148 = CARTESIAN_POINT('',(1.3,2.75,0.));
#3149 = DIRECTION('',(0.,0.,-1.));
#3150 = DIRECTION('',(-1.,4.555315873023E-16,0.));
#3151 = ADVANCED_FACE('',(#3152),#3171,.T.);
#3152 = FACE_BOUND('',#3153,.T.);
#3153 = EDGE_LOOP('',(#3154,#3155,#3156,#3164));
#3154 = ORIENTED_EDGE('',*,*,#3100,.T.);
#3155 = ORIENTED_EDGE('',*,*,#1002,.T.);
#3156 = ORIENTED_EDGE('',*,*,#3157,.F.);
#3157 = EDGE_CURVE('',#3158,#1003,#3160,.T.);
#3158 = VERTEX_POINT('',#3159);
#3159 = CARTESIAN_POINT('',(-2.75,-1.45,0.));
#3160 = LINE('',#3161,#3162);
#3161 = CARTESIAN_POINT('',(-2.75,-1.45,0.));
#3162 = VECTOR('',#3163,1.);
#3163 = DIRECTION('',(0.,0.,1.));
#3164 = ORIENTED_EDGE('',*,*,#3165,.T.);
#3165 = EDGE_CURVE('',#3158,#3091,#3166,.T.);
#3166 = CIRCLE('',#3167,0.15);
#3167 = AXIS2_PLACEMENT_3D('',#3168,#3169,#3170);
#3168 = CARTESIAN_POINT('',(-2.75,-1.3,0.));
#3169 = DIRECTION('',(0.,0.,1.));
#3170 = DIRECTION('',(-4.669739647545E-16,-1.,0.));
#3171 = CYLINDRICAL_SURFACE('',#3172,0.15);
#3172 = AXIS2_PLACEMENT_3D('',#3173,#3174,#3175);
#3173 = CARTESIAN_POINT('',(-2.75,-1.3,0.));
#3174 = DIRECTION('',(0.,0.,-1.));
#3175 = DIRECTION('',(-4.669739647545E-16,-1.,-0.));
#3176 = ADVANCED_FACE('',(#3177),#3204,.F.);
#3177 = FACE_BOUND('',#3178,.F.);
#3178 = EDGE_LOOP('',(#3179,#3187,#3188,#3189,#3190,#3198));
#3179 = ORIENTED_EDGE('',*,*,#3180,.F.);
#3180 = EDGE_CURVE('',#3131,#3181,#3183,.T.);
#3181 = VERTEX_POINT('',#3182);
#3182 = CARTESIAN_POINT('',(1.45,3.,0.));
#3183 = LINE('',#3184,#3185);
#3184 = CARTESIAN_POINT('',(1.45,2.75,0.));
#3185 = VECTOR('',#3186,1.);
#3186 = DIRECTION('',(3.445092848398E-16,1.,0.));
#3187 = ORIENTED_EDGE('',*,*,#3130,.T.);
#3188 = ORIENTED_EDGE('',*,*,#1579,.F.);
#3189 = ORIENTED_EDGE('',*,*,#1927,.F.);
#3190 = ORIENTED_EDGE('',*,*,#3191,.T.);
#3191 = EDGE_CURVE('',#1920,#3192,#3194,.T.);
#3192 = VERTEX_POINT('',#3193);
#3193 = CARTESIAN_POINT('',(1.45,3.,0.2));
#3194 = LINE('',#3195,#3196);
#3195 = CARTESIAN_POINT('',(1.45,2.75,0.2));
#3196 = VECTOR('',#3197,1.);
#3197 = DIRECTION('',(3.445092848398E-16,1.,0.));
#3198 = ORIENTED_EDGE('',*,*,#3199,.F.);
#3199 = EDGE_CURVE('',#3181,#3192,#3200,.T.);
#3200 = LINE('',#3201,#3202);
#3201 = CARTESIAN_POINT('',(1.45,3.,0.));
#3202 = VECTOR('',#3203,1.);
#3203 = DIRECTION('',(0.,0.,1.));
#3204 = PLANE('',#3205);
#3205 = AXIS2_PLACEMENT_3D('',#3206,#3207,#3208);
#3206 = CARTESIAN_POINT('',(1.45,2.75,0.));
#3207 = DIRECTION('',(-1.,3.445092848398E-16,0.));
#3208 = DIRECTION('',(3.445092848398E-16,1.,0.));
#3209 = ADVANCED_FACE('',(#3210),#3237,.F.);
#3210 = FACE_BOUND('',#3211,.F.);
#3211 = EDGE_LOOP('',(#3212,#3220,#3228,#3234,#3235,#3236));
#3212 = ORIENTED_EDGE('',*,*,#3213,.F.);
#3213 = EDGE_CURVE('',#3214,#3158,#3216,.T.);
#3214 = VERTEX_POINT('',#3215);
#3215 = CARTESIAN_POINT('',(-3.,-1.45,0.));
#3216 = LINE('',#3217,#3218);
#3217 = CARTESIAN_POINT('',(-3.,-1.45,0.));
#3218 = VECTOR('',#3219,1.);
#3219 = DIRECTION('',(1.,-4.669739647545E-16,0.));
#3220 = ORIENTED_EDGE('',*,*,#3221,.T.);
#3221 = EDGE_CURVE('',#3214,#3222,#3224,.T.);
#3222 = VERTEX_POINT('',#3223);
#3223 = CARTESIAN_POINT('',(-3.,-1.45,0.2));
#3224 = LINE('',#3225,#3226);
#3225 = CARTESIAN_POINT('',(-3.,-1.45,0.));
#3226 = VECTOR('',#3227,1.);
#3227 = DIRECTION('',(0.,0.,1.));
#3228 = ORIENTED_EDGE('',*,*,#3229,.T.);
#3229 = EDGE_CURVE('',#3222,#2024,#3230,.T.);
#3230 = LINE('',#3231,#3232);
#3231 = CARTESIAN_POINT('',(-3.,-1.45,0.2));
#3232 = VECTOR('',#3233,1.);
#3233 = DIRECTION('',(1.,-4.669739647545E-16,0.));
#3234 = ORIENTED_EDGE('',*,*,#2023,.F.);
#3235 = ORIENTED_EDGE('',*,*,#1011,.F.);
#3236 = ORIENTED_EDGE('',*,*,#3157,.F.);
#3237 = PLANE('',#3238);
#3238 = AXIS2_PLACEMENT_3D('',#3239,#3240,#3241);
#3239 = CARTESIAN_POINT('',(-3.,-1.45,0.));
#3240 = DIRECTION('',(4.669739647545E-16,1.,0.));
#3241 = DIRECTION('',(1.,-4.669739647545E-16,0.));
#3242 = ADVANCED_FACE('',(#3243),#3277,.F.);
#3243 = FACE_BOUND('',#3244,.F.);
#3244 = EDGE_LOOP('',(#3245,#3255,#3263,#3269,#3270,#3271));
#3245 = ORIENTED_EDGE('',*,*,#3246,.F.);
#3246 = EDGE_CURVE('',#3247,#3249,#3251,.T.);
#3247 = VERTEX_POINT('',#3248);
#3248 = CARTESIAN_POINT('',(1.8,3.,0.));
#3249 = VERTEX_POINT('',#3250);
#3250 = CARTESIAN_POINT('',(1.8,2.75,0.));
#3251 = LINE('',#3252,#3253);
#3252 = CARTESIAN_POINT('',(1.8,3.,0.));
#3253 = VECTOR('',#3254,1.);
#3254 = DIRECTION('',(-4.555315873023E-16,-1.,0.));
#3255 = ORIENTED_EDGE('',*,*,#3256,.T.);
#3256 = EDGE_CURVE('',#3247,#3257,#3259,.T.);
#3257 = VERTEX_POINT('',#3258);
#3258 = CARTESIAN_POINT('',(1.8,3.,0.2));
#3259 = LINE('',#3260,#3261);
#3260 = CARTESIAN_POINT('',(1.8,3.,0.));
#3261 = VECTOR('',#3262,1.);
#3262 = DIRECTION('',(0.,0.,1.));
#3263 = ORIENTED_EDGE('',*,*,#3264,.T.);
#3264 = EDGE_CURVE('',#3257,#1935,#3265,.T.);
#3265 = LINE('',#3266,#3267);
#3266 = CARTESIAN_POINT('',(1.8,3.,0.2));
#3267 = VECTOR('',#3268,1.);
#3268 = DIRECTION('',(-4.555315873023E-16,-1.,0.));
#3269 = ORIENTED_EDGE('',*,*,#1934,.F.);
#3270 = ORIENTED_EDGE('',*,*,#1563,.F.);
#3271 = ORIENTED_EDGE('',*,*,#3272,.F.);
#3272 = EDGE_CURVE('',#3249,#1555,#3273,.T.);
#3273 = LINE('',#3274,#3275);
#3274 = CARTESIAN_POINT('',(1.8,2.75,0.));
#3275 = VECTOR('',#3276,1.);
#3276 = DIRECTION('',(0.,0.,1.));
#3277 = PLANE('',#3278);
#3278 = AXIS2_PLACEMENT_3D('',#3279,#3280,#3281);
#3279 = CARTESIAN_POINT('',(1.8,3.,0.));
#3280 = DIRECTION('',(1.,-4.555315873023E-16,0.));
#3281 = DIRECTION('',(-4.555315873023E-16,-1.,0.));
#3282 = ADVANCED_FACE('',(#3283),#3317,.F.);
#3283 = FACE_BOUND('',#3284,.F.);
#3284 = EDGE_LOOP('',(#3285,#3295,#3301,#3302,#3303,#3311));
#3285 = ORIENTED_EDGE('',*,*,#3286,.F.);
#3286 = EDGE_CURVE('',#3287,#3289,#3291,.T.);
#3287 = VERTEX_POINT('',#3288);
#3288 = CARTESIAN_POINT('',(-2.75,-1.8,0.));
#3289 = VERTEX_POINT('',#3290);
#3290 = CARTESIAN_POINT('',(-3.,-1.8,0.));
#3291 = LINE('',#3292,#3293);
#3292 = CARTESIAN_POINT('',(-2.75,-1.8,0.));
#3293 = VECTOR('',#3294,1.);
#3294 = DIRECTION('',(-1.,3.55951662292E-16,0.));
#3295 = ORIENTED_EDGE('',*,*,#3296,.T.);
#3296 = EDGE_CURVE('',#3287,#1028,#3297,.T.);
#3297 = LINE('',#3298,#3299);
#3298 = CARTESIAN_POINT('',(-2.75,-1.8,0.));
#3299 = VECTOR('',#3300,1.);
#3300 = DIRECTION('',(0.,0.,1.));
#3301 = ORIENTED_EDGE('',*,*,#1027,.F.);
#3302 = ORIENTED_EDGE('',*,*,#2016,.F.);
#3303 = ORIENTED_EDGE('',*,*,#3304,.T.);
#3304 = EDGE_CURVE('',#2009,#3305,#3307,.T.);
#3305 = VERTEX_POINT('',#3306);
#3306 = CARTESIAN_POINT('',(-3.,-1.8,0.2));
#3307 = LINE('',#3308,#3309);
#3308 = CARTESIAN_POINT('',(-2.75,-1.8,0.2));
#3309 = VECTOR('',#3310,1.);
#3310 = DIRECTION('',(-1.,3.55951662292E-16,0.));
#3311 = ORIENTED_EDGE('',*,*,#3312,.F.);
#3312 = EDGE_CURVE('',#3289,#3305,#3313,.T.);
#3313 = LINE('',#3314,#3315);
#3314 = CARTESIAN_POINT('',(-3.,-1.8,0.));
#3315 = VECTOR('',#3316,1.);
#3316 = DIRECTION('',(0.,0.,1.));
#3317 = PLANE('',#3318);
#3318 = AXIS2_PLACEMENT_3D('',#3319,#3320,#3321);
#3319 = CARTESIAN_POINT('',(-2.75,-1.8,0.));
#3320 = DIRECTION('',(-3.55951662292E-16,-1.,0.));
#3321 = DIRECTION('',(-1.,3.55951662292E-16,0.));
#3322 = ADVANCED_FACE('',(#3323),#3342,.T.);
#3323 = FACE_BOUND('',#3324,.T.);
#3324 = EDGE_LOOP('',(#3325,#3333,#3334,#3335));
#3325 = ORIENTED_EDGE('',*,*,#3326,.T.);
#3326 = EDGE_CURVE('',#3327,#1547,#3329,.T.);
#3327 = VERTEX_POINT('',#3328);
#3328 = CARTESIAN_POINT('',(2.1,2.75,0.));
#3329 = LINE('',#3330,#3331);
#3330 = CARTESIAN_POINT('',(2.1,2.75,0.));
#3331 = VECTOR('',#3332,1.);
#3332 = DIRECTION('',(0.,0.,1.));
#3333 = ORIENTED_EDGE('',*,*,#1554,.T.);
#3334 = ORIENTED_EDGE('',*,*,#3272,.F.);
#3335 = ORIENTED_EDGE('',*,*,#3336,.T.);
#3336 = EDGE_CURVE('',#3249,#3327,#3337,.T.);
#3337 = CIRCLE('',#3338,0.15);
#3338 = AXIS2_PLACEMENT_3D('',#3339,#3340,#3341);
#3339 = CARTESIAN_POINT('',(1.95,2.75,0.));
#3340 = DIRECTION('',(0.,0.,1.));
#3341 = DIRECTION('',(-1.,4.555315873023E-16,0.));
#3342 = CYLINDRICAL_SURFACE('',#3343,0.15);
#3343 = AXIS2_PLACEMENT_3D('',#3344,#3345,#3346);
#3344 = CARTESIAN_POINT('',(1.95,2.75,0.));
#3345 = DIRECTION('',(0.,0.,-1.));
#3346 = DIRECTION('',(-1.,4.555315873023E-16,0.));
#3347 = ADVANCED_FACE('',(#3348),#3367,.T.);
#3348 = FACE_BOUND('',#3349,.T.);
#3349 = EDGE_LOOP('',(#3350,#3351,#3352,#3360));
#3350 = ORIENTED_EDGE('',*,*,#3296,.T.);
#3351 = ORIENTED_EDGE('',*,*,#1035,.T.);
#3352 = ORIENTED_EDGE('',*,*,#3353,.F.);
#3353 = EDGE_CURVE('',#3354,#1036,#3356,.T.);
#3354 = VERTEX_POINT('',#3355);
#3355 = CARTESIAN_POINT('',(-2.75,-2.1,0.));
#3356 = LINE('',#3357,#3358);
#3357 = CARTESIAN_POINT('',(-2.75,-2.1,0.));
#3358 = VECTOR('',#3359,1.);
#3359 = DIRECTION('',(0.,0.,1.));
#3360 = ORIENTED_EDGE('',*,*,#3361,.T.);
#3361 = EDGE_CURVE('',#3354,#3287,#3362,.T.);
#3362 = CIRCLE('',#3363,0.15);
#3363 = AXIS2_PLACEMENT_3D('',#3364,#3365,#3366);
#3364 = CARTESIAN_POINT('',(-2.75,-1.95,0.));
#3365 = DIRECTION('',(0.,0.,1.));
#3366 = DIRECTION('',(-4.669739647545E-16,-1.,0.));
#3367 = CYLINDRICAL_SURFACE('',#3368,0.15);
#3368 = AXIS2_PLACEMENT_3D('',#3369,#3370,#3371);
#3369 = CARTESIAN_POINT('',(-2.75,-1.95,0.));
#3370 = DIRECTION('',(0.,0.,-1.));
#3371 = DIRECTION('',(-4.669739647545E-16,-1.,-0.));
#3372 = ADVANCED_FACE('',(#3373),#3400,.F.);
#3373 = FACE_BOUND('',#3374,.F.);
#3374 = EDGE_LOOP('',(#3375,#3383,#3384,#3385,#3386,#3394));
#3375 = ORIENTED_EDGE('',*,*,#3376,.F.);
#3376 = EDGE_CURVE('',#3327,#3377,#3379,.T.);
#3377 = VERTEX_POINT('',#3378);
#3378 = CARTESIAN_POINT('',(2.1,3.,0.));
#3379 = LINE('',#3380,#3381);
#3380 = CARTESIAN_POINT('',(2.1,2.75,0.));
#3381 = VECTOR('',#3382,1.);
#3382 = DIRECTION('',(3.445092848398E-16,1.,0.));
#3383 = ORIENTED_EDGE('',*,*,#3326,.T.);
#3384 = ORIENTED_EDGE('',*,*,#1546,.F.);
#3385 = ORIENTED_EDGE('',*,*,#1950,.F.);
#3386 = ORIENTED_EDGE('',*,*,#3387,.T.);
#3387 = EDGE_CURVE('',#1943,#3388,#3390,.T.);
#3388 = VERTEX_POINT('',#3389);
#3389 = CARTESIAN_POINT('',(2.1,3.,0.2));
#3390 = LINE('',#3391,#3392);
#3391 = CARTESIAN_POINT('',(2.1,2.75,0.2));
#3392 = VECTOR('',#3393,1.);
#3393 = DIRECTION('',(3.445092848398E-16,1.,0.));
#3394 = ORIENTED_EDGE('',*,*,#3395,.F.);
#3395 = EDGE_CURVE('',#3377,#3388,#3396,.T.);
#3396 = LINE('',#3397,#3398);
#3397 = CARTESIAN_POINT('',(2.1,3.,0.));
#3398 = VECTOR('',#3399,1.);
#3399 = DIRECTION('',(0.,0.,1.));
#3400 = PLANE('',#3401);
#3401 = AXIS2_PLACEMENT_3D('',#3402,#3403,#3404);
#3402 = CARTESIAN_POINT('',(2.1,2.75,0.));
#3403 = DIRECTION('',(-1.,3.445092848398E-16,0.));
#3404 = DIRECTION('',(3.445092848398E-16,1.,0.));
#3405 = ADVANCED_FACE('',(#3406),#3433,.F.);
#3406 = FACE_BOUND('',#3407,.F.);
#3407 = EDGE_LOOP('',(#3408,#3416,#3424,#3430,#3431,#3432));
#3408 = ORIENTED_EDGE('',*,*,#3409,.F.);
#3409 = EDGE_CURVE('',#3410,#3354,#3412,.T.);
#3410 = VERTEX_POINT('',#3411);
#3411 = CARTESIAN_POINT('',(-3.,-2.1,0.));
#3412 = LINE('',#3413,#3414);
#3413 = CARTESIAN_POINT('',(-3.,-2.1,0.));
#3414 = VECTOR('',#3415,1.);
#3415 = DIRECTION('',(1.,-4.669739647545E-16,0.));
#3416 = ORIENTED_EDGE('',*,*,#3417,.T.);
#3417 = EDGE_CURVE('',#3410,#3418,#3420,.T.);
#3418 = VERTEX_POINT('',#3419);
#3419 = CARTESIAN_POINT('',(-3.,-2.1,0.2));
#3420 = LINE('',#3421,#3422);
#3421 = CARTESIAN_POINT('',(-3.,-2.1,0.));
#3422 = VECTOR('',#3423,1.);
#3423 = DIRECTION('',(0.,0.,1.));
#3424 = ORIENTED_EDGE('',*,*,#3425,.T.);
#3425 = EDGE_CURVE('',#3418,#2001,#3426,.T.);
#3426 = LINE('',#3427,#3428);
#3427 = CARTESIAN_POINT('',(-3.,-2.1,0.2));
#3428 = VECTOR('',#3429,1.);
#3429 = DIRECTION('',(1.,-4.669739647545E-16,0.));
#3430 = ORIENTED_EDGE('',*,*,#2000,.F.);
#3431 = ORIENTED_EDGE('',*,*,#1044,.F.);
#3432 = ORIENTED_EDGE('',*,*,#3353,.F.);
#3433 = PLANE('',#3434);
#3434 = AXIS2_PLACEMENT_3D('',#3435,#3436,#3437);
#3435 = CARTESIAN_POINT('',(-3.,-2.1,0.));
#3436 = DIRECTION('',(4.669739647545E-16,1.,0.));
#3437 = DIRECTION('',(1.,-4.669739647545E-16,0.));
#3438 = ADVANCED_FACE('',(#3439),#3618,.T.);
#3439 = FACE_BOUND('',#3440,.T.);
#3440 = EDGE_LOOP('',(#3441,#3442,#3443,#3451,#3457,#3458,#3466,#3474,
    #3480,#3481,#3489,#3497,#3503,#3504,#3512,#3520,#3526,#3527,#3535,
    #3543,#3549,#3550,#3558,#3566,#3572,#3573,#3581,#3589,#3595,#3596,
    #3604,#3612));
#3441 = ORIENTED_EDGE('',*,*,#1530,.F.);
#3442 = ORIENTED_EDGE('',*,*,#1957,.T.);
#3443 = ORIENTED_EDGE('',*,*,#3444,.T.);
#3444 = EDGE_CURVE('',#1796,#3445,#3447,.T.);
#3445 = VERTEX_POINT('',#3446);
#3446 = CARTESIAN_POINT('',(2.99,-2.99,0.92));
#3447 = LINE('',#3448,#3449);
#3448 = CARTESIAN_POINT('',(2.99,2.99,0.92));
#3449 = VECTOR('',#3450,1.);
#3450 = DIRECTION('',(-2.22044604925E-16,-1.,0.));
#3451 = ORIENTED_EDGE('',*,*,#3452,.F.);
#3452 = EDGE_CURVE('',#1292,#3445,#3453,.T.);
#3453 = LINE('',#3454,#3455);
#3454 = CARTESIAN_POINT('',(2.99,-2.99,2.E-02));
#3455 = VECTOR('',#3456,1.);
#3456 = DIRECTION('',(0.,0.,1.));
#3457 = ORIENTED_EDGE('',*,*,#1299,.F.);
#3458 = ORIENTED_EDGE('',*,*,#3459,.T.);
#3459 = EDGE_CURVE('',#1300,#3460,#3462,.T.);
#3460 = VERTEX_POINT('',#3461);
#3461 = CARTESIAN_POINT('',(2.99,-2.1,0.2));
#3462 = LINE('',#3463,#3464);
#3463 = CARTESIAN_POINT('',(2.99,-2.1,1.E-02));
#3464 = VECTOR('',#3465,1.);
#3465 = DIRECTION('',(0.,0.,1.));
#3466 = ORIENTED_EDGE('',*,*,#3467,.T.);
#3467 = EDGE_CURVE('',#3460,#3468,#3470,.T.);
#3468 = VERTEX_POINT('',#3469);
#3469 = CARTESIAN_POINT('',(2.99,-1.8,0.2));
#3470 = LINE('',#3471,#3472);
#3471 = CARTESIAN_POINT('',(2.99,0.595,0.2));
#3472 = VECTOR('',#3473,1.);
#3473 = DIRECTION('',(2.22044604925E-16,1.,0.));
#3474 = ORIENTED_EDGE('',*,*,#3475,.T.);
#3475 = EDGE_CURVE('',#3468,#1325,#3476,.T.);
#3476 = LINE('',#3477,#3478);
#3477 = CARTESIAN_POINT('',(2.99,-1.8,1.E-02));
#3478 = VECTOR('',#3479,1.);
#3479 = DIRECTION('',(0.,-0.,-1.));
#3480 = ORIENTED_EDGE('',*,*,#1332,.F.);
#3481 = ORIENTED_EDGE('',*,*,#3482,.T.);
#3482 = EDGE_CURVE('',#1333,#3483,#3485,.T.);
#3483 = VERTEX_POINT('',#3484);
#3484 = CARTESIAN_POINT('',(2.99,-1.45,0.2));
#3485 = LINE('',#3486,#3487);
#3486 = CARTESIAN_POINT('',(2.99,-1.45,1.E-02));
#3487 = VECTOR('',#3488,1.);
#3488 = DIRECTION('',(0.,0.,1.));
#3489 = ORIENTED_EDGE('',*,*,#3490,.T.);
#3490 = EDGE_CURVE('',#3483,#3491,#3493,.T.);
#3491 = VERTEX_POINT('',#3492);
#3492 = CARTESIAN_POINT('',(2.99,-1.15,0.2));
#3493 = LINE('',#3494,#3495);
#3494 = CARTESIAN_POINT('',(2.99,0.92,0.2));
#3495 = VECTOR('',#3496,1.);
#3496 = DIRECTION('',(2.22044604925E-16,1.,0.));
#3497 = ORIENTED_EDGE('',*,*,#3498,.T.);
#3498 = EDGE_CURVE('',#3491,#1358,#3499,.T.);
#3499 = LINE('',#3500,#3501);
#3500 = CARTESIAN_POINT('',(2.99,-1.15,1.E-02));
#3501 = VECTOR('',#3502,1.);
#3502 = DIRECTION('',(0.,-0.,-1.));
#3503 = ORIENTED_EDGE('',*,*,#1365,.F.);
#3504 = ORIENTED_EDGE('',*,*,#3505,.T.);
#3505 = EDGE_CURVE('',#1366,#3506,#3508,.T.);
#3506 = VERTEX_POINT('',#3507);
#3507 = CARTESIAN_POINT('',(2.99,-0.8,0.2));
#3508 = LINE('',#3509,#3510);
#3509 = CARTESIAN_POINT('',(2.99,-0.8,1.E-02));
#3510 = VECTOR('',#3511,1.);
#3511 = DIRECTION('',(0.,0.,1.));
#3512 = ORIENTED_EDGE('',*,*,#3513,.T.);
#3513 = EDGE_CURVE('',#3506,#3514,#3516,.T.);
#3514 = VERTEX_POINT('',#3515);
#3515 = CARTESIAN_POINT('',(2.99,-0.5,0.2));
#3516 = LINE('',#3517,#3518);
#3517 = CARTESIAN_POINT('',(2.99,1.245,0.2));
#3518 = VECTOR('',#3519,1.);
#3519 = DIRECTION('',(2.22044604925E-16,1.,0.));
#3520 = ORIENTED_EDGE('',*,*,#3521,.T.);
#3521 = EDGE_CURVE('',#3514,#1391,#3522,.T.);
#3522 = LINE('',#3523,#3524);
#3523 = CARTESIAN_POINT('',(2.99,-0.5,1.E-02));
#3524 = VECTOR('',#3525,1.);
#3525 = DIRECTION('',(0.,-0.,-1.));
#3526 = ORIENTED_EDGE('',*,*,#1398,.F.);
#3527 = ORIENTED_EDGE('',*,*,#3528,.T.);
#3528 = EDGE_CURVE('',#1399,#3529,#3531,.T.);
#3529 = VERTEX_POINT('',#3530);
#3530 = CARTESIAN_POINT('',(2.99,-0.15,0.2));
#3531 = LINE('',#3532,#3533);
#3532 = CARTESIAN_POINT('',(2.99,-0.15,1.E-02));
#3533 = VECTOR('',#3534,1.);
#3534 = DIRECTION('',(0.,0.,1.));
#3535 = ORIENTED_EDGE('',*,*,#3536,.T.);
#3536 = EDGE_CURVE('',#3529,#3537,#3539,.T.);
#3537 = VERTEX_POINT('',#3538);
#3538 = CARTESIAN_POINT('',(2.99,0.15,0.2));
#3539 = LINE('',#3540,#3541);
#3540 = CARTESIAN_POINT('',(2.99,1.57,0.2));
#3541 = VECTOR('',#3542,1.);
#3542 = DIRECTION('',(2.22044604925E-16,1.,0.));
#3543 = ORIENTED_EDGE('',*,*,#3544,.T.);
#3544 = EDGE_CURVE('',#3537,#1424,#3545,.T.);
#3545 = LINE('',#3546,#3547);
#3546 = CARTESIAN_POINT('',(2.99,0.15,1.E-02));
#3547 = VECTOR('',#3548,1.);
#3548 = DIRECTION('',(0.,-0.,-1.));
#3549 = ORIENTED_EDGE('',*,*,#1431,.F.);
#3550 = ORIENTED_EDGE('',*,*,#3551,.T.);
#3551 = EDGE_CURVE('',#1432,#3552,#3554,.T.);
#3552 = VERTEX_POINT('',#3553);
#3553 = CARTESIAN_POINT('',(2.99,0.5,0.2));
#3554 = LINE('',#3555,#3556);
#3555 = CARTESIAN_POINT('',(2.99,0.5,1.E-02));
#3556 = VECTOR('',#3557,1.);
#3557 = DIRECTION('',(0.,0.,1.));
#3558 = ORIENTED_EDGE('',*,*,#3559,.T.);
#3559 = EDGE_CURVE('',#3552,#3560,#3562,.T.);
#3560 = VERTEX_POINT('',#3561);
#3561 = CARTESIAN_POINT('',(2.99,0.8,0.2));
#3562 = LINE('',#3563,#3564);
#3563 = CARTESIAN_POINT('',(2.99,1.895,0.2));
#3564 = VECTOR('',#3565,1.);
#3565 = DIRECTION('',(2.22044604925E-16,1.,0.));
#3566 = ORIENTED_EDGE('',*,*,#3567,.T.);
#3567 = EDGE_CURVE('',#3560,#1457,#3568,.T.);
#3568 = LINE('',#3569,#3570);
#3569 = CARTESIAN_POINT('',(2.99,0.8,1.E-02));
#3570 = VECTOR('',#3571,1.);
#3571 = DIRECTION('',(0.,-0.,-1.));
#3572 = ORIENTED_EDGE('',*,*,#1464,.F.);
#3573 = ORIENTED_EDGE('',*,*,#3574,.T.);
#3574 = EDGE_CURVE('',#1465,#3575,#3577,.T.);
#3575 = VERTEX_POINT('',#3576);
#3576 = CARTESIAN_POINT('',(2.99,1.15,0.2));
#3577 = LINE('',#3578,#3579);
#3578 = CARTESIAN_POINT('',(2.99,1.15,1.E-02));
#3579 = VECTOR('',#3580,1.);
#3580 = DIRECTION('',(0.,0.,1.));
#3581 = ORIENTED_EDGE('',*,*,#3582,.T.);
#3582 = EDGE_CURVE('',#3575,#3583,#3585,.T.);
#3583 = VERTEX_POINT('',#3584);
#3584 = CARTESIAN_POINT('',(2.99,1.45,0.2));
#3585 = LINE('',#3586,#3587);
#3586 = CARTESIAN_POINT('',(2.99,2.22,0.2));
#3587 = VECTOR('',#3588,1.);
#3588 = DIRECTION('',(2.22044604925E-16,1.,0.));
#3589 = ORIENTED_EDGE('',*,*,#3590,.T.);
#3590 = EDGE_CURVE('',#3583,#1490,#3591,.T.);
#3591 = LINE('',#3592,#3593);
#3592 = CARTESIAN_POINT('',(2.99,1.45,1.E-02));
#3593 = VECTOR('',#3594,1.);
#3594 = DIRECTION('',(0.,-0.,-1.));
#3595 = ORIENTED_EDGE('',*,*,#1497,.F.);
#3596 = ORIENTED_EDGE('',*,*,#3597,.T.);
#3597 = EDGE_CURVE('',#1498,#3598,#3600,.T.);
#3598 = VERTEX_POINT('',#3599);
#3599 = CARTESIAN_POINT('',(2.99,1.8,0.2));
#3600 = LINE('',#3601,#3602);
#3601 = CARTESIAN_POINT('',(2.99,1.8,1.E-02));
#3602 = VECTOR('',#3603,1.);
#3603 = DIRECTION('',(0.,0.,1.));
#3604 = ORIENTED_EDGE('',*,*,#3605,.T.);
#3605 = EDGE_CURVE('',#3598,#3606,#3608,.T.);
#3606 = VERTEX_POINT('',#3607);
#3607 = CARTESIAN_POINT('',(2.99,2.1,0.2));
#3608 = LINE('',#3609,#3610);
#3609 = CARTESIAN_POINT('',(2.99,2.545,0.2));
#3610 = VECTOR('',#3611,1.);
#3611 = DIRECTION('',(2.22044604925E-16,1.,0.));
#3612 = ORIENTED_EDGE('',*,*,#3613,.T.);
#3613 = EDGE_CURVE('',#3606,#1523,#3614,.T.);
#3614 = LINE('',#3615,#3616);
#3615 = CARTESIAN_POINT('',(2.99,2.1,1.E-02));
#3616 = VECTOR('',#3617,1.);
#3617 = DIRECTION('',(0.,-0.,-1.));
#3618 = PLANE('',#3619);
#3619 = AXIS2_PLACEMENT_3D('',#3620,#3621,#3622);
#3620 = CARTESIAN_POINT('',(2.99,2.99,2.E-02));
#3621 = DIRECTION('',(1.,-2.22044604925E-16,0.));
#3622 = DIRECTION('',(0.,0.,1.));
#3623 = ADVANCED_FACE('',(#3624),#3796,.T.);
#3624 = FACE_BOUND('',#3625,.T.);
#3625 = EDGE_LOOP('',(#3626,#3632,#3633,#3634,#3642,#3650,#3656,#3657,
    #3665,#3673,#3679,#3680,#3688,#3696,#3702,#3703,#3711,#3719,#3725,
    #3726,#3734,#3742,#3748,#3749,#3757,#3765,#3771,#3772,#3780,#3788,
    #3794,#3795));
#3626 = ORIENTED_EDGE('',*,*,#3627,.F.);
#3627 = EDGE_CURVE('',#1986,#3445,#3628,.T.);
#3628 = LINE('',#3629,#3630);
#3629 = CARTESIAN_POINT('',(-2.99,-2.99,0.92));
#3630 = VECTOR('',#3631,1.);
#3631 = DIRECTION('',(1.,-2.22044604925E-16,0.));
#3632 = ORIENTED_EDGE('',*,*,#1993,.F.);
#3633 = ORIENTED_EDGE('',*,*,#1060,.T.);
#3634 = ORIENTED_EDGE('',*,*,#3635,.T.);
#3635 = EDGE_CURVE('',#1061,#3636,#3638,.T.);
#3636 = VERTEX_POINT('',#3637);
#3637 = CARTESIAN_POINT('',(-2.1,-2.99,0.2));
#3638 = LINE('',#3639,#3640);
#3639 = CARTESIAN_POINT('',(-2.1,-2.99,1.E-02));
#3640 = VECTOR('',#3641,1.);
#3641 = DIRECTION('',(0.,0.,1.));
#3642 = ORIENTED_EDGE('',*,*,#3643,.T.);
#3643 = EDGE_CURVE('',#3636,#3644,#3646,.T.);
#3644 = VERTEX_POINT('',#3645);
#3645 = CARTESIAN_POINT('',(-1.8,-2.99,0.2));
#3646 = LINE('',#3647,#3648);
#3647 = CARTESIAN_POINT('',(-2.395,-2.99,0.2));
#3648 = VECTOR('',#3649,1.);
#3649 = DIRECTION('',(1.,-2.22044604925E-16,0.));
#3650 = ORIENTED_EDGE('',*,*,#3651,.T.);
#3651 = EDGE_CURVE('',#3644,#1086,#3652,.T.);
#3652 = LINE('',#3653,#3654);
#3653 = CARTESIAN_POINT('',(-1.8,-2.99,1.E-02));
#3654 = VECTOR('',#3655,1.);
#3655 = DIRECTION('',(-0.,0.,-1.));
#3656 = ORIENTED_EDGE('',*,*,#1093,.T.);
#3657 = ORIENTED_EDGE('',*,*,#3658,.T.);
#3658 = EDGE_CURVE('',#1094,#3659,#3661,.T.);
#3659 = VERTEX_POINT('',#3660);
#3660 = CARTESIAN_POINT('',(-1.45,-2.99,0.2));
#3661 = LINE('',#3662,#3663);
#3662 = CARTESIAN_POINT('',(-1.45,-2.99,1.E-02));
#3663 = VECTOR('',#3664,1.);
#3664 = DIRECTION('',(0.,0.,1.));
#3665 = ORIENTED_EDGE('',*,*,#3666,.T.);
#3666 = EDGE_CURVE('',#3659,#3667,#3669,.T.);
#3667 = VERTEX_POINT('',#3668);
#3668 = CARTESIAN_POINT('',(-1.15,-2.99,0.2));
#3669 = LINE('',#3670,#3671);
#3670 = CARTESIAN_POINT('',(-2.07,-2.99,0.2));
#3671 = VECTOR('',#3672,1.);
#3672 = DIRECTION('',(1.,-2.22044604925E-16,0.));
#3673 = ORIENTED_EDGE('',*,*,#3674,.T.);
#3674 = EDGE_CURVE('',#3667,#1119,#3675,.T.);
#3675 = LINE('',#3676,#3677);
#3676 = CARTESIAN_POINT('',(-1.15,-2.99,1.E-02));
#3677 = VECTOR('',#3678,1.);
#3678 = DIRECTION('',(-0.,0.,-1.));
#3679 = ORIENTED_EDGE('',*,*,#1126,.T.);
#3680 = ORIENTED_EDGE('',*,*,#3681,.T.);
#3681 = EDGE_CURVE('',#1127,#3682,#3684,.T.);
#3682 = VERTEX_POINT('',#3683);
#3683 = CARTESIAN_POINT('',(-0.8,-2.99,0.2));
#3684 = LINE('',#3685,#3686);
#3685 = CARTESIAN_POINT('',(-0.8,-2.99,1.E-02));
#3686 = VECTOR('',#3687,1.);
#3687 = DIRECTION('',(0.,0.,1.));
#3688 = ORIENTED_EDGE('',*,*,#3689,.T.);
#3689 = EDGE_CURVE('',#3682,#3690,#3692,.T.);
#3690 = VERTEX_POINT('',#3691);
#3691 = CARTESIAN_POINT('',(-0.5,-2.99,0.2));
#3692 = LINE('',#3693,#3694);
#3693 = CARTESIAN_POINT('',(-1.745,-2.99,0.2));
#3694 = VECTOR('',#3695,1.);
#3695 = DIRECTION('',(1.,-2.22044604925E-16,0.));
#3696 = ORIENTED_EDGE('',*,*,#3697,.T.);
#3697 = EDGE_CURVE('',#3690,#1152,#3698,.T.);
#3698 = LINE('',#3699,#3700);
#3699 = CARTESIAN_POINT('',(-0.5,-2.99,1.E-02));
#3700 = VECTOR('',#3701,1.);
#3701 = DIRECTION('',(-0.,0.,-1.));
#3702 = ORIENTED_EDGE('',*,*,#1159,.T.);
#3703 = ORIENTED_EDGE('',*,*,#3704,.T.);
#3704 = EDGE_CURVE('',#1160,#3705,#3707,.T.);
#3705 = VERTEX_POINT('',#3706);
#3706 = CARTESIAN_POINT('',(-0.15,-2.99,0.2));
#3707 = LINE('',#3708,#3709);
#3708 = CARTESIAN_POINT('',(-0.15,-2.99,1.E-02));
#3709 = VECTOR('',#3710,1.);
#3710 = DIRECTION('',(0.,0.,1.));
#3711 = ORIENTED_EDGE('',*,*,#3712,.T.);
#3712 = EDGE_CURVE('',#3705,#3713,#3715,.T.);
#3713 = VERTEX_POINT('',#3714);
#3714 = CARTESIAN_POINT('',(0.15,-2.99,0.2));
#3715 = LINE('',#3716,#3717);
#3716 = CARTESIAN_POINT('',(-1.42,-2.99,0.2));
#3717 = VECTOR('',#3718,1.);
#3718 = DIRECTION('',(1.,-2.22044604925E-16,0.));
#3719 = ORIENTED_EDGE('',*,*,#3720,.T.);
#3720 = EDGE_CURVE('',#3713,#1185,#3721,.T.);
#3721 = LINE('',#3722,#3723);
#3722 = CARTESIAN_POINT('',(0.15,-2.99,1.E-02));
#3723 = VECTOR('',#3724,1.);
#3724 = DIRECTION('',(-0.,0.,-1.));
#3725 = ORIENTED_EDGE('',*,*,#1192,.T.);
#3726 = ORIENTED_EDGE('',*,*,#3727,.T.);
#3727 = EDGE_CURVE('',#1193,#3728,#3730,.T.);
#3728 = VERTEX_POINT('',#3729);
#3729 = CARTESIAN_POINT('',(0.5,-2.99,0.2));
#3730 = LINE('',#3731,#3732);
#3731 = CARTESIAN_POINT('',(0.5,-2.99,1.E-02));
#3732 = VECTOR('',#3733,1.);
#3733 = DIRECTION('',(0.,0.,1.));
#3734 = ORIENTED_EDGE('',*,*,#3735,.T.);
#3735 = EDGE_CURVE('',#3728,#3736,#3738,.T.);
#3736 = VERTEX_POINT('',#3737);
#3737 = CARTESIAN_POINT('',(0.8,-2.99,0.2));
#3738 = LINE('',#3739,#3740);
#3739 = CARTESIAN_POINT('',(-1.095,-2.99,0.2));
#3740 = VECTOR('',#3741,1.);
#3741 = DIRECTION('',(1.,-2.22044604925E-16,0.));
#3742 = ORIENTED_EDGE('',*,*,#3743,.T.);
#3743 = EDGE_CURVE('',#3736,#1218,#3744,.T.);
#3744 = LINE('',#3745,#3746);
#3745 = CARTESIAN_POINT('',(0.8,-2.99,1.E-02));
#3746 = VECTOR('',#3747,1.);
#3747 = DIRECTION('',(-0.,0.,-1.));
#3748 = ORIENTED_EDGE('',*,*,#1225,.T.);
#3749 = ORIENTED_EDGE('',*,*,#3750,.T.);
#3750 = EDGE_CURVE('',#1226,#3751,#3753,.T.);
#3751 = VERTEX_POINT('',#3752);
#3752 = CARTESIAN_POINT('',(1.15,-2.99,0.2));
#3753 = LINE('',#3754,#3755);
#3754 = CARTESIAN_POINT('',(1.15,-2.99,1.E-02));
#3755 = VECTOR('',#3756,1.);
#3756 = DIRECTION('',(0.,0.,1.));
#3757 = ORIENTED_EDGE('',*,*,#3758,.T.);
#3758 = EDGE_CURVE('',#3751,#3759,#3761,.T.);
#3759 = VERTEX_POINT('',#3760);
#3760 = CARTESIAN_POINT('',(1.45,-2.99,0.2));
#3761 = LINE('',#3762,#3763);
#3762 = CARTESIAN_POINT('',(-0.77,-2.99,0.2));
#3763 = VECTOR('',#3764,1.);
#3764 = DIRECTION('',(1.,-2.22044604925E-16,0.));
#3765 = ORIENTED_EDGE('',*,*,#3766,.T.);
#3766 = EDGE_CURVE('',#3759,#1251,#3767,.T.);
#3767 = LINE('',#3768,#3769);
#3768 = CARTESIAN_POINT('',(1.45,-2.99,1.E-02));
#3769 = VECTOR('',#3770,1.);
#3770 = DIRECTION('',(-0.,0.,-1.));
#3771 = ORIENTED_EDGE('',*,*,#1258,.T.);
#3772 = ORIENTED_EDGE('',*,*,#3773,.T.);
#3773 = EDGE_CURVE('',#1259,#3774,#3776,.T.);
#3774 = VERTEX_POINT('',#3775);
#3775 = CARTESIAN_POINT('',(1.8,-2.99,0.2));
#3776 = LINE('',#3777,#3778);
#3777 = CARTESIAN_POINT('',(1.8,-2.99,1.E-02));
#3778 = VECTOR('',#3779,1.);
#3779 = DIRECTION('',(0.,0.,1.));
#3780 = ORIENTED_EDGE('',*,*,#3781,.T.);
#3781 = EDGE_CURVE('',#3774,#3782,#3784,.T.);
#3782 = VERTEX_POINT('',#3783);
#3783 = CARTESIAN_POINT('',(2.1,-2.99,0.2));
#3784 = LINE('',#3785,#3786);
#3785 = CARTESIAN_POINT('',(-0.445,-2.99,0.2));
#3786 = VECTOR('',#3787,1.);
#3787 = DIRECTION('',(1.,-2.22044604925E-16,0.));
#3788 = ORIENTED_EDGE('',*,*,#3789,.T.);
#3789 = EDGE_CURVE('',#3782,#1284,#3790,.T.);
#3790 = LINE('',#3791,#3792);
#3791 = CARTESIAN_POINT('',(2.1,-2.99,1.E-02));
#3792 = VECTOR('',#3793,1.);
#3793 = DIRECTION('',(-0.,0.,-1.));
#3794 = ORIENTED_EDGE('',*,*,#1291,.T.);
#3795 = ORIENTED_EDGE('',*,*,#3452,.T.);
#3796 = PLANE('',#3797);
#3797 = AXIS2_PLACEMENT_3D('',#3798,#3799,#3800);
#3798 = CARTESIAN_POINT('',(-2.99,-2.99,2.E-02));
#3799 = DIRECTION('',(-2.22044604925E-16,-1.,0.));
#3800 = DIRECTION('',(0.,0.,1.));
#3801 = ADVANCED_FACE('',(#3802),#3836,.F.);
#3802 = FACE_BOUND('',#3803,.F.);
#3803 = EDGE_LOOP('',(#3804,#3814,#3822,#3828,#3829,#3830));
#3804 = ORIENTED_EDGE('',*,*,#3805,.F.);
#3805 = EDGE_CURVE('',#3806,#3808,#3810,.T.);
#3806 = VERTEX_POINT('',#3807);
#3807 = CARTESIAN_POINT('',(3.,2.1,0.));
#3808 = VERTEX_POINT('',#3809);
#3809 = CARTESIAN_POINT('',(2.75,2.1,0.));
#3810 = LINE('',#3811,#3812);
#3811 = CARTESIAN_POINT('',(3.,2.1,0.));
#3812 = VECTOR('',#3813,1.);
#3813 = DIRECTION('',(-1.,3.445092848398E-16,0.));
#3814 = ORIENTED_EDGE('',*,*,#3815,.T.);
#3815 = EDGE_CURVE('',#3806,#3816,#3818,.T.);
#3816 = VERTEX_POINT('',#3817);
#3817 = CARTESIAN_POINT('',(3.,2.1,0.2));
#3818 = LINE('',#3819,#3820);
#3819 = CARTESIAN_POINT('',(3.,2.1,0.));
#3820 = VECTOR('',#3821,1.);
#3821 = DIRECTION('',(0.,0.,1.));
#3822 = ORIENTED_EDGE('',*,*,#3823,.T.);
#3823 = EDGE_CURVE('',#3816,#3606,#3824,.T.);
#3824 = LINE('',#3825,#3826);
#3825 = CARTESIAN_POINT('',(3.,2.1,0.2));
#3826 = VECTOR('',#3827,1.);
#3827 = DIRECTION('',(-1.,3.445092848398E-16,0.));
#3828 = ORIENTED_EDGE('',*,*,#3613,.T.);
#3829 = ORIENTED_EDGE('',*,*,#1522,.F.);
#3830 = ORIENTED_EDGE('',*,*,#3831,.F.);
#3831 = EDGE_CURVE('',#3808,#1514,#3832,.T.);
#3832 = LINE('',#3833,#3834);
#3833 = CARTESIAN_POINT('',(2.75,2.1,0.));
#3834 = VECTOR('',#3835,1.);
#3835 = DIRECTION('',(0.,0.,1.));
#3836 = PLANE('',#3837);
#3837 = AXIS2_PLACEMENT_3D('',#3838,#3839,#3840);
#3838 = CARTESIAN_POINT('',(3.,2.1,0.));
#3839 = DIRECTION('',(-3.445092848398E-16,-1.,0.));
#3840 = DIRECTION('',(-1.,3.445092848398E-16,0.));
#3841 = ADVANCED_FACE('',(#3842),#3876,.F.);
#3842 = FACE_BOUND('',#3843,.F.);
#3843 = EDGE_LOOP('',(#3844,#3854,#3860,#3861,#3862,#3870));
#3844 = ORIENTED_EDGE('',*,*,#3845,.F.);
#3845 = EDGE_CURVE('',#3846,#3848,#3850,.T.);
#3846 = VERTEX_POINT('',#3847);
#3847 = CARTESIAN_POINT('',(-2.1,-2.75,0.));
#3848 = VERTEX_POINT('',#3849);
#3849 = CARTESIAN_POINT('',(-2.1,-3.,0.));
#3850 = LINE('',#3851,#3852);
#3851 = CARTESIAN_POINT('',(-2.1,-2.75,0.));
#3852 = VECTOR('',#3853,1.);
#3853 = DIRECTION('',(-4.555315873023E-16,-1.,0.));
#3854 = ORIENTED_EDGE('',*,*,#3855,.T.);
#3855 = EDGE_CURVE('',#3846,#1069,#3856,.T.);
#3856 = LINE('',#3857,#3858);
#3857 = CARTESIAN_POINT('',(-2.1,-2.75,0.));
#3858 = VECTOR('',#3859,1.);
#3859 = DIRECTION('',(0.,0.,1.));
#3860 = ORIENTED_EDGE('',*,*,#1068,.F.);
#3861 = ORIENTED_EDGE('',*,*,#3635,.T.);
#3862 = ORIENTED_EDGE('',*,*,#3863,.T.);
#3863 = EDGE_CURVE('',#3636,#3864,#3866,.T.);
#3864 = VERTEX_POINT('',#3865);
#3865 = CARTESIAN_POINT('',(-2.1,-3.,0.2));
#3866 = LINE('',#3867,#3868);
#3867 = CARTESIAN_POINT('',(-2.1,-2.75,0.2));
#3868 = VECTOR('',#3869,1.);
#3869 = DIRECTION('',(-4.555315873023E-16,-1.,0.));
#3870 = ORIENTED_EDGE('',*,*,#3871,.F.);
#3871 = EDGE_CURVE('',#3848,#3864,#3872,.T.);
#3872 = LINE('',#3873,#3874);
#3873 = CARTESIAN_POINT('',(-2.1,-3.,0.));
#3874 = VECTOR('',#3875,1.);
#3875 = DIRECTION('',(0.,0.,1.));
#3876 = PLANE('',#3877);
#3877 = AXIS2_PLACEMENT_3D('',#3878,#3879,#3880);
#3878 = CARTESIAN_POINT('',(-2.1,-2.75,0.));
#3879 = DIRECTION('',(1.,-4.555315873023E-16,0.));
#3880 = DIRECTION('',(-4.555315873023E-16,-1.,0.));
#3881 = ADVANCED_FACE('',(#3882),#3901,.T.);
#3882 = FACE_BOUND('',#3883,.T.);
#3883 = EDGE_LOOP('',(#3884,#3892,#3893,#3894));
#3884 = ORIENTED_EDGE('',*,*,#3885,.T.);
#3885 = EDGE_CURVE('',#3886,#1506,#3888,.T.);
#3886 = VERTEX_POINT('',#3887);
#3887 = CARTESIAN_POINT('',(2.75,1.8,0.));
#3888 = LINE('',#3889,#3890);
#3889 = CARTESIAN_POINT('',(2.75,1.8,0.));
#3890 = VECTOR('',#3891,1.);
#3891 = DIRECTION('',(0.,0.,1.));
#3892 = ORIENTED_EDGE('',*,*,#1513,.T.);
#3893 = ORIENTED_EDGE('',*,*,#3831,.F.);
#3894 = ORIENTED_EDGE('',*,*,#3895,.T.);
#3895 = EDGE_CURVE('',#3808,#3886,#3896,.T.);
#3896 = CIRCLE('',#3897,0.15);
#3897 = AXIS2_PLACEMENT_3D('',#3898,#3899,#3900);
#3898 = CARTESIAN_POINT('',(2.75,1.95,0.));
#3899 = DIRECTION('',(0.,-0.,1.));
#3900 = DIRECTION('',(3.445092848398E-16,1.,0.));
#3901 = CYLINDRICAL_SURFACE('',#3902,0.15);
#3902 = AXIS2_PLACEMENT_3D('',#3903,#3904,#3905);
#3903 = CARTESIAN_POINT('',(2.75,1.95,0.));
#3904 = DIRECTION('',(0.,-0.,-1.));
#3905 = DIRECTION('',(3.445092848398E-16,1.,0.));
#3906 = ADVANCED_FACE('',(#3907),#3926,.T.);
#3907 = FACE_BOUND('',#3908,.T.);
#3908 = EDGE_LOOP('',(#3909,#3910,#3911,#3919));
#3909 = ORIENTED_EDGE('',*,*,#3855,.T.);
#3910 = ORIENTED_EDGE('',*,*,#1076,.T.);
#3911 = ORIENTED_EDGE('',*,*,#3912,.F.);
#3912 = EDGE_CURVE('',#3913,#1077,#3915,.T.);
#3913 = VERTEX_POINT('',#3914);
#3914 = CARTESIAN_POINT('',(-1.8,-2.75,0.));
#3915 = LINE('',#3916,#3917);
#3916 = CARTESIAN_POINT('',(-1.8,-2.75,0.));
#3917 = VECTOR('',#3918,1.);
#3918 = DIRECTION('',(0.,0.,1.));
#3919 = ORIENTED_EDGE('',*,*,#3920,.T.);
#3920 = EDGE_CURVE('',#3913,#3846,#3921,.T.);
#3921 = CIRCLE('',#3922,0.15);
#3922 = AXIS2_PLACEMENT_3D('',#3923,#3924,#3925);
#3923 = CARTESIAN_POINT('',(-1.95,-2.75,0.));
#3924 = DIRECTION('',(-0.,0.,1.));
#3925 = DIRECTION('',(1.,-5.665538897648E-16,0.));
#3926 = CYLINDRICAL_SURFACE('',#3927,0.15);
#3927 = AXIS2_PLACEMENT_3D('',#3928,#3929,#3930);
#3928 = CARTESIAN_POINT('',(-1.95,-2.75,0.));
#3929 = DIRECTION('',(-0.,0.,-1.));
#3930 = DIRECTION('',(1.,-5.665538897648E-16,-0.));
#3931 = ADVANCED_FACE('',(#3932),#3959,.F.);
#3932 = FACE_BOUND('',#3933,.F.);
#3933 = EDGE_LOOP('',(#3934,#3942,#3943,#3944,#3945,#3953));
#3934 = ORIENTED_EDGE('',*,*,#3935,.F.);
#3935 = EDGE_CURVE('',#3886,#3936,#3938,.T.);
#3936 = VERTEX_POINT('',#3937);
#3937 = CARTESIAN_POINT('',(3.,1.8,0.));
#3938 = LINE('',#3939,#3940);
#3939 = CARTESIAN_POINT('',(2.75,1.8,0.));
#3940 = VECTOR('',#3941,1.);
#3941 = DIRECTION('',(1.,-2.334869823773E-16,0.));
#3942 = ORIENTED_EDGE('',*,*,#3885,.T.);
#3943 = ORIENTED_EDGE('',*,*,#1505,.F.);
#3944 = ORIENTED_EDGE('',*,*,#3597,.T.);
#3945 = ORIENTED_EDGE('',*,*,#3946,.T.);
#3946 = EDGE_CURVE('',#3598,#3947,#3949,.T.);
#3947 = VERTEX_POINT('',#3948);
#3948 = CARTESIAN_POINT('',(3.,1.8,0.2));
#3949 = LINE('',#3950,#3951);
#3950 = CARTESIAN_POINT('',(2.75,1.8,0.2));
#3951 = VECTOR('',#3952,1.);
#3952 = DIRECTION('',(1.,-2.334869823773E-16,0.));
#3953 = ORIENTED_EDGE('',*,*,#3954,.F.);
#3954 = EDGE_CURVE('',#3936,#3947,#3955,.T.);
#3955 = LINE('',#3956,#3957);
#3956 = CARTESIAN_POINT('',(3.,1.8,0.));
#3957 = VECTOR('',#3958,1.);
#3958 = DIRECTION('',(0.,0.,1.));
#3959 = PLANE('',#3960);
#3960 = AXIS2_PLACEMENT_3D('',#3961,#3962,#3963);
#3961 = CARTESIAN_POINT('',(2.75,1.8,0.));
#3962 = DIRECTION('',(2.334869823773E-16,1.,0.));
#3963 = DIRECTION('',(1.,-2.334869823773E-16,0.));
#3964 = ADVANCED_FACE('',(#3965),#3992,.F.);
#3965 = FACE_BOUND('',#3966,.F.);
#3966 = EDGE_LOOP('',(#3967,#3975,#3983,#3989,#3990,#3991));
#3967 = ORIENTED_EDGE('',*,*,#3968,.F.);
#3968 = EDGE_CURVE('',#3969,#3913,#3971,.T.);
#3969 = VERTEX_POINT('',#3970);
#3970 = CARTESIAN_POINT('',(-1.8,-3.,0.));
#3971 = LINE('',#3972,#3973);
#3972 = CARTESIAN_POINT('',(-1.8,-3.,0.));
#3973 = VECTOR('',#3974,1.);
#3974 = DIRECTION('',(5.665538897648E-16,1.,0.));
#3975 = ORIENTED_EDGE('',*,*,#3976,.T.);
#3976 = EDGE_CURVE('',#3969,#3977,#3979,.T.);
#3977 = VERTEX_POINT('',#3978);
#3978 = CARTESIAN_POINT('',(-1.8,-3.,0.2));
#3979 = LINE('',#3980,#3981);
#3980 = CARTESIAN_POINT('',(-1.8,-3.,0.));
#3981 = VECTOR('',#3982,1.);
#3982 = DIRECTION('',(0.,0.,1.));
#3983 = ORIENTED_EDGE('',*,*,#3984,.T.);
#3984 = EDGE_CURVE('',#3977,#3644,#3985,.T.);
#3985 = LINE('',#3986,#3987);
#3986 = CARTESIAN_POINT('',(-1.8,-3.,0.2));
#3987 = VECTOR('',#3988,1.);
#3988 = DIRECTION('',(5.665538897648E-16,1.,0.));
#3989 = ORIENTED_EDGE('',*,*,#3651,.T.);
#3990 = ORIENTED_EDGE('',*,*,#1085,.F.);
#3991 = ORIENTED_EDGE('',*,*,#3912,.F.);
#3992 = PLANE('',#3993);
#3993 = AXIS2_PLACEMENT_3D('',#3994,#3995,#3996);
#3994 = CARTESIAN_POINT('',(-1.8,-3.,0.));
#3995 = DIRECTION('',(-1.,5.665538897648E-16,0.));
#3996 = DIRECTION('',(5.665538897648E-16,1.,0.));
#3997 = ADVANCED_FACE('',(#3998),#4032,.F.);
#3998 = FACE_BOUND('',#3999,.F.);
#3999 = EDGE_LOOP('',(#4000,#4010,#4018,#4024,#4025,#4026));
#4000 = ORIENTED_EDGE('',*,*,#4001,.F.);
#4001 = EDGE_CURVE('',#4002,#4004,#4006,.T.);
#4002 = VERTEX_POINT('',#4003);
#4003 = CARTESIAN_POINT('',(3.,1.45,0.));
#4004 = VERTEX_POINT('',#4005);
#4005 = CARTESIAN_POINT('',(2.75,1.45,0.));
#4006 = LINE('',#4007,#4008);
#4007 = CARTESIAN_POINT('',(3.,1.45,0.));
#4008 = VECTOR('',#4009,1.);
#4009 = DIRECTION('',(-1.,3.445092848398E-16,0.));
#4010 = ORIENTED_EDGE('',*,*,#4011,.T.);
#4011 = EDGE_CURVE('',#4002,#4012,#4014,.T.);
#4012 = VERTEX_POINT('',#4013);
#4013 = CARTESIAN_POINT('',(3.,1.45,0.2));
#4014 = LINE('',#4015,#4016);
#4015 = CARTESIAN_POINT('',(3.,1.45,0.));
#4016 = VECTOR('',#4017,1.);
#4017 = DIRECTION('',(0.,0.,1.));
#4018 = ORIENTED_EDGE('',*,*,#4019,.T.);
#4019 = EDGE_CURVE('',#4012,#3583,#4020,.T.);
#4020 = LINE('',#4021,#4022);
#4021 = CARTESIAN_POINT('',(3.,1.45,0.2));
#4022 = VECTOR('',#4023,1.);
#4023 = DIRECTION('',(-1.,3.445092848398E-16,0.));
#4024 = ORIENTED_EDGE('',*,*,#3590,.T.);
#4025 = ORIENTED_EDGE('',*,*,#1489,.F.);
#4026 = ORIENTED_EDGE('',*,*,#4027,.F.);
#4027 = EDGE_CURVE('',#4004,#1481,#4028,.T.);
#4028 = LINE('',#4029,#4030);
#4029 = CARTESIAN_POINT('',(2.75,1.45,0.));
#4030 = VECTOR('',#4031,1.);
#4031 = DIRECTION('',(0.,0.,1.));
#4032 = PLANE('',#4033);
#4033 = AXIS2_PLACEMENT_3D('',#4034,#4035,#4036);
#4034 = CARTESIAN_POINT('',(3.,1.45,0.));
#4035 = DIRECTION('',(-3.445092848398E-16,-1.,0.));
#4036 = DIRECTION('',(-1.,3.445092848398E-16,0.));
#4037 = ADVANCED_FACE('',(#4038),#4072,.F.);
#4038 = FACE_BOUND('',#4039,.F.);
#4039 = EDGE_LOOP('',(#4040,#4050,#4056,#4057,#4058,#4066));
#4040 = ORIENTED_EDGE('',*,*,#4041,.F.);
#4041 = EDGE_CURVE('',#4042,#4044,#4046,.T.);
#4042 = VERTEX_POINT('',#4043);
#4043 = CARTESIAN_POINT('',(-1.45,-2.75,0.));
#4044 = VERTEX_POINT('',#4045);
#4045 = CARTESIAN_POINT('',(-1.45,-3.,0.));
#4046 = LINE('',#4047,#4048);
#4047 = CARTESIAN_POINT('',(-1.45,-2.75,0.));
#4048 = VECTOR('',#4049,1.);
#4049 = DIRECTION('',(-4.555315873023E-16,-1.,0.));
#4050 = ORIENTED_EDGE('',*,*,#4051,.T.);
#4051 = EDGE_CURVE('',#4042,#1102,#4052,.T.);
#4052 = LINE('',#4053,#4054);
#4053 = CARTESIAN_POINT('',(-1.45,-2.75,0.));
#4054 = VECTOR('',#4055,1.);
#4055 = DIRECTION('',(0.,0.,1.));
#4056 = ORIENTED_EDGE('',*,*,#1101,.F.);
#4057 = ORIENTED_EDGE('',*,*,#3658,.T.);
#4058 = ORIENTED_EDGE('',*,*,#4059,.T.);
#4059 = EDGE_CURVE('',#3659,#4060,#4062,.T.);
#4060 = VERTEX_POINT('',#4061);
#4061 = CARTESIAN_POINT('',(-1.45,-3.,0.2));
#4062 = LINE('',#4063,#4064);
#4063 = CARTESIAN_POINT('',(-1.45,-2.75,0.2));
#4064 = VECTOR('',#4065,1.);
#4065 = DIRECTION('',(-4.555315873023E-16,-1.,0.));
#4066 = ORIENTED_EDGE('',*,*,#4067,.F.);
#4067 = EDGE_CURVE('',#4044,#4060,#4068,.T.);
#4068 = LINE('',#4069,#4070);
#4069 = CARTESIAN_POINT('',(-1.45,-3.,0.));
#4070 = VECTOR('',#4071,1.);
#4071 = DIRECTION('',(0.,0.,1.));
#4072 = PLANE('',#4073);
#4073 = AXIS2_PLACEMENT_3D('',#4074,#4075,#4076);
#4074 = CARTESIAN_POINT('',(-1.45,-2.75,0.));
#4075 = DIRECTION('',(1.,-4.555315873023E-16,0.));
#4076 = DIRECTION('',(-4.555315873023E-16,-1.,0.));
#4077 = ADVANCED_FACE('',(#4078),#4097,.T.);
#4078 = FACE_BOUND('',#4079,.T.);
#4079 = EDGE_LOOP('',(#4080,#4088,#4089,#4090));
#4080 = ORIENTED_EDGE('',*,*,#4081,.T.);
#4081 = EDGE_CURVE('',#4082,#1473,#4084,.T.);
#4082 = VERTEX_POINT('',#4083);
#4083 = CARTESIAN_POINT('',(2.75,1.15,0.));
#4084 = LINE('',#4085,#4086);
#4085 = CARTESIAN_POINT('',(2.75,1.15,0.));
#4086 = VECTOR('',#4087,1.);
#4087 = DIRECTION('',(0.,0.,1.));
#4088 = ORIENTED_EDGE('',*,*,#1480,.T.);
#4089 = ORIENTED_EDGE('',*,*,#4027,.F.);
#4090 = ORIENTED_EDGE('',*,*,#4091,.T.);
#4091 = EDGE_CURVE('',#4004,#4082,#4092,.T.);
#4092 = CIRCLE('',#4093,0.15);
#4093 = AXIS2_PLACEMENT_3D('',#4094,#4095,#4096);
#4094 = CARTESIAN_POINT('',(2.75,1.3,0.));
#4095 = DIRECTION('',(0.,-0.,1.));
#4096 = DIRECTION('',(3.445092848398E-16,1.,0.));
#4097 = CYLINDRICAL_SURFACE('',#4098,0.15);
#4098 = AXIS2_PLACEMENT_3D('',#4099,#4100,#4101);
#4099 = CARTESIAN_POINT('',(2.75,1.3,0.));
#4100 = DIRECTION('',(0.,-0.,-1.));
#4101 = DIRECTION('',(3.445092848398E-16,1.,0.));
#4102 = ADVANCED_FACE('',(#4103),#4122,.T.);
#4103 = FACE_BOUND('',#4104,.T.);
#4104 = EDGE_LOOP('',(#4105,#4106,#4107,#4115));
#4105 = ORIENTED_EDGE('',*,*,#4051,.T.);
#4106 = ORIENTED_EDGE('',*,*,#1109,.T.);
#4107 = ORIENTED_EDGE('',*,*,#4108,.F.);
#4108 = EDGE_CURVE('',#4109,#1110,#4111,.T.);
#4109 = VERTEX_POINT('',#4110);
#4110 = CARTESIAN_POINT('',(-1.15,-2.75,0.));
#4111 = LINE('',#4112,#4113);
#4112 = CARTESIAN_POINT('',(-1.15,-2.75,0.));
#4113 = VECTOR('',#4114,1.);
#4114 = DIRECTION('',(0.,0.,1.));
#4115 = ORIENTED_EDGE('',*,*,#4116,.T.);
#4116 = EDGE_CURVE('',#4109,#4042,#4117,.T.);
#4117 = CIRCLE('',#4118,0.15);
#4118 = AXIS2_PLACEMENT_3D('',#4119,#4120,#4121);
#4119 = CARTESIAN_POINT('',(-1.3,-2.75,0.));
#4120 = DIRECTION('',(-0.,0.,1.));
#4121 = DIRECTION('',(1.,-5.665538897648E-16,0.));
#4122 = CYLINDRICAL_SURFACE('',#4123,0.15);
#4123 = AXIS2_PLACEMENT_3D('',#4124,#4125,#4126);
#4124 = CARTESIAN_POINT('',(-1.3,-2.75,0.));
#4125 = DIRECTION('',(-0.,0.,-1.));
#4126 = DIRECTION('',(1.,-5.665538897648E-16,-0.));
#4127 = ADVANCED_FACE('',(#4128),#4155,.F.);
#4128 = FACE_BOUND('',#4129,.F.);
#4129 = EDGE_LOOP('',(#4130,#4138,#4139,#4140,#4141,#4149));
#4130 = ORIENTED_EDGE('',*,*,#4131,.F.);
#4131 = EDGE_CURVE('',#4082,#4132,#4134,.T.);
#4132 = VERTEX_POINT('',#4133);
#4133 = CARTESIAN_POINT('',(3.,1.15,0.));
#4134 = LINE('',#4135,#4136);
#4135 = CARTESIAN_POINT('',(2.75,1.15,0.));
#4136 = VECTOR('',#4137,1.);
#4137 = DIRECTION('',(1.,-2.334869823773E-16,0.));
#4138 = ORIENTED_EDGE('',*,*,#4081,.T.);
#4139 = ORIENTED_EDGE('',*,*,#1472,.F.);
#4140 = ORIENTED_EDGE('',*,*,#3574,.T.);
#4141 = ORIENTED_EDGE('',*,*,#4142,.T.);
#4142 = EDGE_CURVE('',#3575,#4143,#4145,.T.);
#4143 = VERTEX_POINT('',#4144);
#4144 = CARTESIAN_POINT('',(3.,1.15,0.2));
#4145 = LINE('',#4146,#4147);
#4146 = CARTESIAN_POINT('',(2.75,1.15,0.2));
#4147 = VECTOR('',#4148,1.);
#4148 = DIRECTION('',(1.,-2.334869823773E-16,0.));
#4149 = ORIENTED_EDGE('',*,*,#4150,.F.);
#4150 = EDGE_CURVE('',#4132,#4143,#4151,.T.);
#4151 = LINE('',#4152,#4153);
#4152 = CARTESIAN_POINT('',(3.,1.15,0.));
#4153 = VECTOR('',#4154,1.);
#4154 = DIRECTION('',(0.,0.,1.));
#4155 = PLANE('',#4156);
#4156 = AXIS2_PLACEMENT_3D('',#4157,#4158,#4159);
#4157 = CARTESIAN_POINT('',(2.75,1.15,0.));
#4158 = DIRECTION('',(2.334869823773E-16,1.,0.));
#4159 = DIRECTION('',(1.,-2.334869823773E-16,0.));
#4160 = ADVANCED_FACE('',(#4161),#4188,.F.);
#4161 = FACE_BOUND('',#4162,.F.);
#4162 = EDGE_LOOP('',(#4163,#4171,#4179,#4185,#4186,#4187));
#4163 = ORIENTED_EDGE('',*,*,#4164,.F.);
#4164 = EDGE_CURVE('',#4165,#4109,#4167,.T.);
#4165 = VERTEX_POINT('',#4166);
#4166 = CARTESIAN_POINT('',(-1.15,-3.,0.));
#4167 = LINE('',#4168,#4169);
#4168 = CARTESIAN_POINT('',(-1.15,-3.,0.));
#4169 = VECTOR('',#4170,1.);
#4170 = DIRECTION('',(5.665538897648E-16,1.,0.));
#4171 = ORIENTED_EDGE('',*,*,#4172,.T.);
#4172 = EDGE_CURVE('',#4165,#4173,#4175,.T.);
#4173 = VERTEX_POINT('',#4174);
#4174 = CARTESIAN_POINT('',(-1.15,-3.,0.2));
#4175 = LINE('',#4176,#4177);
#4176 = CARTESIAN_POINT('',(-1.15,-3.,0.));
#4177 = VECTOR('',#4178,1.);
#4178 = DIRECTION('',(0.,0.,1.));
#4179 = ORIENTED_EDGE('',*,*,#4180,.T.);
#4180 = EDGE_CURVE('',#4173,#3667,#4181,.T.);
#4181 = LINE('',#4182,#4183);
#4182 = CARTESIAN_POINT('',(-1.15,-3.,0.2));
#4183 = VECTOR('',#4184,1.);
#4184 = DIRECTION('',(5.665538897648E-16,1.,0.));
#4185 = ORIENTED_EDGE('',*,*,#3674,.T.);
#4186 = ORIENTED_EDGE('',*,*,#1118,.F.);
#4187 = ORIENTED_EDGE('',*,*,#4108,.F.);
#4188 = PLANE('',#4189);
#4189 = AXIS2_PLACEMENT_3D('',#4190,#4191,#4192);
#4190 = CARTESIAN_POINT('',(-1.15,-3.,0.));
#4191 = DIRECTION('',(-1.,5.665538897648E-16,0.));
#4192 = DIRECTION('',(5.665538897648E-16,1.,0.));
#4193 = ADVANCED_FACE('',(#4194),#4228,.F.);
#4194 = FACE_BOUND('',#4195,.F.);
#4195 = EDGE_LOOP('',(#4196,#4206,#4214,#4220,#4221,#4222));
#4196 = ORIENTED_EDGE('',*,*,#4197,.F.);
#4197 = EDGE_CURVE('',#4198,#4200,#4202,.T.);
#4198 = VERTEX_POINT('',#4199);
#4199 = CARTESIAN_POINT('',(3.,0.8,0.));
#4200 = VERTEX_POINT('',#4201);
#4201 = CARTESIAN_POINT('',(2.75,0.8,0.));
#4202 = LINE('',#4203,#4204);
#4203 = CARTESIAN_POINT('',(3.,0.8,0.));
#4204 = VECTOR('',#4205,1.);
#4205 = DIRECTION('',(-1.,3.445092848398E-16,0.));
#4206 = ORIENTED_EDGE('',*,*,#4207,.T.);
#4207 = EDGE_CURVE('',#4198,#4208,#4210,.T.);
#4208 = VERTEX_POINT('',#4209);
#4209 = CARTESIAN_POINT('',(3.,0.8,0.2));
#4210 = LINE('',#4211,#4212);
#4211 = CARTESIAN_POINT('',(3.,0.8,0.));
#4212 = VECTOR('',#4213,1.);
#4213 = DIRECTION('',(0.,0.,1.));
#4214 = ORIENTED_EDGE('',*,*,#4215,.T.);
#4215 = EDGE_CURVE('',#4208,#3560,#4216,.T.);
#4216 = LINE('',#4217,#4218);
#4217 = CARTESIAN_POINT('',(3.,0.8,0.2));
#4218 = VECTOR('',#4219,1.);
#4219 = DIRECTION('',(-1.,3.445092848398E-16,0.));
#4220 = ORIENTED_EDGE('',*,*,#3567,.T.);
#4221 = ORIENTED_EDGE('',*,*,#1456,.F.);
#4222 = ORIENTED_EDGE('',*,*,#4223,.F.);
#4223 = EDGE_CURVE('',#4200,#1448,#4224,.T.);
#4224 = LINE('',#4225,#4226);
#4225 = CARTESIAN_POINT('',(2.75,0.8,0.));
#4226 = VECTOR('',#4227,1.);
#4227 = DIRECTION('',(0.,0.,1.));
#4228 = PLANE('',#4229);
#4229 = AXIS2_PLACEMENT_3D('',#4230,#4231,#4232);
#4230 = CARTESIAN_POINT('',(3.,0.8,0.));
#4231 = DIRECTION('',(-3.445092848398E-16,-1.,0.));
#4232 = DIRECTION('',(-1.,3.445092848398E-16,0.));
#4233 = ADVANCED_FACE('',(#4234),#4268,.F.);
#4234 = FACE_BOUND('',#4235,.F.);
#4235 = EDGE_LOOP('',(#4236,#4246,#4252,#4253,#4254,#4262));
#4236 = ORIENTED_EDGE('',*,*,#4237,.F.);
#4237 = EDGE_CURVE('',#4238,#4240,#4242,.T.);
#4238 = VERTEX_POINT('',#4239);
#4239 = CARTESIAN_POINT('',(-0.8,-2.75,0.));
#4240 = VERTEX_POINT('',#4241);
#4241 = CARTESIAN_POINT('',(-0.8,-3.,0.));
#4242 = LINE('',#4243,#4244);
#4243 = CARTESIAN_POINT('',(-0.8,-2.75,0.));
#4244 = VECTOR('',#4245,1.);
#4245 = DIRECTION('',(-4.555315873023E-16,-1.,0.));
#4246 = ORIENTED_EDGE('',*,*,#4247,.T.);
#4247 = EDGE_CURVE('',#4238,#1135,#4248,.T.);
#4248 = LINE('',#4249,#4250);
#4249 = CARTESIAN_POINT('',(-0.8,-2.75,0.));
#4250 = VECTOR('',#4251,1.);
#4251 = DIRECTION('',(0.,0.,1.));
#4252 = ORIENTED_EDGE('',*,*,#1134,.F.);
#4253 = ORIENTED_EDGE('',*,*,#3681,.T.);
#4254 = ORIENTED_EDGE('',*,*,#4255,.T.);
#4255 = EDGE_CURVE('',#3682,#4256,#4258,.T.);
#4256 = VERTEX_POINT('',#4257);
#4257 = CARTESIAN_POINT('',(-0.8,-3.,0.2));
#4258 = LINE('',#4259,#4260);
#4259 = CARTESIAN_POINT('',(-0.8,-2.75,0.2));
#4260 = VECTOR('',#4261,1.);
#4261 = DIRECTION('',(-4.555315873023E-16,-1.,0.));
#4262 = ORIENTED_EDGE('',*,*,#4263,.F.);
#4263 = EDGE_CURVE('',#4240,#4256,#4264,.T.);
#4264 = LINE('',#4265,#4266);
#4265 = CARTESIAN_POINT('',(-0.8,-3.,0.));
#4266 = VECTOR('',#4267,1.);
#4267 = DIRECTION('',(0.,0.,1.));
#4268 = PLANE('',#4269);
#4269 = AXIS2_PLACEMENT_3D('',#4270,#4271,#4272);
#4270 = CARTESIAN_POINT('',(-0.8,-2.75,0.));
#4271 = DIRECTION('',(1.,-4.555315873023E-16,0.));
#4272 = DIRECTION('',(-4.555315873023E-16,-1.,0.));
#4273 = ADVANCED_FACE('',(#4274),#4293,.T.);
#4274 = FACE_BOUND('',#4275,.T.);
#4275 = EDGE_LOOP('',(#4276,#4284,#4285,#4286));
#4276 = ORIENTED_EDGE('',*,*,#4277,.T.);
#4277 = EDGE_CURVE('',#4278,#1440,#4280,.T.);
#4278 = VERTEX_POINT('',#4279);
#4279 = CARTESIAN_POINT('',(2.75,0.5,0.));
#4280 = LINE('',#4281,#4282);
#4281 = CARTESIAN_POINT('',(2.75,0.5,0.));
#4282 = VECTOR('',#4283,1.);
#4283 = DIRECTION('',(0.,0.,1.));
#4284 = ORIENTED_EDGE('',*,*,#1447,.T.);
#4285 = ORIENTED_EDGE('',*,*,#4223,.F.);
#4286 = ORIENTED_EDGE('',*,*,#4287,.T.);
#4287 = EDGE_CURVE('',#4200,#4278,#4288,.T.);
#4288 = CIRCLE('',#4289,0.15);
#4289 = AXIS2_PLACEMENT_3D('',#4290,#4291,#4292);
#4290 = CARTESIAN_POINT('',(2.75,0.65,0.));
#4291 = DIRECTION('',(0.,-0.,1.));
#4292 = DIRECTION('',(3.445092848398E-16,1.,0.));
#4293 = CYLINDRICAL_SURFACE('',#4294,0.15);
#4294 = AXIS2_PLACEMENT_3D('',#4295,#4296,#4297);
#4295 = CARTESIAN_POINT('',(2.75,0.65,0.));
#4296 = DIRECTION('',(0.,-0.,-1.));
#4297 = DIRECTION('',(3.445092848398E-16,1.,0.));
#4298 = ADVANCED_FACE('',(#4299),#4318,.T.);
#4299 = FACE_BOUND('',#4300,.T.);
#4300 = EDGE_LOOP('',(#4301,#4302,#4303,#4311));
#4301 = ORIENTED_EDGE('',*,*,#4247,.T.);
#4302 = ORIENTED_EDGE('',*,*,#1142,.T.);
#4303 = ORIENTED_EDGE('',*,*,#4304,.F.);
#4304 = EDGE_CURVE('',#4305,#1143,#4307,.T.);
#4305 = VERTEX_POINT('',#4306);
#4306 = CARTESIAN_POINT('',(-0.5,-2.75,0.));
#4307 = LINE('',#4308,#4309);
#4308 = CARTESIAN_POINT('',(-0.5,-2.75,0.));
#4309 = VECTOR('',#4310,1.);
#4310 = DIRECTION('',(0.,0.,1.));
#4311 = ORIENTED_EDGE('',*,*,#4312,.T.);
#4312 = EDGE_CURVE('',#4305,#4238,#4313,.T.);
#4313 = CIRCLE('',#4314,0.15);
#4314 = AXIS2_PLACEMENT_3D('',#4315,#4316,#4317);
#4315 = CARTESIAN_POINT('',(-0.65,-2.75,0.));
#4316 = DIRECTION('',(-0.,0.,1.));
#4317 = DIRECTION('',(1.,-5.665538897648E-16,0.));
#4318 = CYLINDRICAL_SURFACE('',#4319,0.15);
#4319 = AXIS2_PLACEMENT_3D('',#4320,#4321,#4322);
#4320 = CARTESIAN_POINT('',(-0.65,-2.75,0.));
#4321 = DIRECTION('',(-0.,0.,-1.));
#4322 = DIRECTION('',(1.,-5.665538897648E-16,-0.));
#4323 = ADVANCED_FACE('',(#4324),#4351,.F.);
#4324 = FACE_BOUND('',#4325,.F.);
#4325 = EDGE_LOOP('',(#4326,#4334,#4335,#4336,#4337,#4345));
#4326 = ORIENTED_EDGE('',*,*,#4327,.F.);
#4327 = EDGE_CURVE('',#4278,#4328,#4330,.T.);
#4328 = VERTEX_POINT('',#4329);
#4329 = CARTESIAN_POINT('',(3.,0.5,0.));
#4330 = LINE('',#4331,#4332);
#4331 = CARTESIAN_POINT('',(2.75,0.5,0.));
#4332 = VECTOR('',#4333,1.);
#4333 = DIRECTION('',(1.,-2.334869823773E-16,0.));
#4334 = ORIENTED_EDGE('',*,*,#4277,.T.);
#4335 = ORIENTED_EDGE('',*,*,#1439,.F.);
#4336 = ORIENTED_EDGE('',*,*,#3551,.T.);
#4337 = ORIENTED_EDGE('',*,*,#4338,.T.);
#4338 = EDGE_CURVE('',#3552,#4339,#4341,.T.);
#4339 = VERTEX_POINT('',#4340);
#4340 = CARTESIAN_POINT('',(3.,0.5,0.2));
#4341 = LINE('',#4342,#4343);
#4342 = CARTESIAN_POINT('',(2.75,0.5,0.2));
#4343 = VECTOR('',#4344,1.);
#4344 = DIRECTION('',(1.,-2.334869823773E-16,0.));
#4345 = ORIENTED_EDGE('',*,*,#4346,.F.);
#4346 = EDGE_CURVE('',#4328,#4339,#4347,.T.);
#4347 = LINE('',#4348,#4349);
#4348 = CARTESIAN_POINT('',(3.,0.5,0.));
#4349 = VECTOR('',#4350,1.);
#4350 = DIRECTION('',(0.,0.,1.));
#4351 = PLANE('',#4352);
#4352 = AXIS2_PLACEMENT_3D('',#4353,#4354,#4355);
#4353 = CARTESIAN_POINT('',(2.75,0.5,0.));
#4354 = DIRECTION('',(2.334869823773E-16,1.,0.));
#4355 = DIRECTION('',(1.,-2.334869823773E-16,0.));
#4356 = ADVANCED_FACE('',(#4357),#4384,.F.);
#4357 = FACE_BOUND('',#4358,.F.);
#4358 = EDGE_LOOP('',(#4359,#4367,#4375,#4381,#4382,#4383));
#4359 = ORIENTED_EDGE('',*,*,#4360,.F.);
#4360 = EDGE_CURVE('',#4361,#4305,#4363,.T.);
#4361 = VERTEX_POINT('',#4362);
#4362 = CARTESIAN_POINT('',(-0.5,-3.,0.));
#4363 = LINE('',#4364,#4365);
#4364 = CARTESIAN_POINT('',(-0.5,-3.,0.));
#4365 = VECTOR('',#4366,1.);
#4366 = DIRECTION('',(5.665538897648E-16,1.,0.));
#4367 = ORIENTED_EDGE('',*,*,#4368,.T.);
#4368 = EDGE_CURVE('',#4361,#4369,#4371,.T.);
#4369 = VERTEX_POINT('',#4370);
#4370 = CARTESIAN_POINT('',(-0.5,-3.,0.2));
#4371 = LINE('',#4372,#4373);
#4372 = CARTESIAN_POINT('',(-0.5,-3.,0.));
#4373 = VECTOR('',#4374,1.);
#4374 = DIRECTION('',(0.,0.,1.));
#4375 = ORIENTED_EDGE('',*,*,#4376,.T.);
#4376 = EDGE_CURVE('',#4369,#3690,#4377,.T.);
#4377 = LINE('',#4378,#4379);
#4378 = CARTESIAN_POINT('',(-0.5,-3.,0.2));
#4379 = VECTOR('',#4380,1.);
#4380 = DIRECTION('',(5.665538897648E-16,1.,0.));
#4381 = ORIENTED_EDGE('',*,*,#3697,.T.);
#4382 = ORIENTED_EDGE('',*,*,#1151,.F.);
#4383 = ORIENTED_EDGE('',*,*,#4304,.F.);
#4384 = PLANE('',#4385);
#4385 = AXIS2_PLACEMENT_3D('',#4386,#4387,#4388);
#4386 = CARTESIAN_POINT('',(-0.5,-3.,0.));
#4387 = DIRECTION('',(-1.,5.665538897648E-16,0.));
#4388 = DIRECTION('',(5.665538897648E-16,1.,0.));
#4389 = ADVANCED_FACE('',(#4390),#4424,.F.);
#4390 = FACE_BOUND('',#4391,.F.);
#4391 = EDGE_LOOP('',(#4392,#4402,#4410,#4416,#4417,#4418));
#4392 = ORIENTED_EDGE('',*,*,#4393,.F.);
#4393 = EDGE_CURVE('',#4394,#4396,#4398,.T.);
#4394 = VERTEX_POINT('',#4395);
#4395 = CARTESIAN_POINT('',(3.,0.15,0.));
#4396 = VERTEX_POINT('',#4397);
#4397 = CARTESIAN_POINT('',(2.75,0.15,0.));
#4398 = LINE('',#4399,#4400);
#4399 = CARTESIAN_POINT('',(3.,0.15,0.));
#4400 = VECTOR('',#4401,1.);
#4401 = DIRECTION('',(-1.,3.445092848398E-16,0.));
#4402 = ORIENTED_EDGE('',*,*,#4403,.T.);
#4403 = EDGE_CURVE('',#4394,#4404,#4406,.T.);
#4404 = VERTEX_POINT('',#4405);
#4405 = CARTESIAN_POINT('',(3.,0.15,0.2));
#4406 = LINE('',#4407,#4408);
#4407 = CARTESIAN_POINT('',(3.,0.15,0.));
#4408 = VECTOR('',#4409,1.);
#4409 = DIRECTION('',(0.,0.,1.));
#4410 = ORIENTED_EDGE('',*,*,#4411,.T.);
#4411 = EDGE_CURVE('',#4404,#3537,#4412,.T.);
#4412 = LINE('',#4413,#4414);
#4413 = CARTESIAN_POINT('',(3.,0.15,0.2));
#4414 = VECTOR('',#4415,1.);
#4415 = DIRECTION('',(-1.,3.445092848398E-16,0.));
#4416 = ORIENTED_EDGE('',*,*,#3544,.T.);
#4417 = ORIENTED_EDGE('',*,*,#1423,.F.);
#4418 = ORIENTED_EDGE('',*,*,#4419,.F.);
#4419 = EDGE_CURVE('',#4396,#1415,#4420,.T.);
#4420 = LINE('',#4421,#4422);
#4421 = CARTESIAN_POINT('',(2.75,0.15,0.));
#4422 = VECTOR('',#4423,1.);
#4423 = DIRECTION('',(0.,0.,1.));
#4424 = PLANE('',#4425);
#4425 = AXIS2_PLACEMENT_3D('',#4426,#4427,#4428);
#4426 = CARTESIAN_POINT('',(3.,0.15,0.));
#4427 = DIRECTION('',(-3.445092848398E-16,-1.,0.));
#4428 = DIRECTION('',(-1.,3.445092848398E-16,0.));
#4429 = ADVANCED_FACE('',(#4430),#4464,.F.);
#4430 = FACE_BOUND('',#4431,.F.);
#4431 = EDGE_LOOP('',(#4432,#4442,#4448,#4449,#4450,#4458));
#4432 = ORIENTED_EDGE('',*,*,#4433,.F.);
#4433 = EDGE_CURVE('',#4434,#4436,#4438,.T.);
#4434 = VERTEX_POINT('',#4435);
#4435 = CARTESIAN_POINT('',(-0.15,-2.75,0.));
#4436 = VERTEX_POINT('',#4437);
#4437 = CARTESIAN_POINT('',(-0.15,-3.,0.));
#4438 = LINE('',#4439,#4440);
#4439 = CARTESIAN_POINT('',(-0.15,-2.75,0.));
#4440 = VECTOR('',#4441,1.);
#4441 = DIRECTION('',(-4.555315873023E-16,-1.,0.));
#4442 = ORIENTED_EDGE('',*,*,#4443,.T.);
#4443 = EDGE_CURVE('',#4434,#1168,#4444,.T.);
#4444 = LINE('',#4445,#4446);
#4445 = CARTESIAN_POINT('',(-0.15,-2.75,0.));
#4446 = VECTOR('',#4447,1.);
#4447 = DIRECTION('',(0.,0.,1.));
#4448 = ORIENTED_EDGE('',*,*,#1167,.F.);
#4449 = ORIENTED_EDGE('',*,*,#3704,.T.);
#4450 = ORIENTED_EDGE('',*,*,#4451,.T.);
#4451 = EDGE_CURVE('',#3705,#4452,#4454,.T.);
#4452 = VERTEX_POINT('',#4453);
#4453 = CARTESIAN_POINT('',(-0.15,-3.,0.2));
#4454 = LINE('',#4455,#4456);
#4455 = CARTESIAN_POINT('',(-0.15,-2.75,0.2));
#4456 = VECTOR('',#4457,1.);
#4457 = DIRECTION('',(-4.555315873023E-16,-1.,0.));
#4458 = ORIENTED_EDGE('',*,*,#4459,.F.);
#4459 = EDGE_CURVE('',#4436,#4452,#4460,.T.);
#4460 = LINE('',#4461,#4462);
#4461 = CARTESIAN_POINT('',(-0.15,-3.,0.));
#4462 = VECTOR('',#4463,1.);
#4463 = DIRECTION('',(0.,0.,1.));
#4464 = PLANE('',#4465);
#4465 = AXIS2_PLACEMENT_3D('',#4466,#4467,#4468);
#4466 = CARTESIAN_POINT('',(-0.15,-2.75,0.));
#4467 = DIRECTION('',(1.,-4.555315873023E-16,0.));
#4468 = DIRECTION('',(-4.555315873023E-16,-1.,0.));
#4469 = ADVANCED_FACE('',(#4470),#4489,.T.);
#4470 = FACE_BOUND('',#4471,.T.);
#4471 = EDGE_LOOP('',(#4472,#4480,#4481,#4482));
#4472 = ORIENTED_EDGE('',*,*,#4473,.T.);
#4473 = EDGE_CURVE('',#4474,#1407,#4476,.T.);
#4474 = VERTEX_POINT('',#4475);
#4475 = CARTESIAN_POINT('',(2.75,-0.15,0.));
#4476 = LINE('',#4477,#4478);
#4477 = CARTESIAN_POINT('',(2.75,-0.15,0.));
#4478 = VECTOR('',#4479,1.);
#4479 = DIRECTION('',(0.,0.,1.));
#4480 = ORIENTED_EDGE('',*,*,#1414,.T.);
#4481 = ORIENTED_EDGE('',*,*,#4419,.F.);
#4482 = ORIENTED_EDGE('',*,*,#4483,.T.);
#4483 = EDGE_CURVE('',#4396,#4474,#4484,.T.);
#4484 = CIRCLE('',#4485,0.15);
#4485 = AXIS2_PLACEMENT_3D('',#4486,#4487,#4488);
#4486 = CARTESIAN_POINT('',(2.75,-6.383782391595E-16,0.));
#4487 = DIRECTION('',(0.,-0.,1.));
#4488 = DIRECTION('',(3.445092848398E-16,1.,0.));
#4489 = CYLINDRICAL_SURFACE('',#4490,0.15);
#4490 = AXIS2_PLACEMENT_3D('',#4491,#4492,#4493);
#4491 = CARTESIAN_POINT('',(2.75,-6.383782391595E-16,0.));
#4492 = DIRECTION('',(0.,-0.,-1.));
#4493 = DIRECTION('',(3.445092848398E-16,1.,0.));
#4494 = ADVANCED_FACE('',(#4495),#4514,.T.);
#4495 = FACE_BOUND('',#4496,.T.);
#4496 = EDGE_LOOP('',(#4497,#4498,#4499,#4507));
#4497 = ORIENTED_EDGE('',*,*,#4443,.T.);
#4498 = ORIENTED_EDGE('',*,*,#1175,.T.);
#4499 = ORIENTED_EDGE('',*,*,#4500,.F.);
#4500 = EDGE_CURVE('',#4501,#1176,#4503,.T.);
#4501 = VERTEX_POINT('',#4502);
#4502 = CARTESIAN_POINT('',(0.15,-2.75,0.));
#4503 = LINE('',#4504,#4505);
#4504 = CARTESIAN_POINT('',(0.15,-2.75,0.));
#4505 = VECTOR('',#4506,1.);
#4506 = DIRECTION('',(0.,0.,1.));
#4507 = ORIENTED_EDGE('',*,*,#4508,.T.);
#4508 = EDGE_CURVE('',#4501,#4434,#4509,.T.);
#4509 = CIRCLE('',#4510,0.15);
#4510 = AXIS2_PLACEMENT_3D('',#4511,#4512,#4513);
#4511 = CARTESIAN_POINT('',(-1.249000902703E-15,-2.75,0.));
#4512 = DIRECTION('',(-0.,0.,1.));
#4513 = DIRECTION('',(1.,-5.665538897648E-16,0.));
#4514 = CYLINDRICAL_SURFACE('',#4515,0.15);
#4515 = AXIS2_PLACEMENT_3D('',#4516,#4517,#4518);
#4516 = CARTESIAN_POINT('',(-1.249000902703E-15,-2.75,0.));
#4517 = DIRECTION('',(-0.,0.,-1.));
#4518 = DIRECTION('',(1.,-5.665538897648E-16,-0.));
#4519 = ADVANCED_FACE('',(#4520),#4547,.F.);
#4520 = FACE_BOUND('',#4521,.F.);
#4521 = EDGE_LOOP('',(#4522,#4530,#4531,#4532,#4533,#4541));
#4522 = ORIENTED_EDGE('',*,*,#4523,.F.);
#4523 = EDGE_CURVE('',#4474,#4524,#4526,.T.);
#4524 = VERTEX_POINT('',#4525);
#4525 = CARTESIAN_POINT('',(3.,-0.15,0.));
#4526 = LINE('',#4527,#4528);
#4527 = CARTESIAN_POINT('',(2.75,-0.15,0.));
#4528 = VECTOR('',#4529,1.);
#4529 = DIRECTION('',(1.,-2.334869823773E-16,0.));
#4530 = ORIENTED_EDGE('',*,*,#4473,.T.);
#4531 = ORIENTED_EDGE('',*,*,#1406,.F.);
#4532 = ORIENTED_EDGE('',*,*,#3528,.T.);
#4533 = ORIENTED_EDGE('',*,*,#4534,.T.);
#4534 = EDGE_CURVE('',#3529,#4535,#4537,.T.);
#4535 = VERTEX_POINT('',#4536);
#4536 = CARTESIAN_POINT('',(3.,-0.15,0.2));
#4537 = LINE('',#4538,#4539);
#4538 = CARTESIAN_POINT('',(2.75,-0.15,0.2));
#4539 = VECTOR('',#4540,1.);
#4540 = DIRECTION('',(1.,-2.334869823773E-16,0.));
#4541 = ORIENTED_EDGE('',*,*,#4542,.F.);
#4542 = EDGE_CURVE('',#4524,#4535,#4543,.T.);
#4543 = LINE('',#4544,#4545);
#4544 = CARTESIAN_POINT('',(3.,-0.15,0.));
#4545 = VECTOR('',#4546,1.);
#4546 = DIRECTION('',(0.,0.,1.));
#4547 = PLANE('',#4548);
#4548 = AXIS2_PLACEMENT_3D('',#4549,#4550,#4551);
#4549 = CARTESIAN_POINT('',(2.75,-0.15,0.));
#4550 = DIRECTION('',(2.334869823773E-16,1.,0.));
#4551 = DIRECTION('',(1.,-2.334869823773E-16,0.));
#4552 = ADVANCED_FACE('',(#4553),#4580,.F.);
#4553 = FACE_BOUND('',#4554,.F.);
#4554 = EDGE_LOOP('',(#4555,#4563,#4571,#4577,#4578,#4579));
#4555 = ORIENTED_EDGE('',*,*,#4556,.F.);
#4556 = EDGE_CURVE('',#4557,#4501,#4559,.T.);
#4557 = VERTEX_POINT('',#4558);
#4558 = CARTESIAN_POINT('',(0.15,-3.,0.));
#4559 = LINE('',#4560,#4561);
#4560 = CARTESIAN_POINT('',(0.15,-3.,0.));
#4561 = VECTOR('',#4562,1.);
#4562 = DIRECTION('',(5.665538897648E-16,1.,0.));
#4563 = ORIENTED_EDGE('',*,*,#4564,.T.);
#4564 = EDGE_CURVE('',#4557,#4565,#4567,.T.);
#4565 = VERTEX_POINT('',#4566);
#4566 = CARTESIAN_POINT('',(0.15,-3.,0.2));
#4567 = LINE('',#4568,#4569);
#4568 = CARTESIAN_POINT('',(0.15,-3.,0.));
#4569 = VECTOR('',#4570,1.);
#4570 = DIRECTION('',(0.,0.,1.));
#4571 = ORIENTED_EDGE('',*,*,#4572,.T.);
#4572 = EDGE_CURVE('',#4565,#3713,#4573,.T.);
#4573 = LINE('',#4574,#4575);
#4574 = CARTESIAN_POINT('',(0.15,-3.,0.2));
#4575 = VECTOR('',#4576,1.);
#4576 = DIRECTION('',(5.665538897648E-16,1.,0.));
#4577 = ORIENTED_EDGE('',*,*,#3720,.T.);
#4578 = ORIENTED_EDGE('',*,*,#1184,.F.);
#4579 = ORIENTED_EDGE('',*,*,#4500,.F.);
#4580 = PLANE('',#4581);
#4581 = AXIS2_PLACEMENT_3D('',#4582,#4583,#4584);
#4582 = CARTESIAN_POINT('',(0.15,-3.,0.));
#4583 = DIRECTION('',(-1.,5.665538897648E-16,0.));
#4584 = DIRECTION('',(5.665538897648E-16,1.,0.));
#4585 = ADVANCED_FACE('',(#4586),#4620,.F.);
#4586 = FACE_BOUND('',#4587,.F.);
#4587 = EDGE_LOOP('',(#4588,#4598,#4606,#4612,#4613,#4614));
#4588 = ORIENTED_EDGE('',*,*,#4589,.F.);
#4589 = EDGE_CURVE('',#4590,#4592,#4594,.T.);
#4590 = VERTEX_POINT('',#4591);
#4591 = CARTESIAN_POINT('',(3.,-0.5,0.));
#4592 = VERTEX_POINT('',#4593);
#4593 = CARTESIAN_POINT('',(2.75,-0.5,0.));
#4594 = LINE('',#4595,#4596);
#4595 = CARTESIAN_POINT('',(3.,-0.5,0.));
#4596 = VECTOR('',#4597,1.);
#4597 = DIRECTION('',(-1.,3.445092848398E-16,0.));
#4598 = ORIENTED_EDGE('',*,*,#4599,.T.);
#4599 = EDGE_CURVE('',#4590,#4600,#4602,.T.);
#4600 = VERTEX_POINT('',#4601);
#4601 = CARTESIAN_POINT('',(3.,-0.5,0.2));
#4602 = LINE('',#4603,#4604);
#4603 = CARTESIAN_POINT('',(3.,-0.5,0.));
#4604 = VECTOR('',#4605,1.);
#4605 = DIRECTION('',(0.,0.,1.));
#4606 = ORIENTED_EDGE('',*,*,#4607,.T.);
#4607 = EDGE_CURVE('',#4600,#3514,#4608,.T.);
#4608 = LINE('',#4609,#4610);
#4609 = CARTESIAN_POINT('',(3.,-0.5,0.2));
#4610 = VECTOR('',#4611,1.);
#4611 = DIRECTION('',(-1.,3.445092848398E-16,0.));
#4612 = ORIENTED_EDGE('',*,*,#3521,.T.);
#4613 = ORIENTED_EDGE('',*,*,#1390,.F.);
#4614 = ORIENTED_EDGE('',*,*,#4615,.F.);
#4615 = EDGE_CURVE('',#4592,#1382,#4616,.T.);
#4616 = LINE('',#4617,#4618);
#4617 = CARTESIAN_POINT('',(2.75,-0.5,0.));
#4618 = VECTOR('',#4619,1.);
#4619 = DIRECTION('',(0.,0.,1.));
#4620 = PLANE('',#4621);
#4621 = AXIS2_PLACEMENT_3D('',#4622,#4623,#4624);
#4622 = CARTESIAN_POINT('',(3.,-0.5,0.));
#4623 = DIRECTION('',(-3.445092848398E-16,-1.,0.));
#4624 = DIRECTION('',(-1.,3.445092848398E-16,0.));
#4625 = ADVANCED_FACE('',(#4626),#4660,.F.);
#4626 = FACE_BOUND('',#4627,.F.);
#4627 = EDGE_LOOP('',(#4628,#4638,#4644,#4645,#4646,#4654));
#4628 = ORIENTED_EDGE('',*,*,#4629,.F.);
#4629 = EDGE_CURVE('',#4630,#4632,#4634,.T.);
#4630 = VERTEX_POINT('',#4631);
#4631 = CARTESIAN_POINT('',(0.5,-2.75,0.));
#4632 = VERTEX_POINT('',#4633);
#4633 = CARTESIAN_POINT('',(0.5,-3.,0.));
#4634 = LINE('',#4635,#4636);
#4635 = CARTESIAN_POINT('',(0.5,-2.75,0.));
#4636 = VECTOR('',#4637,1.);
#4637 = DIRECTION('',(-4.555315873023E-16,-1.,0.));
#4638 = ORIENTED_EDGE('',*,*,#4639,.T.);
#4639 = EDGE_CURVE('',#4630,#1201,#4640,.T.);
#4640 = LINE('',#4641,#4642);
#4641 = CARTESIAN_POINT('',(0.5,-2.75,0.));
#4642 = VECTOR('',#4643,1.);
#4643 = DIRECTION('',(0.,0.,1.));
#4644 = ORIENTED_EDGE('',*,*,#1200,.F.);
#4645 = ORIENTED_EDGE('',*,*,#3727,.T.);
#4646 = ORIENTED_EDGE('',*,*,#4647,.T.);
#4647 = EDGE_CURVE('',#3728,#4648,#4650,.T.);
#4648 = VERTEX_POINT('',#4649);
#4649 = CARTESIAN_POINT('',(0.5,-3.,0.2));
#4650 = LINE('',#4651,#4652);
#4651 = CARTESIAN_POINT('',(0.5,-2.75,0.2));
#4652 = VECTOR('',#4653,1.);
#4653 = DIRECTION('',(-4.555315873023E-16,-1.,0.));
#4654 = ORIENTED_EDGE('',*,*,#4655,.F.);
#4655 = EDGE_CURVE('',#4632,#4648,#4656,.T.);
#4656 = LINE('',#4657,#4658);
#4657 = CARTESIAN_POINT('',(0.5,-3.,0.));
#4658 = VECTOR('',#4659,1.);
#4659 = DIRECTION('',(0.,0.,1.));
#4660 = PLANE('',#4661);
#4661 = AXIS2_PLACEMENT_3D('',#4662,#4663,#4664);
#4662 = CARTESIAN_POINT('',(0.5,-2.75,0.));
#4663 = DIRECTION('',(1.,-4.555315873023E-16,0.));
#4664 = DIRECTION('',(-4.555315873023E-16,-1.,0.));
#4665 = ADVANCED_FACE('',(#4666),#4685,.T.);
#4666 = FACE_BOUND('',#4667,.T.);
#4667 = EDGE_LOOP('',(#4668,#4676,#4677,#4678));
#4668 = ORIENTED_EDGE('',*,*,#4669,.T.);
#4669 = EDGE_CURVE('',#4670,#1374,#4672,.T.);
#4670 = VERTEX_POINT('',#4671);
#4671 = CARTESIAN_POINT('',(2.75,-0.8,0.));
#4672 = LINE('',#4673,#4674);
#4673 = CARTESIAN_POINT('',(2.75,-0.8,0.));
#4674 = VECTOR('',#4675,1.);
#4675 = DIRECTION('',(0.,0.,1.));
#4676 = ORIENTED_EDGE('',*,*,#1381,.T.);
#4677 = ORIENTED_EDGE('',*,*,#4615,.F.);
#4678 = ORIENTED_EDGE('',*,*,#4679,.T.);
#4679 = EDGE_CURVE('',#4592,#4670,#4680,.T.);
#4680 = CIRCLE('',#4681,0.15);
#4681 = AXIS2_PLACEMENT_3D('',#4682,#4683,#4684);
#4682 = CARTESIAN_POINT('',(2.75,-0.65,0.));
#4683 = DIRECTION('',(0.,-0.,1.));
#4684 = DIRECTION('',(3.445092848398E-16,1.,0.));
#4685 = CYLINDRICAL_SURFACE('',#4686,0.15);
#4686 = AXIS2_PLACEMENT_3D('',#4687,#4688,#4689);
#4687 = CARTESIAN_POINT('',(2.75,-0.65,0.));
#4688 = DIRECTION('',(0.,-0.,-1.));
#4689 = DIRECTION('',(3.445092848398E-16,1.,0.));
#4690 = ADVANCED_FACE('',(#4691),#4710,.T.);
#4691 = FACE_BOUND('',#4692,.T.);
#4692 = EDGE_LOOP('',(#4693,#4694,#4695,#4703));
#4693 = ORIENTED_EDGE('',*,*,#4639,.T.);
#4694 = ORIENTED_EDGE('',*,*,#1208,.T.);
#4695 = ORIENTED_EDGE('',*,*,#4696,.F.);
#4696 = EDGE_CURVE('',#4697,#1209,#4699,.T.);
#4697 = VERTEX_POINT('',#4698);
#4698 = CARTESIAN_POINT('',(0.8,-2.75,0.));
#4699 = LINE('',#4700,#4701);
#4700 = CARTESIAN_POINT('',(0.8,-2.75,0.));
#4701 = VECTOR('',#4702,1.);
#4702 = DIRECTION('',(0.,0.,1.));
#4703 = ORIENTED_EDGE('',*,*,#4704,.T.);
#4704 = EDGE_CURVE('',#4697,#4630,#4705,.T.);
#4705 = CIRCLE('',#4706,0.15);
#4706 = AXIS2_PLACEMENT_3D('',#4707,#4708,#4709);
#4707 = CARTESIAN_POINT('',(0.65,-2.75,0.));
#4708 = DIRECTION('',(-0.,0.,1.));
#4709 = DIRECTION('',(1.,-5.665538897648E-16,0.));
#4710 = CYLINDRICAL_SURFACE('',#4711,0.15);
#4711 = AXIS2_PLACEMENT_3D('',#4712,#4713,#4714);
#4712 = CARTESIAN_POINT('',(0.65,-2.75,0.));
#4713 = DIRECTION('',(-0.,0.,-1.));
#4714 = DIRECTION('',(1.,-5.665538897648E-16,-0.));
#4715 = ADVANCED_FACE('',(#4716),#4743,.F.);
#4716 = FACE_BOUND('',#4717,.F.);
#4717 = EDGE_LOOP('',(#4718,#4726,#4727,#4728,#4729,#4737));
#4718 = ORIENTED_EDGE('',*,*,#4719,.F.);
#4719 = EDGE_CURVE('',#4670,#4720,#4722,.T.);
#4720 = VERTEX_POINT('',#4721);
#4721 = CARTESIAN_POINT('',(3.,-0.8,0.));
#4722 = LINE('',#4723,#4724);
#4723 = CARTESIAN_POINT('',(2.75,-0.8,0.));
#4724 = VECTOR('',#4725,1.);
#4725 = DIRECTION('',(1.,-2.334869823773E-16,0.));
#4726 = ORIENTED_EDGE('',*,*,#4669,.T.);
#4727 = ORIENTED_EDGE('',*,*,#1373,.F.);
#4728 = ORIENTED_EDGE('',*,*,#3505,.T.);
#4729 = ORIENTED_EDGE('',*,*,#4730,.T.);
#4730 = EDGE_CURVE('',#3506,#4731,#4733,.T.);
#4731 = VERTEX_POINT('',#4732);
#4732 = CARTESIAN_POINT('',(3.,-0.8,0.2));
#4733 = LINE('',#4734,#4735);
#4734 = CARTESIAN_POINT('',(2.75,-0.8,0.2));
#4735 = VECTOR('',#4736,1.);
#4736 = DIRECTION('',(1.,-2.334869823773E-16,0.));
#4737 = ORIENTED_EDGE('',*,*,#4738,.F.);
#4738 = EDGE_CURVE('',#4720,#4731,#4739,.T.);
#4739 = LINE('',#4740,#4741);
#4740 = CARTESIAN_POINT('',(3.,-0.8,0.));
#4741 = VECTOR('',#4742,1.);
#4742 = DIRECTION('',(0.,0.,1.));
#4743 = PLANE('',#4744);
#4744 = AXIS2_PLACEMENT_3D('',#4745,#4746,#4747);
#4745 = CARTESIAN_POINT('',(2.75,-0.8,0.));
#4746 = DIRECTION('',(2.334869823773E-16,1.,0.));
#4747 = DIRECTION('',(1.,-2.334869823773E-16,0.));
#4748 = ADVANCED_FACE('',(#4749),#4776,.F.);
#4749 = FACE_BOUND('',#4750,.F.);
#4750 = EDGE_LOOP('',(#4751,#4759,#4767,#4773,#4774,#4775));
#4751 = ORIENTED_EDGE('',*,*,#4752,.F.);
#4752 = EDGE_CURVE('',#4753,#4697,#4755,.T.);
#4753 = VERTEX_POINT('',#4754);
#4754 = CARTESIAN_POINT('',(0.8,-3.,0.));
#4755 = LINE('',#4756,#4757);
#4756 = CARTESIAN_POINT('',(0.8,-3.,0.));
#4757 = VECTOR('',#4758,1.);
#4758 = DIRECTION('',(5.665538897648E-16,1.,0.));
#4759 = ORIENTED_EDGE('',*,*,#4760,.T.);
#4760 = EDGE_CURVE('',#4753,#4761,#4763,.T.);
#4761 = VERTEX_POINT('',#4762);
#4762 = CARTESIAN_POINT('',(0.8,-3.,0.2));
#4763 = LINE('',#4764,#4765);
#4764 = CARTESIAN_POINT('',(0.8,-3.,0.));
#4765 = VECTOR('',#4766,1.);
#4766 = DIRECTION('',(0.,0.,1.));
#4767 = ORIENTED_EDGE('',*,*,#4768,.T.);
#4768 = EDGE_CURVE('',#4761,#3736,#4769,.T.);
#4769 = LINE('',#4770,#4771);
#4770 = CARTESIAN_POINT('',(0.8,-3.,0.2));
#4771 = VECTOR('',#4772,1.);
#4772 = DIRECTION('',(5.665538897648E-16,1.,0.));
#4773 = ORIENTED_EDGE('',*,*,#3743,.T.);
#4774 = ORIENTED_EDGE('',*,*,#1217,.F.);
#4775 = ORIENTED_EDGE('',*,*,#4696,.F.);
#4776 = PLANE('',#4777);
#4777 = AXIS2_PLACEMENT_3D('',#4778,#4779,#4780);
#4778 = CARTESIAN_POINT('',(0.8,-3.,0.));
#4779 = DIRECTION('',(-1.,5.665538897648E-16,0.));
#4780 = DIRECTION('',(5.665538897648E-16,1.,0.));
#4781 = ADVANCED_FACE('',(#4782),#4816,.F.);
#4782 = FACE_BOUND('',#4783,.F.);
#4783 = EDGE_LOOP('',(#4784,#4794,#4802,#4808,#4809,#4810));
#4784 = ORIENTED_EDGE('',*,*,#4785,.F.);
#4785 = EDGE_CURVE('',#4786,#4788,#4790,.T.);
#4786 = VERTEX_POINT('',#4787);
#4787 = CARTESIAN_POINT('',(3.,-1.15,0.));
#4788 = VERTEX_POINT('',#4789);
#4789 = CARTESIAN_POINT('',(2.75,-1.15,0.));
#4790 = LINE('',#4791,#4792);
#4791 = CARTESIAN_POINT('',(3.,-1.15,0.));
#4792 = VECTOR('',#4793,1.);
#4793 = DIRECTION('',(-1.,3.445092848398E-16,0.));
#4794 = ORIENTED_EDGE('',*,*,#4795,.T.);
#4795 = EDGE_CURVE('',#4786,#4796,#4798,.T.);
#4796 = VERTEX_POINT('',#4797);
#4797 = CARTESIAN_POINT('',(3.,-1.15,0.2));
#4798 = LINE('',#4799,#4800);
#4799 = CARTESIAN_POINT('',(3.,-1.15,0.));
#4800 = VECTOR('',#4801,1.);
#4801 = DIRECTION('',(0.,0.,1.));
#4802 = ORIENTED_EDGE('',*,*,#4803,.T.);
#4803 = EDGE_CURVE('',#4796,#3491,#4804,.T.);
#4804 = LINE('',#4805,#4806);
#4805 = CARTESIAN_POINT('',(3.,-1.15,0.2));
#4806 = VECTOR('',#4807,1.);
#4807 = DIRECTION('',(-1.,3.445092848398E-16,0.));
#4808 = ORIENTED_EDGE('',*,*,#3498,.T.);
#4809 = ORIENTED_EDGE('',*,*,#1357,.F.);
#4810 = ORIENTED_EDGE('',*,*,#4811,.F.);
#4811 = EDGE_CURVE('',#4788,#1349,#4812,.T.);
#4812 = LINE('',#4813,#4814);
#4813 = CARTESIAN_POINT('',(2.75,-1.15,0.));
#4814 = VECTOR('',#4815,1.);
#4815 = DIRECTION('',(0.,0.,1.));
#4816 = PLANE('',#4817);
#4817 = AXIS2_PLACEMENT_3D('',#4818,#4819,#4820);
#4818 = CARTESIAN_POINT('',(3.,-1.15,0.));
#4819 = DIRECTION('',(-3.445092848398E-16,-1.,0.));
#4820 = DIRECTION('',(-1.,3.445092848398E-16,0.));
#4821 = ADVANCED_FACE('',(#4822),#4856,.F.);
#4822 = FACE_BOUND('',#4823,.F.);
#4823 = EDGE_LOOP('',(#4824,#4834,#4840,#4841,#4842,#4850));
#4824 = ORIENTED_EDGE('',*,*,#4825,.F.);
#4825 = EDGE_CURVE('',#4826,#4828,#4830,.T.);
#4826 = VERTEX_POINT('',#4827);
#4827 = CARTESIAN_POINT('',(1.15,-2.75,0.));
#4828 = VERTEX_POINT('',#4829);
#4829 = CARTESIAN_POINT('',(1.15,-3.,0.));
#4830 = LINE('',#4831,#4832);
#4831 = CARTESIAN_POINT('',(1.15,-2.75,0.));
#4832 = VECTOR('',#4833,1.);
#4833 = DIRECTION('',(-4.555315873023E-16,-1.,0.));
#4834 = ORIENTED_EDGE('',*,*,#4835,.T.);
#4835 = EDGE_CURVE('',#4826,#1234,#4836,.T.);
#4836 = LINE('',#4837,#4838);
#4837 = CARTESIAN_POINT('',(1.15,-2.75,0.));
#4838 = VECTOR('',#4839,1.);
#4839 = DIRECTION('',(0.,0.,1.));
#4840 = ORIENTED_EDGE('',*,*,#1233,.F.);
#4841 = ORIENTED_EDGE('',*,*,#3750,.T.);
#4842 = ORIENTED_EDGE('',*,*,#4843,.T.);
#4843 = EDGE_CURVE('',#3751,#4844,#4846,.T.);
#4844 = VERTEX_POINT('',#4845);
#4845 = CARTESIAN_POINT('',(1.15,-3.,0.2));
#4846 = LINE('',#4847,#4848);
#4847 = CARTESIAN_POINT('',(1.15,-2.75,0.2));
#4848 = VECTOR('',#4849,1.);
#4849 = DIRECTION('',(-4.555315873023E-16,-1.,0.));
#4850 = ORIENTED_EDGE('',*,*,#4851,.F.);
#4851 = EDGE_CURVE('',#4828,#4844,#4852,.T.);
#4852 = LINE('',#4853,#4854);
#4853 = CARTESIAN_POINT('',(1.15,-3.,0.));
#4854 = VECTOR('',#4855,1.);
#4855 = DIRECTION('',(0.,0.,1.));
#4856 = PLANE('',#4857);
#4857 = AXIS2_PLACEMENT_3D('',#4858,#4859,#4860);
#4858 = CARTESIAN_POINT('',(1.15,-2.75,0.));
#4859 = DIRECTION('',(1.,-4.555315873023E-16,0.));
#4860 = DIRECTION('',(-4.555315873023E-16,-1.,0.));
#4861 = ADVANCED_FACE('',(#4862),#4881,.T.);
#4862 = FACE_BOUND('',#4863,.T.);
#4863 = EDGE_LOOP('',(#4864,#4872,#4873,#4874));
#4864 = ORIENTED_EDGE('',*,*,#4865,.T.);
#4865 = EDGE_CURVE('',#4866,#1341,#4868,.T.);
#4866 = VERTEX_POINT('',#4867);
#4867 = CARTESIAN_POINT('',(2.75,-1.45,0.));
#4868 = LINE('',#4869,#4870);
#4869 = CARTESIAN_POINT('',(2.75,-1.45,0.));
#4870 = VECTOR('',#4871,1.);
#4871 = DIRECTION('',(0.,0.,1.));
#4872 = ORIENTED_EDGE('',*,*,#1348,.T.);
#4873 = ORIENTED_EDGE('',*,*,#4811,.F.);
#4874 = ORIENTED_EDGE('',*,*,#4875,.T.);
#4875 = EDGE_CURVE('',#4788,#4866,#4876,.T.);
#4876 = CIRCLE('',#4877,0.15);
#4877 = AXIS2_PLACEMENT_3D('',#4878,#4879,#4880);
#4878 = CARTESIAN_POINT('',(2.75,-1.3,0.));
#4879 = DIRECTION('',(0.,-0.,1.));
#4880 = DIRECTION('',(3.445092848398E-16,1.,0.));
#4881 = CYLINDRICAL_SURFACE('',#4882,0.15);
#4882 = AXIS2_PLACEMENT_3D('',#4883,#4884,#4885);
#4883 = CARTESIAN_POINT('',(2.75,-1.3,0.));
#4884 = DIRECTION('',(0.,-0.,-1.));
#4885 = DIRECTION('',(3.445092848398E-16,1.,0.));
#4886 = ADVANCED_FACE('',(#4887),#4906,.T.);
#4887 = FACE_BOUND('',#4888,.T.);
#4888 = EDGE_LOOP('',(#4889,#4890,#4891,#4899));
#4889 = ORIENTED_EDGE('',*,*,#4835,.T.);
#4890 = ORIENTED_EDGE('',*,*,#1241,.T.);
#4891 = ORIENTED_EDGE('',*,*,#4892,.F.);
#4892 = EDGE_CURVE('',#4893,#1242,#4895,.T.);
#4893 = VERTEX_POINT('',#4894);
#4894 = CARTESIAN_POINT('',(1.45,-2.75,0.));
#4895 = LINE('',#4896,#4897);
#4896 = CARTESIAN_POINT('',(1.45,-2.75,0.));
#4897 = VECTOR('',#4898,1.);
#4898 = DIRECTION('',(0.,0.,1.));
#4899 = ORIENTED_EDGE('',*,*,#4900,.T.);
#4900 = EDGE_CURVE('',#4893,#4826,#4901,.T.);
#4901 = CIRCLE('',#4902,0.15);
#4902 = AXIS2_PLACEMENT_3D('',#4903,#4904,#4905);
#4903 = CARTESIAN_POINT('',(1.3,-2.75,0.));
#4904 = DIRECTION('',(-0.,0.,1.));
#4905 = DIRECTION('',(1.,-5.665538897648E-16,0.));
#4906 = CYLINDRICAL_SURFACE('',#4907,0.15);
#4907 = AXIS2_PLACEMENT_3D('',#4908,#4909,#4910);
#4908 = CARTESIAN_POINT('',(1.3,-2.75,0.));
#4909 = DIRECTION('',(-0.,0.,-1.));
#4910 = DIRECTION('',(1.,-5.665538897648E-16,-0.));
#4911 = ADVANCED_FACE('',(#4912),#4939,.F.);
#4912 = FACE_BOUND('',#4913,.F.);
#4913 = EDGE_LOOP('',(#4914,#4922,#4923,#4924,#4925,#4933));
#4914 = ORIENTED_EDGE('',*,*,#4915,.F.);
#4915 = EDGE_CURVE('',#4866,#4916,#4918,.T.);
#4916 = VERTEX_POINT('',#4917);
#4917 = CARTESIAN_POINT('',(3.,-1.45,0.));
#4918 = LINE('',#4919,#4920);
#4919 = CARTESIAN_POINT('',(2.75,-1.45,0.));
#4920 = VECTOR('',#4921,1.);
#4921 = DIRECTION('',(1.,-2.334869823773E-16,0.));
#4922 = ORIENTED_EDGE('',*,*,#4865,.T.);
#4923 = ORIENTED_EDGE('',*,*,#1340,.F.);
#4924 = ORIENTED_EDGE('',*,*,#3482,.T.);
#4925 = ORIENTED_EDGE('',*,*,#4926,.T.);
#4926 = EDGE_CURVE('',#3483,#4927,#4929,.T.);
#4927 = VERTEX_POINT('',#4928);
#4928 = CARTESIAN_POINT('',(3.,-1.45,0.2));
#4929 = LINE('',#4930,#4931);
#4930 = CARTESIAN_POINT('',(2.75,-1.45,0.2));
#4931 = VECTOR('',#4932,1.);
#4932 = DIRECTION('',(1.,-2.334869823773E-16,0.));
#4933 = ORIENTED_EDGE('',*,*,#4934,.F.);
#4934 = EDGE_CURVE('',#4916,#4927,#4935,.T.);
#4935 = LINE('',#4936,#4937);
#4936 = CARTESIAN_POINT('',(3.,-1.45,0.));
#4937 = VECTOR('',#4938,1.);
#4938 = DIRECTION('',(0.,0.,1.));
#4939 = PLANE('',#4940);
#4940 = AXIS2_PLACEMENT_3D('',#4941,#4942,#4943);
#4941 = CARTESIAN_POINT('',(2.75,-1.45,0.));
#4942 = DIRECTION('',(2.334869823773E-16,1.,0.));
#4943 = DIRECTION('',(1.,-2.334869823773E-16,0.));
#4944 = ADVANCED_FACE('',(#4945),#4972,.F.);
#4945 = FACE_BOUND('',#4946,.F.);
#4946 = EDGE_LOOP('',(#4947,#4955,#4963,#4969,#4970,#4971));
#4947 = ORIENTED_EDGE('',*,*,#4948,.F.);
#4948 = EDGE_CURVE('',#4949,#4893,#4951,.T.);
#4949 = VERTEX_POINT('',#4950);
#4950 = CARTESIAN_POINT('',(1.45,-3.,0.));
#4951 = LINE('',#4952,#4953);
#4952 = CARTESIAN_POINT('',(1.45,-3.,0.));
#4953 = VECTOR('',#4954,1.);
#4954 = DIRECTION('',(5.665538897648E-16,1.,0.));
#4955 = ORIENTED_EDGE('',*,*,#4956,.T.);
#4956 = EDGE_CURVE('',#4949,#4957,#4959,.T.);
#4957 = VERTEX_POINT('',#4958);
#4958 = CARTESIAN_POINT('',(1.45,-3.,0.2));
#4959 = LINE('',#4960,#4961);
#4960 = CARTESIAN_POINT('',(1.45,-3.,0.));
#4961 = VECTOR('',#4962,1.);
#4962 = DIRECTION('',(0.,0.,1.));
#4963 = ORIENTED_EDGE('',*,*,#4964,.T.);
#4964 = EDGE_CURVE('',#4957,#3759,#4965,.T.);
#4965 = LINE('',#4966,#4967);
#4966 = CARTESIAN_POINT('',(1.45,-3.,0.2));
#4967 = VECTOR('',#4968,1.);
#4968 = DIRECTION('',(5.665538897648E-16,1.,0.));
#4969 = ORIENTED_EDGE('',*,*,#3766,.T.);
#4970 = ORIENTED_EDGE('',*,*,#1250,.F.);
#4971 = ORIENTED_EDGE('',*,*,#4892,.F.);
#4972 = PLANE('',#4973);
#4973 = AXIS2_PLACEMENT_3D('',#4974,#4975,#4976);
#4974 = CARTESIAN_POINT('',(1.45,-3.,0.));
#4975 = DIRECTION('',(-1.,5.665538897648E-16,0.));
#4976 = DIRECTION('',(5.665538897648E-16,1.,0.));
#4977 = ADVANCED_FACE('',(#4978),#5012,.F.);
#4978 = FACE_BOUND('',#4979,.F.);
#4979 = EDGE_LOOP('',(#4980,#4990,#4998,#5004,#5005,#5006));
#4980 = ORIENTED_EDGE('',*,*,#4981,.F.);
#4981 = EDGE_CURVE('',#4982,#4984,#4986,.T.);
#4982 = VERTEX_POINT('',#4983);
#4983 = CARTESIAN_POINT('',(3.,-1.8,0.));
#4984 = VERTEX_POINT('',#4985);
#4985 = CARTESIAN_POINT('',(2.75,-1.8,0.));
#4986 = LINE('',#4987,#4988);
#4987 = CARTESIAN_POINT('',(3.,-1.8,0.));
#4988 = VECTOR('',#4989,1.);
#4989 = DIRECTION('',(-1.,3.445092848398E-16,0.));
#4990 = ORIENTED_EDGE('',*,*,#4991,.T.);
#4991 = EDGE_CURVE('',#4982,#4992,#4994,.T.);
#4992 = VERTEX_POINT('',#4993);
#4993 = CARTESIAN_POINT('',(3.,-1.8,0.2));
#4994 = LINE('',#4995,#4996);
#4995 = CARTESIAN_POINT('',(3.,-1.8,0.));
#4996 = VECTOR('',#4997,1.);
#4997 = DIRECTION('',(0.,0.,1.));
#4998 = ORIENTED_EDGE('',*,*,#4999,.T.);
#4999 = EDGE_CURVE('',#4992,#3468,#5000,.T.);
#5000 = LINE('',#5001,#5002);
#5001 = CARTESIAN_POINT('',(3.,-1.8,0.2));
#5002 = VECTOR('',#5003,1.);
#5003 = DIRECTION('',(-1.,3.445092848398E-16,0.));
#5004 = ORIENTED_EDGE('',*,*,#3475,.T.);
#5005 = ORIENTED_EDGE('',*,*,#1324,.F.);
#5006 = ORIENTED_EDGE('',*,*,#5007,.F.);
#5007 = EDGE_CURVE('',#4984,#1316,#5008,.T.);
#5008 = LINE('',#5009,#5010);
#5009 = CARTESIAN_POINT('',(2.75,-1.8,0.));
#5010 = VECTOR('',#5011,1.);
#5011 = DIRECTION('',(0.,0.,1.));
#5012 = PLANE('',#5013);
#5013 = AXIS2_PLACEMENT_3D('',#5014,#5015,#5016);
#5014 = CARTESIAN_POINT('',(3.,-1.8,0.));
#5015 = DIRECTION('',(-3.445092848398E-16,-1.,0.));
#5016 = DIRECTION('',(-1.,3.445092848398E-16,0.));
#5017 = ADVANCED_FACE('',(#5018),#5052,.F.);
#5018 = FACE_BOUND('',#5019,.F.);
#5019 = EDGE_LOOP('',(#5020,#5030,#5036,#5037,#5038,#5046));
#5020 = ORIENTED_EDGE('',*,*,#5021,.F.);
#5021 = EDGE_CURVE('',#5022,#5024,#5026,.T.);
#5022 = VERTEX_POINT('',#5023);
#5023 = CARTESIAN_POINT('',(1.8,-2.75,0.));
#5024 = VERTEX_POINT('',#5025);
#5025 = CARTESIAN_POINT('',(1.8,-3.,0.));
#5026 = LINE('',#5027,#5028);
#5027 = CARTESIAN_POINT('',(1.8,-2.75,0.));
#5028 = VECTOR('',#5029,1.);
#5029 = DIRECTION('',(-4.555315873023E-16,-1.,0.));
#5030 = ORIENTED_EDGE('',*,*,#5031,.T.);
#5031 = EDGE_CURVE('',#5022,#1267,#5032,.T.);
#5032 = LINE('',#5033,#5034);
#5033 = CARTESIAN_POINT('',(1.8,-2.75,0.));
#5034 = VECTOR('',#5035,1.);
#5035 = DIRECTION('',(0.,0.,1.));
#5036 = ORIENTED_EDGE('',*,*,#1266,.F.);
#5037 = ORIENTED_EDGE('',*,*,#3773,.T.);
#5038 = ORIENTED_EDGE('',*,*,#5039,.T.);
#5039 = EDGE_CURVE('',#3774,#5040,#5042,.T.);
#5040 = VERTEX_POINT('',#5041);
#5041 = CARTESIAN_POINT('',(1.8,-3.,0.2));
#5042 = LINE('',#5043,#5044);
#5043 = CARTESIAN_POINT('',(1.8,-2.75,0.2));
#5044 = VECTOR('',#5045,1.);
#5045 = DIRECTION('',(-4.555315873023E-16,-1.,0.));
#5046 = ORIENTED_EDGE('',*,*,#5047,.F.);
#5047 = EDGE_CURVE('',#5024,#5040,#5048,.T.);
#5048 = LINE('',#5049,#5050);
#5049 = CARTESIAN_POINT('',(1.8,-3.,0.));
#5050 = VECTOR('',#5051,1.);
#5051 = DIRECTION('',(0.,0.,1.));
#5052 = PLANE('',#5053);
#5053 = AXIS2_PLACEMENT_3D('',#5054,#5055,#5056);
#5054 = CARTESIAN_POINT('',(1.8,-2.75,0.));
#5055 = DIRECTION('',(1.,-4.555315873023E-16,0.));
#5056 = DIRECTION('',(-4.555315873023E-16,-1.,0.));
#5057 = ADVANCED_FACE('',(#5058),#5077,.T.);
#5058 = FACE_BOUND('',#5059,.T.);
#5059 = EDGE_LOOP('',(#5060,#5068,#5069,#5070));
#5060 = ORIENTED_EDGE('',*,*,#5061,.T.);
#5061 = EDGE_CURVE('',#5062,#1308,#5064,.T.);
#5062 = VERTEX_POINT('',#5063);
#5063 = CARTESIAN_POINT('',(2.75,-2.1,0.));
#5064 = LINE('',#5065,#5066);
#5065 = CARTESIAN_POINT('',(2.75,-2.1,0.));
#5066 = VECTOR('',#5067,1.);
#5067 = DIRECTION('',(0.,0.,1.));
#5068 = ORIENTED_EDGE('',*,*,#1315,.T.);
#5069 = ORIENTED_EDGE('',*,*,#5007,.F.);
#5070 = ORIENTED_EDGE('',*,*,#5071,.T.);
#5071 = EDGE_CURVE('',#4984,#5062,#5072,.T.);
#5072 = CIRCLE('',#5073,0.15);
#5073 = AXIS2_PLACEMENT_3D('',#5074,#5075,#5076);
#5074 = CARTESIAN_POINT('',(2.75,-1.95,0.));
#5075 = DIRECTION('',(0.,-0.,1.));
#5076 = DIRECTION('',(3.445092848398E-16,1.,0.));
#5077 = CYLINDRICAL_SURFACE('',#5078,0.15);
#5078 = AXIS2_PLACEMENT_3D('',#5079,#5080,#5081);
#5079 = CARTESIAN_POINT('',(2.75,-1.95,0.));
#5080 = DIRECTION('',(0.,-0.,-1.));
#5081 = DIRECTION('',(3.445092848398E-16,1.,0.));
#5082 = ADVANCED_FACE('',(#5083),#5102,.T.);
#5083 = FACE_BOUND('',#5084,.T.);
#5084 = EDGE_LOOP('',(#5085,#5086,#5087,#5095));
#5085 = ORIENTED_EDGE('',*,*,#5031,.T.);
#5086 = ORIENTED_EDGE('',*,*,#1274,.T.);
#5087 = ORIENTED_EDGE('',*,*,#5088,.F.);
#5088 = EDGE_CURVE('',#5089,#1275,#5091,.T.);
#5089 = VERTEX_POINT('',#5090);
#5090 = CARTESIAN_POINT('',(2.1,-2.75,0.));
#5091 = LINE('',#5092,#5093);
#5092 = CARTESIAN_POINT('',(2.1,-2.75,0.));
#5093 = VECTOR('',#5094,1.);
#5094 = DIRECTION('',(0.,0.,1.));
#5095 = ORIENTED_EDGE('',*,*,#5096,.T.);
#5096 = EDGE_CURVE('',#5089,#5022,#5097,.T.);
#5097 = CIRCLE('',#5098,0.15);
#5098 = AXIS2_PLACEMENT_3D('',#5099,#5100,#5101);
#5099 = CARTESIAN_POINT('',(1.95,-2.75,0.));
#5100 = DIRECTION('',(-0.,0.,1.));
#5101 = DIRECTION('',(1.,-5.665538897648E-16,0.));
#5102 = CYLINDRICAL_SURFACE('',#5103,0.15);
#5103 = AXIS2_PLACEMENT_3D('',#5104,#5105,#5106);
#5104 = CARTESIAN_POINT('',(1.95,-2.75,0.));
#5105 = DIRECTION('',(-0.,0.,-1.));
#5106 = DIRECTION('',(1.,-5.665538897648E-16,-0.));
#5107 = ADVANCED_FACE('',(#5108),#5135,.F.);
#5108 = FACE_BOUND('',#5109,.F.);
#5109 = EDGE_LOOP('',(#5110,#5118,#5119,#5120,#5121,#5129));
#5110 = ORIENTED_EDGE('',*,*,#5111,.F.);
#5111 = EDGE_CURVE('',#5062,#5112,#5114,.T.);
#5112 = VERTEX_POINT('',#5113);
#5113 = CARTESIAN_POINT('',(3.,-2.1,0.));
#5114 = LINE('',#5115,#5116);
#5115 = CARTESIAN_POINT('',(2.75,-2.1,0.));
#5116 = VECTOR('',#5117,1.);
#5117 = DIRECTION('',(1.,-2.334869823773E-16,0.));
#5118 = ORIENTED_EDGE('',*,*,#5061,.T.);
#5119 = ORIENTED_EDGE('',*,*,#1307,.F.);
#5120 = ORIENTED_EDGE('',*,*,#3459,.T.);
#5121 = ORIENTED_EDGE('',*,*,#5122,.T.);
#5122 = EDGE_CURVE('',#3460,#5123,#5125,.T.);
#5123 = VERTEX_POINT('',#5124);
#5124 = CARTESIAN_POINT('',(3.,-2.1,0.2));
#5125 = LINE('',#5126,#5127);
#5126 = CARTESIAN_POINT('',(2.75,-2.1,0.2));
#5127 = VECTOR('',#5128,1.);
#5128 = DIRECTION('',(1.,-2.334869823773E-16,0.));
#5129 = ORIENTED_EDGE('',*,*,#5130,.F.);
#5130 = EDGE_CURVE('',#5112,#5123,#5131,.T.);
#5131 = LINE('',#5132,#5133);
#5132 = CARTESIAN_POINT('',(3.,-2.1,0.));
#5133 = VECTOR('',#5134,1.);
#5134 = DIRECTION('',(0.,0.,1.));
#5135 = PLANE('',#5136);
#5136 = AXIS2_PLACEMENT_3D('',#5137,#5138,#5139);
#5137 = CARTESIAN_POINT('',(2.75,-2.1,0.));
#5138 = DIRECTION('',(2.334869823773E-16,1.,0.));
#5139 = DIRECTION('',(1.,-2.334869823773E-16,0.));
#5140 = ADVANCED_FACE('',(#5141),#5168,.F.);
#5141 = FACE_BOUND('',#5142,.F.);
#5142 = EDGE_LOOP('',(#5143,#5151,#5159,#5165,#5166,#5167));
#5143 = ORIENTED_EDGE('',*,*,#5144,.F.);
#5144 = EDGE_CURVE('',#5145,#5089,#5147,.T.);
#5145 = VERTEX_POINT('',#5146);
#5146 = CARTESIAN_POINT('',(2.1,-3.,0.));
#5147 = LINE('',#5148,#5149);
#5148 = CARTESIAN_POINT('',(2.1,-3.,0.));
#5149 = VECTOR('',#5150,1.);
#5150 = DIRECTION('',(5.665538897648E-16,1.,0.));
#5151 = ORIENTED_EDGE('',*,*,#5152,.T.);
#5152 = EDGE_CURVE('',#5145,#5153,#5155,.T.);
#5153 = VERTEX_POINT('',#5154);
#5154 = CARTESIAN_POINT('',(2.1,-3.,0.2));
#5155 = LINE('',#5156,#5157);
#5156 = CARTESIAN_POINT('',(2.1,-3.,0.));
#5157 = VECTOR('',#5158,1.);
#5158 = DIRECTION('',(0.,0.,1.));
#5159 = ORIENTED_EDGE('',*,*,#5160,.T.);
#5160 = EDGE_CURVE('',#5153,#3782,#5161,.T.);
#5161 = LINE('',#5162,#5163);
#5162 = CARTESIAN_POINT('',(2.1,-3.,0.2));
#5163 = VECTOR('',#5164,1.);
#5164 = DIRECTION('',(5.665538897648E-16,1.,0.));
#5165 = ORIENTED_EDGE('',*,*,#3789,.T.);
#5166 = ORIENTED_EDGE('',*,*,#1283,.F.);
#5167 = ORIENTED_EDGE('',*,*,#5088,.F.);
#5168 = PLANE('',#5169);
#5169 = AXIS2_PLACEMENT_3D('',#5170,#5171,#5172);
#5170 = CARTESIAN_POINT('',(2.1,-3.,0.));
#5171 = DIRECTION('',(-1.,5.665538897648E-16,0.));
#5172 = DIRECTION('',(5.665538897648E-16,1.,0.));
#5173 = ADVANCED_FACE('',(#5174),#5199,.F.);
#5174 = FACE_BOUND('',#5175,.F.);
#5175 = EDGE_LOOP('',(#5176,#5184,#5185,#5193));
#5176 = ORIENTED_EDGE('',*,*,#5177,.T.);
#5177 = EDGE_CURVE('',#5178,#1746,#5180,.T.);
#5178 = VERTEX_POINT('',#5179);
#5179 = CARTESIAN_POINT('',(-2.275,2.075,0.));
#5180 = LINE('',#5181,#5182);
#5181 = CARTESIAN_POINT('',(-2.275,2.075,0.));
#5182 = VECTOR('',#5183,1.);
#5183 = DIRECTION('',(0.,0.,1.));
#5184 = ORIENTED_EDGE('',*,*,#1745,.T.);
#5185 = ORIENTED_EDGE('',*,*,#5186,.F.);
#5186 = EDGE_CURVE('',#5187,#1748,#5189,.T.);
#5187 = VERTEX_POINT('',#5188);
#5188 = CARTESIAN_POINT('',(-2.275,-2.275,0.));
#5189 = LINE('',#5190,#5191);
#5190 = CARTESIAN_POINT('',(-2.275,-2.275,0.));
#5191 = VECTOR('',#5192,1.);
#5192 = DIRECTION('',(0.,0.,1.));
#5193 = ORIENTED_EDGE('',*,*,#5194,.F.);
#5194 = EDGE_CURVE('',#5178,#5187,#5195,.T.);
#5195 = LINE('',#5196,#5197);
#5196 = CARTESIAN_POINT('',(-2.275,2.075,0.));
#5197 = VECTOR('',#5198,1.);
#5198 = DIRECTION('',(-2.22044604925E-16,-1.,0.));
#5199 = PLANE('',#5200);
#5200 = AXIS2_PLACEMENT_3D('',#5201,#5202,#5203);
#5201 = CARTESIAN_POINT('',(-2.275,2.075,0.));
#5202 = DIRECTION('',(1.,-2.22044604925E-16,0.));
#5203 = DIRECTION('',(-2.22044604925E-16,-1.,0.));
#5204 = ADVANCED_FACE('',(#5205),#5223,.F.);
#5205 = FACE_BOUND('',#5206,.F.);
#5206 = EDGE_LOOP('',(#5207,#5208,#5209,#5217));
#5207 = ORIENTED_EDGE('',*,*,#5186,.T.);
#5208 = ORIENTED_EDGE('',*,*,#1779,.T.);
#5209 = ORIENTED_EDGE('',*,*,#5210,.F.);
#5210 = EDGE_CURVE('',#5211,#1772,#5213,.T.);
#5211 = VERTEX_POINT('',#5212);
#5212 = CARTESIAN_POINT('',(2.275,-2.275,0.));
#5213 = LINE('',#5214,#5215);
#5214 = CARTESIAN_POINT('',(2.275,-2.275,0.));
#5215 = VECTOR('',#5216,1.);
#5216 = DIRECTION('',(0.,0.,1.));
#5217 = ORIENTED_EDGE('',*,*,#5218,.F.);
#5218 = EDGE_CURVE('',#5187,#5211,#5219,.T.);
#5219 = LINE('',#5220,#5221);
#5220 = CARTESIAN_POINT('',(-2.275,-2.275,0.));
#5221 = VECTOR('',#5222,1.);
#5222 = DIRECTION('',(1.,-2.22044604925E-16,0.));
#5223 = PLANE('',#5224);
#5224 = AXIS2_PLACEMENT_3D('',#5225,#5226,#5227);
#5225 = CARTESIAN_POINT('',(-2.275,-2.275,0.));
#5226 = DIRECTION('',(2.22044604925E-16,1.,0.));
#5227 = DIRECTION('',(1.,-2.22044604925E-16,0.));
#5228 = ADVANCED_FACE('',(#5229),#5247,.F.);
#5229 = FACE_BOUND('',#5230,.F.);
#5230 = EDGE_LOOP('',(#5231,#5232,#5233,#5241));
#5231 = ORIENTED_EDGE('',*,*,#5210,.T.);
#5232 = ORIENTED_EDGE('',*,*,#1771,.T.);
#5233 = ORIENTED_EDGE('',*,*,#5234,.F.);
#5234 = EDGE_CURVE('',#5235,#1764,#5237,.T.);
#5235 = VERTEX_POINT('',#5236);
#5236 = CARTESIAN_POINT('',(2.275,2.275,0.));
#5237 = LINE('',#5238,#5239);
#5238 = CARTESIAN_POINT('',(2.275,2.275,0.));
#5239 = VECTOR('',#5240,1.);
#5240 = DIRECTION('',(0.,0.,1.));
#5241 = ORIENTED_EDGE('',*,*,#5242,.F.);
#5242 = EDGE_CURVE('',#5211,#5235,#5243,.T.);
#5243 = LINE('',#5244,#5245);
#5244 = CARTESIAN_POINT('',(2.275,-2.275,0.));
#5245 = VECTOR('',#5246,1.);
#5246 = DIRECTION('',(2.22044604925E-16,1.,0.));
#5247 = PLANE('',#5248);
#5248 = AXIS2_PLACEMENT_3D('',#5249,#5250,#5251);
#5249 = CARTESIAN_POINT('',(2.275,-2.275,0.));
#5250 = DIRECTION('',(-1.,2.22044604925E-16,0.));
#5251 = DIRECTION('',(2.22044604925E-16,1.,0.));
#5252 = ADVANCED_FACE('',(#5253),#5271,.F.);
#5253 = FACE_BOUND('',#5254,.F.);
#5254 = EDGE_LOOP('',(#5255,#5256,#5257,#5265));
#5255 = ORIENTED_EDGE('',*,*,#5234,.T.);
#5256 = ORIENTED_EDGE('',*,*,#1763,.T.);
#5257 = ORIENTED_EDGE('',*,*,#5258,.F.);
#5258 = EDGE_CURVE('',#5259,#1756,#5261,.T.);
#5259 = VERTEX_POINT('',#5260);
#5260 = CARTESIAN_POINT('',(-2.075,2.275,0.));
#5261 = LINE('',#5262,#5263);
#5262 = CARTESIAN_POINT('',(-2.075,2.275,0.));
#5263 = VECTOR('',#5264,1.);
#5264 = DIRECTION('',(0.,0.,1.));
#5265 = ORIENTED_EDGE('',*,*,#5266,.F.);
#5266 = EDGE_CURVE('',#5235,#5259,#5267,.T.);
#5267 = LINE('',#5268,#5269);
#5268 = CARTESIAN_POINT('',(2.275,2.275,0.));
#5269 = VECTOR('',#5270,1.);
#5270 = DIRECTION('',(-1.,2.22044604925E-16,0.));
#5271 = PLANE('',#5272);
#5272 = AXIS2_PLACEMENT_3D('',#5273,#5274,#5275);
#5273 = CARTESIAN_POINT('',(2.275,2.275,0.));
#5274 = DIRECTION('',(-2.22044604925E-16,-1.,0.));
#5275 = DIRECTION('',(-1.,2.22044604925E-16,0.));
#5276 = ADVANCED_FACE('',(#5277),#5288,.F.);
#5277 = FACE_BOUND('',#5278,.F.);
#5278 = EDGE_LOOP('',(#5279,#5280,#5281,#5282));
#5279 = ORIENTED_EDGE('',*,*,#5258,.T.);
#5280 = ORIENTED_EDGE('',*,*,#1755,.T.);
#5281 = ORIENTED_EDGE('',*,*,#5177,.F.);
#5282 = ORIENTED_EDGE('',*,*,#5283,.F.);
#5283 = EDGE_CURVE('',#5259,#5178,#5284,.T.);
#5284 = LINE('',#5285,#5286);
#5285 = CARTESIAN_POINT('',(-2.075,2.275,0.));
#5286 = VECTOR('',#5287,1.);
#5287 = DIRECTION('',(-0.707106781187,-0.707106781187,0.));
#5288 = PLANE('',#5289);
#5289 = AXIS2_PLACEMENT_3D('',#5290,#5291,#5292);
#5290 = CARTESIAN_POINT('',(-2.075,2.275,0.));
#5291 = DIRECTION('',(0.707106781187,-0.707106781187,0.));
#5292 = DIRECTION('',(-0.707106781187,-0.707106781187,0.));
#5293 = ADVANCED_FACE('',(#5294,#5300),#5311,.T.);
#5294 = FACE_BOUND('',#5295,.T.);
#5295 = EDGE_LOOP('',(#5296,#5297,#5298,#5299));
#5296 = ORIENTED_EDGE('',*,*,#1793,.F.);
#5297 = ORIENTED_EDGE('',*,*,#1985,.T.);
#5298 = ORIENTED_EDGE('',*,*,#3627,.T.);
#5299 = ORIENTED_EDGE('',*,*,#3444,.F.);
#5300 = FACE_BOUND('',#5301,.T.);
#5301 = EDGE_LOOP('',(#5302));
#5302 = ORIENTED_EDGE('',*,*,#5303,.T.);
#5303 = EDGE_CURVE('',#5304,#5304,#5306,.T.);
#5304 = VERTEX_POINT('',#5305);
#5305 = CARTESIAN_POINT('',(-2.4,2.15,0.92));
#5306 = CIRCLE('',#5307,0.25);
#5307 = AXIS2_PLACEMENT_3D('',#5308,#5309,#5310);
#5308 = CARTESIAN_POINT('',(-2.4,2.4,0.92));
#5309 = DIRECTION('',(-0.,0.,-1.));
#5310 = DIRECTION('',(-2.22044604925E-16,-1.,0.));
#5311 = PLANE('',#5312);
#5312 = AXIS2_PLACEMENT_3D('',#5313,#5314,#5315);
#5313 = CARTESIAN_POINT('',(-2.99,2.99,0.92));
#5314 = DIRECTION('',(0.,0.,1.));
#5315 = DIRECTION('',(-2.22044604925E-16,-1.,0.));
#5316 = ADVANCED_FACE('',(#5317),#5328,.F.);
#5317 = FACE_BOUND('',#5318,.F.);
#5318 = EDGE_LOOP('',(#5319,#5320,#5326,#5327));
#5319 = ORIENTED_EDGE('',*,*,#3264,.F.);
#5320 = ORIENTED_EDGE('',*,*,#5321,.F.);
#5321 = EDGE_CURVE('',#3388,#3257,#5322,.T.);
#5322 = LINE('',#5323,#5324);
#5323 = CARTESIAN_POINT('',(2.1,3.,0.2));
#5324 = VECTOR('',#5325,1.);
#5325 = DIRECTION('',(-1.,4.555315873023E-16,0.));
#5326 = ORIENTED_EDGE('',*,*,#3387,.F.);
#5327 = ORIENTED_EDGE('',*,*,#1942,.F.);
#5328 = PLANE('',#5329);
#5329 = AXIS2_PLACEMENT_3D('',#5330,#5331,#5332);
#5330 = CARTESIAN_POINT('',(1.8,3.,0.2));
#5331 = DIRECTION('',(-0.,0.,-1.));
#5332 = DIRECTION('',(1.,-4.555315873023E-16,-0.));
#5333 = ADVANCED_FACE('',(#5334),#5345,.F.);
#5334 = FACE_BOUND('',#5335,.F.);
#5335 = EDGE_LOOP('',(#5336,#5337,#5343,#5344));
#5336 = ORIENTED_EDGE('',*,*,#2186,.F.);
#5337 = ORIENTED_EDGE('',*,*,#5338,.F.);
#5338 = EDGE_CURVE('',#2310,#2179,#5339,.T.);
#5339 = LINE('',#5340,#5341);
#5340 = CARTESIAN_POINT('',(-1.8,3.,0.2));
#5341 = VECTOR('',#5342,1.);
#5342 = DIRECTION('',(-1.,4.555315873023E-16,0.));
#5343 = ORIENTED_EDGE('',*,*,#2309,.F.);
#5344 = ORIENTED_EDGE('',*,*,#1818,.F.);
#5345 = PLANE('',#5346);
#5346 = AXIS2_PLACEMENT_3D('',#5347,#5348,#5349);
#5347 = CARTESIAN_POINT('',(-2.1,3.,0.2));
#5348 = DIRECTION('',(-0.,0.,-1.));
#5349 = DIRECTION('',(1.,-4.555315873023E-16,-0.));
#5350 = ADVANCED_FACE('',(#5351),#5362,.F.);
#5351 = FACE_BOUND('',#5352,.F.);
#5352 = EDGE_LOOP('',(#5353,#5354,#5360,#5361));
#5353 = ORIENTED_EDGE('',*,*,#3068,.F.);
#5354 = ORIENTED_EDGE('',*,*,#5355,.F.);
#5355 = EDGE_CURVE('',#3192,#3061,#5356,.T.);
#5356 = LINE('',#5357,#5358);
#5357 = CARTESIAN_POINT('',(1.45,3.,0.2));
#5358 = VECTOR('',#5359,1.);
#5359 = DIRECTION('',(-1.,4.555315873023E-16,0.));
#5360 = ORIENTED_EDGE('',*,*,#3191,.F.);
#5361 = ORIENTED_EDGE('',*,*,#1919,.F.);
#5362 = PLANE('',#5363);
#5363 = AXIS2_PLACEMENT_3D('',#5364,#5365,#5366);
#5364 = CARTESIAN_POINT('',(1.15,3.,0.2));
#5365 = DIRECTION('',(-0.,0.,-1.));
#5366 = DIRECTION('',(1.,-4.555315873023E-16,-0.));
#5367 = ADVANCED_FACE('',(#5368),#5379,.F.);
#5368 = FACE_BOUND('',#5369,.F.);
#5369 = EDGE_LOOP('',(#5370,#5371,#5377,#5378));
#5370 = ORIENTED_EDGE('',*,*,#2382,.F.);
#5371 = ORIENTED_EDGE('',*,*,#5372,.F.);
#5372 = EDGE_CURVE('',#2506,#2375,#5373,.T.);
#5373 = LINE('',#5374,#5375);
#5374 = CARTESIAN_POINT('',(-1.15,3.,0.2));
#5375 = VECTOR('',#5376,1.);
#5376 = DIRECTION('',(-1.,4.555315873023E-16,0.));
#5377 = ORIENTED_EDGE('',*,*,#2505,.F.);
#5378 = ORIENTED_EDGE('',*,*,#1841,.F.);
#5379 = PLANE('',#5380);
#5380 = AXIS2_PLACEMENT_3D('',#5381,#5382,#5383);
#5381 = CARTESIAN_POINT('',(-1.45,3.,0.2));
#5382 = DIRECTION('',(-0.,0.,-1.));
#5383 = DIRECTION('',(1.,-4.555315873023E-16,-0.));
#5384 = ADVANCED_FACE('',(#5385),#5396,.F.);
#5385 = FACE_BOUND('',#5386,.F.);
#5386 = EDGE_LOOP('',(#5387,#5388,#5394,#5395));
#5387 = ORIENTED_EDGE('',*,*,#2872,.F.);
#5388 = ORIENTED_EDGE('',*,*,#5389,.F.);
#5389 = EDGE_CURVE('',#2996,#2865,#5390,.T.);
#5390 = LINE('',#5391,#5392);
#5391 = CARTESIAN_POINT('',(0.8,3.,0.2));
#5392 = VECTOR('',#5393,1.);
#5393 = DIRECTION('',(-1.,4.555315873023E-16,0.));
#5394 = ORIENTED_EDGE('',*,*,#2995,.F.);
#5395 = ORIENTED_EDGE('',*,*,#1896,.F.);
#5396 = PLANE('',#5397);
#5397 = AXIS2_PLACEMENT_3D('',#5398,#5399,#5400);
#5398 = CARTESIAN_POINT('',(0.5,3.,0.2));
#5399 = DIRECTION('',(-0.,0.,-1.));
#5400 = DIRECTION('',(1.,-4.555315873023E-16,-0.));
#5401 = ADVANCED_FACE('',(#5402),#5413,.F.);
#5402 = FACE_BOUND('',#5403,.F.);
#5403 = EDGE_LOOP('',(#5404,#5405,#5411,#5412));
#5404 = ORIENTED_EDGE('',*,*,#2676,.F.);
#5405 = ORIENTED_EDGE('',*,*,#5406,.F.);
#5406 = EDGE_CURVE('',#2800,#2669,#5407,.T.);
#5407 = LINE('',#5408,#5409);
#5408 = CARTESIAN_POINT('',(0.15,3.,0.2));
#5409 = VECTOR('',#5410,1.);
#5410 = DIRECTION('',(-1.,4.555315873023E-16,0.));
#5411 = ORIENTED_EDGE('',*,*,#2799,.F.);
#5412 = ORIENTED_EDGE('',*,*,#1873,.F.);
#5413 = PLANE('',#5414);
#5414 = AXIS2_PLACEMENT_3D('',#5415,#5416,#5417);
#5415 = CARTESIAN_POINT('',(-0.15,3.,0.2));
#5416 = DIRECTION('',(-0.,0.,-1.));
#5417 = DIRECTION('',(1.,-4.555315873023E-16,-0.));
#5418 = ADVANCED_FACE('',(#5419),#5430,.F.);
#5419 = FACE_BOUND('',#5420,.F.);
#5420 = EDGE_LOOP('',(#5421,#5422,#5428,#5429));
#5421 = ORIENTED_EDGE('',*,*,#2347,.F.);
#5422 = ORIENTED_EDGE('',*,*,#5423,.F.);
#5423 = EDGE_CURVE('',#2227,#2340,#5424,.T.);
#5424 = LINE('',#5425,#5426);
#5425 = CARTESIAN_POINT('',(-3.,2.1,0.2));
#5426 = VECTOR('',#5427,1.);
#5427 = DIRECTION('',(-4.669739647545E-16,-1.,0.));
#5428 = ORIENTED_EDGE('',*,*,#2226,.F.);
#5429 = ORIENTED_EDGE('',*,*,#2146,.F.);
#5430 = PLANE('',#5431);
#5431 = AXIS2_PLACEMENT_3D('',#5432,#5433,#5434);
#5432 = CARTESIAN_POINT('',(-3.,1.8,0.2));
#5433 = DIRECTION('',(0.,-0.,-1.));
#5434 = DIRECTION('',(4.669739647545E-16,1.,0.));
#5435 = ADVANCED_FACE('',(#5436),#5447,.F.);
#5436 = FACE_BOUND('',#5437,.F.);
#5437 = EDGE_LOOP('',(#5438,#5439,#5445,#5446));
#5438 = ORIENTED_EDGE('',*,*,#3425,.F.);
#5439 = ORIENTED_EDGE('',*,*,#5440,.F.);
#5440 = EDGE_CURVE('',#3305,#3418,#5441,.T.);
#5441 = LINE('',#5442,#5443);
#5442 = CARTESIAN_POINT('',(-3.,-1.8,0.2));
#5443 = VECTOR('',#5444,1.);
#5444 = DIRECTION('',(-4.669739647545E-16,-1.,0.));
#5445 = ORIENTED_EDGE('',*,*,#3304,.F.);
#5446 = ORIENTED_EDGE('',*,*,#2008,.F.);
#5447 = PLANE('',#5448);
#5448 = AXIS2_PLACEMENT_3D('',#5449,#5450,#5451);
#5449 = CARTESIAN_POINT('',(-3.,-2.1,0.2));
#5450 = DIRECTION('',(0.,-0.,-1.));
#5451 = DIRECTION('',(4.669739647545E-16,1.,0.));
#5452 = ADVANCED_FACE('',(#5453),#5464,.F.);
#5453 = FACE_BOUND('',#5454,.F.);
#5454 = EDGE_LOOP('',(#5455,#5456,#5462,#5463));
#5455 = ORIENTED_EDGE('',*,*,#2543,.F.);
#5456 = ORIENTED_EDGE('',*,*,#5457,.F.);
#5457 = EDGE_CURVE('',#2423,#2536,#5458,.T.);
#5458 = LINE('',#5459,#5460);
#5459 = CARTESIAN_POINT('',(-3.,1.45,0.2));
#5460 = VECTOR('',#5461,1.);
#5461 = DIRECTION('',(-4.669739647545E-16,-1.,0.));
#5462 = ORIENTED_EDGE('',*,*,#2422,.F.);
#5463 = ORIENTED_EDGE('',*,*,#2123,.F.);
#5464 = PLANE('',#5465);
#5465 = AXIS2_PLACEMENT_3D('',#5466,#5467,#5468);
#5466 = CARTESIAN_POINT('',(-3.,1.15,0.2));
#5467 = DIRECTION('',(0.,-0.,-1.));
#5468 = DIRECTION('',(4.669739647545E-16,1.,0.));
#5469 = ADVANCED_FACE('',(#5470),#5481,.F.);
#5470 = FACE_BOUND('',#5471,.F.);
#5471 = EDGE_LOOP('',(#5472,#5473,#5479,#5480));
#5472 = ORIENTED_EDGE('',*,*,#3229,.F.);
#5473 = ORIENTED_EDGE('',*,*,#5474,.F.);
#5474 = EDGE_CURVE('',#3109,#3222,#5475,.T.);
#5475 = LINE('',#5476,#5477);
#5476 = CARTESIAN_POINT('',(-3.,-1.15,0.2));
#5477 = VECTOR('',#5478,1.);
#5478 = DIRECTION('',(-4.669739647545E-16,-1.,0.));
#5479 = ORIENTED_EDGE('',*,*,#3108,.F.);
#5480 = ORIENTED_EDGE('',*,*,#2031,.F.);
#5481 = PLANE('',#5482);
#5482 = AXIS2_PLACEMENT_3D('',#5483,#5484,#5485);
#5483 = CARTESIAN_POINT('',(-3.,-1.45,0.2));
#5484 = DIRECTION('',(0.,-0.,-1.));
#5485 = DIRECTION('',(4.669739647545E-16,1.,0.));
#5486 = ADVANCED_FACE('',(#5487),#5498,.F.);
#5487 = FACE_BOUND('',#5488,.F.);
#5488 = EDGE_LOOP('',(#5489,#5490,#5496,#5497));
#5489 = ORIENTED_EDGE('',*,*,#2641,.F.);
#5490 = ORIENTED_EDGE('',*,*,#5491,.F.);
#5491 = EDGE_CURVE('',#2579,#2634,#5492,.T.);
#5492 = LINE('',#5493,#5494);
#5493 = CARTESIAN_POINT('',(-3.,0.8,0.2));
#5494 = VECTOR('',#5495,1.);
#5495 = DIRECTION('',(-4.669739647545E-16,-1.,0.));
#5496 = ORIENTED_EDGE('',*,*,#2578,.F.);
#5497 = ORIENTED_EDGE('',*,*,#2100,.F.);
#5498 = PLANE('',#5499);
#5499 = AXIS2_PLACEMENT_3D('',#5500,#5501,#5502);
#5500 = CARTESIAN_POINT('',(-3.,0.5,0.2));
#5501 = DIRECTION('',(0.,-0.,-1.));
#5502 = DIRECTION('',(4.669739647545E-16,1.,0.));
#5503 = ADVANCED_FACE('',(#5504),#5515,.F.);
#5504 = FACE_BOUND('',#5505,.F.);
#5505 = EDGE_LOOP('',(#5506,#5507,#5513,#5514));
#5506 = ORIENTED_EDGE('',*,*,#3033,.F.);
#5507 = ORIENTED_EDGE('',*,*,#5508,.F.);
#5508 = EDGE_CURVE('',#2913,#3026,#5509,.T.);
#5509 = LINE('',#5510,#5511);
#5510 = CARTESIAN_POINT('',(-3.,-0.5,0.2));
#5511 = VECTOR('',#5512,1.);
#5512 = DIRECTION('',(-4.669739647545E-16,-1.,0.));
#5513 = ORIENTED_EDGE('',*,*,#2912,.F.);
#5514 = ORIENTED_EDGE('',*,*,#2054,.F.);
#5515 = PLANE('',#5516);
#5516 = AXIS2_PLACEMENT_3D('',#5517,#5518,#5519);
#5517 = CARTESIAN_POINT('',(-3.,-0.8,0.2));
#5518 = DIRECTION('',(0.,-0.,-1.));
#5519 = DIRECTION('',(4.669739647545E-16,1.,0.));
#5520 = ADVANCED_FACE('',(#5521),#5532,.F.);
#5521 = FACE_BOUND('',#5522,.F.);
#5522 = EDGE_LOOP('',(#5523,#5524,#5530,#5531));
#5523 = ORIENTED_EDGE('',*,*,#2837,.F.);
#5524 = ORIENTED_EDGE('',*,*,#5525,.F.);
#5525 = EDGE_CURVE('',#2717,#2830,#5526,.T.);
#5526 = LINE('',#5527,#5528);
#5527 = CARTESIAN_POINT('',(-3.,0.15,0.2));
#5528 = VECTOR('',#5529,1.);
#5529 = DIRECTION('',(-4.669739647545E-16,-1.,0.));
#5530 = ORIENTED_EDGE('',*,*,#2716,.F.);
#5531 = ORIENTED_EDGE('',*,*,#2077,.F.);
#5532 = PLANE('',#5533);
#5533 = AXIS2_PLACEMENT_3D('',#5534,#5535,#5536);
#5534 = CARTESIAN_POINT('',(-3.,-0.15,0.2));
#5535 = DIRECTION('',(0.,-0.,-1.));
#5536 = DIRECTION('',(4.669739647545E-16,1.,0.));
#5537 = ADVANCED_FACE('',(#5538),#5549,.T.);
#5538 = FACE_BOUND('',#5539,.F.);
#5539 = EDGE_LOOP('',(#5540,#5541,#5542,#5543));
#5540 = ORIENTED_EDGE('',*,*,#2168,.T.);
#5541 = ORIENTED_EDGE('',*,*,#2258,.T.);
#5542 = ORIENTED_EDGE('',*,*,#2298,.T.);
#5543 = ORIENTED_EDGE('',*,*,#5544,.T.);
#5544 = EDGE_CURVE('',#2299,#2169,#5545,.T.);
#5545 = LINE('',#5546,#5547);
#5546 = CARTESIAN_POINT('',(-1.8,3.,0.));
#5547 = VECTOR('',#5548,1.);
#5548 = DIRECTION('',(-1.,4.555315873023E-16,0.));
#5549 = PLANE('',#5550);
#5550 = AXIS2_PLACEMENT_3D('',#5551,#5552,#5553);
#5551 = CARTESIAN_POINT('',(-2.1,3.,0.));
#5552 = DIRECTION('',(-0.,0.,-1.));
#5553 = DIRECTION('',(1.,-4.555315873023E-16,-0.));
#5554 = ADVANCED_FACE('',(#5555),#5561,.F.);
#5555 = FACE_BOUND('',#5556,.F.);
#5556 = EDGE_LOOP('',(#5557,#5558,#5559,#5560));
#5557 = ORIENTED_EDGE('',*,*,#2317,.T.);
#5558 = ORIENTED_EDGE('',*,*,#5338,.T.);
#5559 = ORIENTED_EDGE('',*,*,#2178,.F.);
#5560 = ORIENTED_EDGE('',*,*,#5544,.F.);
#5561 = PLANE('',#5562);
#5562 = AXIS2_PLACEMENT_3D('',#5563,#5564,#5565);
#5563 = CARTESIAN_POINT('',(-1.8,3.,0.));
#5564 = DIRECTION('',(-4.555315873023E-16,-1.,0.));
#5565 = DIRECTION('',(-1.,4.555315873023E-16,0.));
#5566 = ADVANCED_FACE('',(#5567),#5578,.T.);
#5567 = FACE_BOUND('',#5568,.F.);
#5568 = EDGE_LOOP('',(#5569,#5570,#5571,#5572));
#5569 = ORIENTED_EDGE('',*,*,#2331,.T.);
#5570 = ORIENTED_EDGE('',*,*,#2283,.T.);
#5571 = ORIENTED_EDGE('',*,*,#2208,.T.);
#5572 = ORIENTED_EDGE('',*,*,#5573,.T.);
#5573 = EDGE_CURVE('',#2211,#2332,#5574,.T.);
#5574 = LINE('',#5575,#5576);
#5575 = CARTESIAN_POINT('',(-3.,2.1,0.));
#5576 = VECTOR('',#5577,1.);
#5577 = DIRECTION('',(-4.669739647545E-16,-1.,0.));
#5578 = PLANE('',#5579);
#5579 = AXIS2_PLACEMENT_3D('',#5580,#5581,#5582);
#5580 = CARTESIAN_POINT('',(-3.,1.8,0.));
#5581 = DIRECTION('',(0.,-0.,-1.));
#5582 = DIRECTION('',(4.669739647545E-16,1.,0.));
#5583 = ADVANCED_FACE('',(#5584),#5590,.F.);
#5584 = FACE_BOUND('',#5585,.F.);
#5585 = EDGE_LOOP('',(#5586,#5587,#5588,#5589));
#5586 = ORIENTED_EDGE('',*,*,#2234,.T.);
#5587 = ORIENTED_EDGE('',*,*,#5423,.T.);
#5588 = ORIENTED_EDGE('',*,*,#2339,.F.);
#5589 = ORIENTED_EDGE('',*,*,#5573,.F.);
#5590 = PLANE('',#5591);
#5591 = AXIS2_PLACEMENT_3D('',#5592,#5593,#5594);
#5592 = CARTESIAN_POINT('',(-3.,2.1,0.));
#5593 = DIRECTION('',(1.,-4.669739647545E-16,0.));
#5594 = DIRECTION('',(-4.669739647545E-16,-1.,0.));
#5595 = ADVANCED_FACE('',(#5596),#5607,.T.);
#5596 = FACE_BOUND('',#5597,.F.);
#5597 = EDGE_LOOP('',(#5598,#5599,#5600,#5601));
#5598 = ORIENTED_EDGE('',*,*,#2364,.T.);
#5599 = ORIENTED_EDGE('',*,*,#2454,.T.);
#5600 = ORIENTED_EDGE('',*,*,#2494,.T.);
#5601 = ORIENTED_EDGE('',*,*,#5602,.T.);
#5602 = EDGE_CURVE('',#2495,#2365,#5603,.T.);
#5603 = LINE('',#5604,#5605);
#5604 = CARTESIAN_POINT('',(-1.15,3.,0.));
#5605 = VECTOR('',#5606,1.);
#5606 = DIRECTION('',(-1.,4.555315873023E-16,0.));
#5607 = PLANE('',#5608);
#5608 = AXIS2_PLACEMENT_3D('',#5609,#5610,#5611);
#5609 = CARTESIAN_POINT('',(-1.45,3.,0.));
#5610 = DIRECTION('',(-0.,0.,-1.));
#5611 = DIRECTION('',(1.,-4.555315873023E-16,-0.));
#5612 = ADVANCED_FACE('',(#5613),#5619,.F.);
#5613 = FACE_BOUND('',#5614,.F.);
#5614 = EDGE_LOOP('',(#5615,#5616,#5617,#5618));
#5615 = ORIENTED_EDGE('',*,*,#2513,.T.);
#5616 = ORIENTED_EDGE('',*,*,#5372,.T.);
#5617 = ORIENTED_EDGE('',*,*,#2374,.F.);
#5618 = ORIENTED_EDGE('',*,*,#5602,.F.);
#5619 = PLANE('',#5620);
#5620 = AXIS2_PLACEMENT_3D('',#5621,#5622,#5623);
#5621 = CARTESIAN_POINT('',(-1.15,3.,0.));
#5622 = DIRECTION('',(-4.555315873023E-16,-1.,0.));
#5623 = DIRECTION('',(-1.,4.555315873023E-16,0.));
#5624 = ADVANCED_FACE('',(#5625),#5636,.T.);
#5625 = FACE_BOUND('',#5626,.F.);
#5626 = EDGE_LOOP('',(#5627,#5628,#5629,#5630));
#5627 = ORIENTED_EDGE('',*,*,#2527,.T.);
#5628 = ORIENTED_EDGE('',*,*,#2479,.T.);
#5629 = ORIENTED_EDGE('',*,*,#2404,.T.);
#5630 = ORIENTED_EDGE('',*,*,#5631,.T.);
#5631 = EDGE_CURVE('',#2407,#2528,#5632,.T.);
#5632 = LINE('',#5633,#5634);
#5633 = CARTESIAN_POINT('',(-3.,1.45,0.));
#5634 = VECTOR('',#5635,1.);
#5635 = DIRECTION('',(-4.669739647545E-16,-1.,0.));
#5636 = PLANE('',#5637);
#5637 = AXIS2_PLACEMENT_3D('',#5638,#5639,#5640);
#5638 = CARTESIAN_POINT('',(-3.,1.15,0.));
#5639 = DIRECTION('',(0.,-0.,-1.));
#5640 = DIRECTION('',(4.669739647545E-16,1.,0.));
#5641 = ADVANCED_FACE('',(#5642),#5648,.F.);
#5642 = FACE_BOUND('',#5643,.F.);
#5643 = EDGE_LOOP('',(#5644,#5645,#5646,#5647));
#5644 = ORIENTED_EDGE('',*,*,#2430,.T.);
#5645 = ORIENTED_EDGE('',*,*,#5457,.T.);
#5646 = ORIENTED_EDGE('',*,*,#2535,.F.);
#5647 = ORIENTED_EDGE('',*,*,#5631,.F.);
#5648 = PLANE('',#5649);
#5649 = AXIS2_PLACEMENT_3D('',#5650,#5651,#5652);
#5650 = CARTESIAN_POINT('',(-3.,1.45,0.));
#5651 = DIRECTION('',(1.,-4.669739647545E-16,0.));
#5652 = DIRECTION('',(-4.669739647545E-16,-1.,0.));
#5653 = ADVANCED_FACE('',(#5654),#5665,.T.);
#5654 = FACE_BOUND('',#5655,.F.);
#5655 = EDGE_LOOP('',(#5656,#5657,#5658,#5659));
#5656 = ORIENTED_EDGE('',*,*,#2625,.T.);
#5657 = ORIENTED_EDGE('',*,*,#2610,.T.);
#5658 = ORIENTED_EDGE('',*,*,#2560,.T.);
#5659 = ORIENTED_EDGE('',*,*,#5660,.T.);
#5660 = EDGE_CURVE('',#2563,#2626,#5661,.T.);
#5661 = LINE('',#5662,#5663);
#5662 = CARTESIAN_POINT('',(-3.,0.8,0.));
#5663 = VECTOR('',#5664,1.);
#5664 = DIRECTION('',(-4.669739647545E-16,-1.,0.));
#5665 = PLANE('',#5666);
#5666 = AXIS2_PLACEMENT_3D('',#5667,#5668,#5669);
#5667 = CARTESIAN_POINT('',(-3.,0.5,0.));
#5668 = DIRECTION('',(0.,-0.,-1.));
#5669 = DIRECTION('',(4.669739647545E-16,1.,0.));
#5670 = ADVANCED_FACE('',(#5671),#5677,.F.);
#5671 = FACE_BOUND('',#5672,.F.);
#5672 = EDGE_LOOP('',(#5673,#5674,#5675,#5676));
#5673 = ORIENTED_EDGE('',*,*,#2586,.T.);
#5674 = ORIENTED_EDGE('',*,*,#5491,.T.);
#5675 = ORIENTED_EDGE('',*,*,#2633,.F.);
#5676 = ORIENTED_EDGE('',*,*,#5660,.F.);
#5677 = PLANE('',#5678);
#5678 = AXIS2_PLACEMENT_3D('',#5679,#5680,#5681);
#5679 = CARTESIAN_POINT('',(-3.,0.8,0.));
#5680 = DIRECTION('',(1.,-4.669739647545E-16,0.));
#5681 = DIRECTION('',(-4.669739647545E-16,-1.,0.));
#5682 = ADVANCED_FACE('',(#5683),#5694,.T.);
#5683 = FACE_BOUND('',#5684,.F.);
#5684 = EDGE_LOOP('',(#5685,#5686,#5687,#5688));
#5685 = ORIENTED_EDGE('',*,*,#2658,.T.);
#5686 = ORIENTED_EDGE('',*,*,#2748,.T.);
#5687 = ORIENTED_EDGE('',*,*,#2788,.T.);
#5688 = ORIENTED_EDGE('',*,*,#5689,.T.);
#5689 = EDGE_CURVE('',#2789,#2659,#5690,.T.);
#5690 = LINE('',#5691,#5692);
#5691 = CARTESIAN_POINT('',(0.15,3.,0.));
#5692 = VECTOR('',#5693,1.);
#5693 = DIRECTION('',(-1.,4.555315873023E-16,0.));
#5694 = PLANE('',#5695);
#5695 = AXIS2_PLACEMENT_3D('',#5696,#5697,#5698);
#5696 = CARTESIAN_POINT('',(-0.15,3.,0.));
#5697 = DIRECTION('',(-0.,0.,-1.));
#5698 = DIRECTION('',(1.,-4.555315873023E-16,-0.));
#5699 = ADVANCED_FACE('',(#5700),#5706,.F.);
#5700 = FACE_BOUND('',#5701,.F.);
#5701 = EDGE_LOOP('',(#5702,#5703,#5704,#5705));
#5702 = ORIENTED_EDGE('',*,*,#2807,.T.);
#5703 = ORIENTED_EDGE('',*,*,#5406,.T.);
#5704 = ORIENTED_EDGE('',*,*,#2668,.F.);
#5705 = ORIENTED_EDGE('',*,*,#5689,.F.);
#5706 = PLANE('',#5707);
#5707 = AXIS2_PLACEMENT_3D('',#5708,#5709,#5710);
#5708 = CARTESIAN_POINT('',(0.15,3.,0.));
#5709 = DIRECTION('',(-4.555315873023E-16,-1.,0.));
#5710 = DIRECTION('',(-1.,4.555315873023E-16,0.));
#5711 = ADVANCED_FACE('',(#5712),#5723,.T.);
#5712 = FACE_BOUND('',#5713,.F.);
#5713 = EDGE_LOOP('',(#5714,#5715,#5716,#5717));
#5714 = ORIENTED_EDGE('',*,*,#2821,.T.);
#5715 = ORIENTED_EDGE('',*,*,#2773,.T.);
#5716 = ORIENTED_EDGE('',*,*,#2698,.T.);
#5717 = ORIENTED_EDGE('',*,*,#5718,.T.);
#5718 = EDGE_CURVE('',#2701,#2822,#5719,.T.);
#5719 = LINE('',#5720,#5721);
#5720 = CARTESIAN_POINT('',(-3.,0.15,0.));
#5721 = VECTOR('',#5722,1.);
#5722 = DIRECTION('',(-4.669739647545E-16,-1.,0.));
#5723 = PLANE('',#5724);
#5724 = AXIS2_PLACEMENT_3D('',#5725,#5726,#5727);
#5725 = CARTESIAN_POINT('',(-3.,-0.15,0.));
#5726 = DIRECTION('',(0.,-0.,-1.));
#5727 = DIRECTION('',(4.669739647545E-16,1.,0.));
#5728 = ADVANCED_FACE('',(#5729),#5735,.F.);
#5729 = FACE_BOUND('',#5730,.F.);
#5730 = EDGE_LOOP('',(#5731,#5732,#5733,#5734));
#5731 = ORIENTED_EDGE('',*,*,#2724,.T.);
#5732 = ORIENTED_EDGE('',*,*,#5525,.T.);
#5733 = ORIENTED_EDGE('',*,*,#2829,.F.);
#5734 = ORIENTED_EDGE('',*,*,#5718,.F.);
#5735 = PLANE('',#5736);
#5736 = AXIS2_PLACEMENT_3D('',#5737,#5738,#5739);
#5737 = CARTESIAN_POINT('',(-3.,0.15,0.));
#5738 = DIRECTION('',(1.,-4.669739647545E-16,0.));
#5739 = DIRECTION('',(-4.669739647545E-16,-1.,0.));
#5740 = ADVANCED_FACE('',(#5741),#5752,.T.);
#5741 = FACE_BOUND('',#5742,.F.);
#5742 = EDGE_LOOP('',(#5743,#5744,#5745,#5746));
#5743 = ORIENTED_EDGE('',*,*,#2854,.T.);
#5744 = ORIENTED_EDGE('',*,*,#2944,.T.);
#5745 = ORIENTED_EDGE('',*,*,#2984,.T.);
#5746 = ORIENTED_EDGE('',*,*,#5747,.T.);
#5747 = EDGE_CURVE('',#2985,#2855,#5748,.T.);
#5748 = LINE('',#5749,#5750);
#5749 = CARTESIAN_POINT('',(0.8,3.,0.));
#5750 = VECTOR('',#5751,1.);
#5751 = DIRECTION('',(-1.,4.555315873023E-16,0.));
#5752 = PLANE('',#5753);
#5753 = AXIS2_PLACEMENT_3D('',#5754,#5755,#5756);
#5754 = CARTESIAN_POINT('',(0.5,3.,0.));
#5755 = DIRECTION('',(-0.,0.,-1.));
#5756 = DIRECTION('',(1.,-4.555315873023E-16,-0.));
#5757 = ADVANCED_FACE('',(#5758),#5764,.F.);
#5758 = FACE_BOUND('',#5759,.F.);
#5759 = EDGE_LOOP('',(#5760,#5761,#5762,#5763));
#5760 = ORIENTED_EDGE('',*,*,#3003,.T.);
#5761 = ORIENTED_EDGE('',*,*,#5389,.T.);
#5762 = ORIENTED_EDGE('',*,*,#2864,.F.);
#5763 = ORIENTED_EDGE('',*,*,#5747,.F.);
#5764 = PLANE('',#5765);
#5765 = AXIS2_PLACEMENT_3D('',#5766,#5767,#5768);
#5766 = CARTESIAN_POINT('',(0.8,3.,0.));
#5767 = DIRECTION('',(-4.555315873023E-16,-1.,0.));
#5768 = DIRECTION('',(-1.,4.555315873023E-16,0.));
#5769 = ADVANCED_FACE('',(#5770),#5781,.T.);
#5770 = FACE_BOUND('',#5771,.F.);
#5771 = EDGE_LOOP('',(#5772,#5773,#5774,#5775));
#5772 = ORIENTED_EDGE('',*,*,#3017,.T.);
#5773 = ORIENTED_EDGE('',*,*,#2969,.T.);
#5774 = ORIENTED_EDGE('',*,*,#2894,.T.);
#5775 = ORIENTED_EDGE('',*,*,#5776,.T.);
#5776 = EDGE_CURVE('',#2897,#3018,#5777,.T.);
#5777 = LINE('',#5778,#5779);
#5778 = CARTESIAN_POINT('',(-3.,-0.5,0.));
#5779 = VECTOR('',#5780,1.);
#5780 = DIRECTION('',(-4.669739647545E-16,-1.,0.));
#5781 = PLANE('',#5782);
#5782 = AXIS2_PLACEMENT_3D('',#5783,#5784,#5785);
#5783 = CARTESIAN_POINT('',(-3.,-0.8,0.));
#5784 = DIRECTION('',(0.,-0.,-1.));
#5785 = DIRECTION('',(4.669739647545E-16,1.,0.));
#5786 = ADVANCED_FACE('',(#5787),#5793,.F.);
#5787 = FACE_BOUND('',#5788,.F.);
#5788 = EDGE_LOOP('',(#5789,#5790,#5791,#5792));
#5789 = ORIENTED_EDGE('',*,*,#2920,.T.);
#5790 = ORIENTED_EDGE('',*,*,#5508,.T.);
#5791 = ORIENTED_EDGE('',*,*,#3025,.F.);
#5792 = ORIENTED_EDGE('',*,*,#5776,.F.);
#5793 = PLANE('',#5794);
#5794 = AXIS2_PLACEMENT_3D('',#5795,#5796,#5797);
#5795 = CARTESIAN_POINT('',(-3.,-0.5,0.));
#5796 = DIRECTION('',(1.,-4.669739647545E-16,0.));
#5797 = DIRECTION('',(-4.669739647545E-16,-1.,0.));
#5798 = ADVANCED_FACE('',(#5799),#5810,.T.);
#5799 = FACE_BOUND('',#5800,.F.);
#5800 = EDGE_LOOP('',(#5801,#5802,#5803,#5804));
#5801 = ORIENTED_EDGE('',*,*,#3050,.T.);
#5802 = ORIENTED_EDGE('',*,*,#3140,.T.);
#5803 = ORIENTED_EDGE('',*,*,#3180,.T.);
#5804 = ORIENTED_EDGE('',*,*,#5805,.T.);
#5805 = EDGE_CURVE('',#3181,#3051,#5806,.T.);
#5806 = LINE('',#5807,#5808);
#5807 = CARTESIAN_POINT('',(1.45,3.,0.));
#5808 = VECTOR('',#5809,1.);
#5809 = DIRECTION('',(-1.,4.555315873023E-16,0.));
#5810 = PLANE('',#5811);
#5811 = AXIS2_PLACEMENT_3D('',#5812,#5813,#5814);
#5812 = CARTESIAN_POINT('',(1.15,3.,0.));
#5813 = DIRECTION('',(-0.,0.,-1.));
#5814 = DIRECTION('',(1.,-4.555315873023E-16,-0.));
#5815 = ADVANCED_FACE('',(#5816),#5822,.F.);
#5816 = FACE_BOUND('',#5817,.F.);
#5817 = EDGE_LOOP('',(#5818,#5819,#5820,#5821));
#5818 = ORIENTED_EDGE('',*,*,#3199,.T.);
#5819 = ORIENTED_EDGE('',*,*,#5355,.T.);
#5820 = ORIENTED_EDGE('',*,*,#3060,.F.);
#5821 = ORIENTED_EDGE('',*,*,#5805,.F.);
#5822 = PLANE('',#5823);
#5823 = AXIS2_PLACEMENT_3D('',#5824,#5825,#5826);
#5824 = CARTESIAN_POINT('',(1.45,3.,0.));
#5825 = DIRECTION('',(-4.555315873023E-16,-1.,0.));
#5826 = DIRECTION('',(-1.,4.555315873023E-16,0.));
#5827 = ADVANCED_FACE('',(#5828),#5839,.T.);
#5828 = FACE_BOUND('',#5829,.F.);
#5829 = EDGE_LOOP('',(#5830,#5831,#5832,#5833));
#5830 = ORIENTED_EDGE('',*,*,#3213,.T.);
#5831 = ORIENTED_EDGE('',*,*,#3165,.T.);
#5832 = ORIENTED_EDGE('',*,*,#3090,.T.);
#5833 = ORIENTED_EDGE('',*,*,#5834,.T.);
#5834 = EDGE_CURVE('',#3093,#3214,#5835,.T.);
#5835 = LINE('',#5836,#5837);
#5836 = CARTESIAN_POINT('',(-3.,-1.15,0.));
#5837 = VECTOR('',#5838,1.);
#5838 = DIRECTION('',(-4.669739647545E-16,-1.,0.));
#5839 = PLANE('',#5840);
#5840 = AXIS2_PLACEMENT_3D('',#5841,#5842,#5843);
#5841 = CARTESIAN_POINT('',(-3.,-1.45,0.));
#5842 = DIRECTION('',(0.,-0.,-1.));
#5843 = DIRECTION('',(4.669739647545E-16,1.,0.));
#5844 = ADVANCED_FACE('',(#5845),#5851,.F.);
#5845 = FACE_BOUND('',#5846,.F.);
#5846 = EDGE_LOOP('',(#5847,#5848,#5849,#5850));
#5847 = ORIENTED_EDGE('',*,*,#3116,.T.);
#5848 = ORIENTED_EDGE('',*,*,#5474,.T.);
#5849 = ORIENTED_EDGE('',*,*,#3221,.F.);
#5850 = ORIENTED_EDGE('',*,*,#5834,.F.);
#5851 = PLANE('',#5852);
#5852 = AXIS2_PLACEMENT_3D('',#5853,#5854,#5855);
#5853 = CARTESIAN_POINT('',(-3.,-1.15,0.));
#5854 = DIRECTION('',(1.,-4.669739647545E-16,0.));
#5855 = DIRECTION('',(-4.669739647545E-16,-1.,0.));
#5856 = ADVANCED_FACE('',(#5857),#5868,.T.);
#5857 = FACE_BOUND('',#5858,.F.);
#5858 = EDGE_LOOP('',(#5859,#5860,#5861,#5862));
#5859 = ORIENTED_EDGE('',*,*,#3246,.T.);
#5860 = ORIENTED_EDGE('',*,*,#3336,.T.);
#5861 = ORIENTED_EDGE('',*,*,#3376,.T.);
#5862 = ORIENTED_EDGE('',*,*,#5863,.T.);
#5863 = EDGE_CURVE('',#3377,#3247,#5864,.T.);
#5864 = LINE('',#5865,#5866);
#5865 = CARTESIAN_POINT('',(2.1,3.,0.));
#5866 = VECTOR('',#5867,1.);
#5867 = DIRECTION('',(-1.,4.555315873023E-16,0.));
#5868 = PLANE('',#5869);
#5869 = AXIS2_PLACEMENT_3D('',#5870,#5871,#5872);
#5870 = CARTESIAN_POINT('',(1.8,3.,0.));
#5871 = DIRECTION('',(-0.,0.,-1.));
#5872 = DIRECTION('',(1.,-4.555315873023E-16,-0.));
#5873 = ADVANCED_FACE('',(#5874),#5880,.F.);
#5874 = FACE_BOUND('',#5875,.F.);
#5875 = EDGE_LOOP('',(#5876,#5877,#5878,#5879));
#5876 = ORIENTED_EDGE('',*,*,#3395,.T.);
#5877 = ORIENTED_EDGE('',*,*,#5321,.T.);
#5878 = ORIENTED_EDGE('',*,*,#3256,.F.);
#5879 = ORIENTED_EDGE('',*,*,#5863,.F.);
#5880 = PLANE('',#5881);
#5881 = AXIS2_PLACEMENT_3D('',#5882,#5883,#5884);
#5882 = CARTESIAN_POINT('',(2.1,3.,0.));
#5883 = DIRECTION('',(-4.555315873023E-16,-1.,0.));
#5884 = DIRECTION('',(-1.,4.555315873023E-16,0.));
#5885 = ADVANCED_FACE('',(#5886),#5897,.T.);
#5886 = FACE_BOUND('',#5887,.F.);
#5887 = EDGE_LOOP('',(#5888,#5889,#5890,#5891));
#5888 = ORIENTED_EDGE('',*,*,#3409,.T.);
#5889 = ORIENTED_EDGE('',*,*,#3361,.T.);
#5890 = ORIENTED_EDGE('',*,*,#3286,.T.);
#5891 = ORIENTED_EDGE('',*,*,#5892,.T.);
#5892 = EDGE_CURVE('',#3289,#3410,#5893,.T.);
#5893 = LINE('',#5894,#5895);
#5894 = CARTESIAN_POINT('',(-3.,-1.8,0.));
#5895 = VECTOR('',#5896,1.);
#5896 = DIRECTION('',(-4.669739647545E-16,-1.,0.));
#5897 = PLANE('',#5898);
#5898 = AXIS2_PLACEMENT_3D('',#5899,#5900,#5901);
#5899 = CARTESIAN_POINT('',(-3.,-2.1,0.));
#5900 = DIRECTION('',(0.,-0.,-1.));
#5901 = DIRECTION('',(4.669739647545E-16,1.,0.));
#5902 = ADVANCED_FACE('',(#5903),#5909,.F.);
#5903 = FACE_BOUND('',#5904,.F.);
#5904 = EDGE_LOOP('',(#5905,#5906,#5907,#5908));
#5905 = ORIENTED_EDGE('',*,*,#3312,.T.);
#5906 = ORIENTED_EDGE('',*,*,#5440,.T.);
#5907 = ORIENTED_EDGE('',*,*,#3417,.F.);
#5908 = ORIENTED_EDGE('',*,*,#5892,.F.);
#5909 = PLANE('',#5910);
#5910 = AXIS2_PLACEMENT_3D('',#5911,#5912,#5913);
#5911 = CARTESIAN_POINT('',(-3.,-1.8,0.));
#5912 = DIRECTION('',(1.,-4.669739647545E-16,0.));
#5913 = DIRECTION('',(-4.669739647545E-16,-1.,0.));
#5914 = ADVANCED_FACE('',(#5915),#5926,.F.);
#5915 = FACE_BOUND('',#5916,.F.);
#5916 = EDGE_LOOP('',(#5917,#5918,#5924,#5925));
#5917 = ORIENTED_EDGE('',*,*,#3823,.F.);
#5918 = ORIENTED_EDGE('',*,*,#5919,.F.);
#5919 = EDGE_CURVE('',#3947,#3816,#5920,.T.);
#5920 = LINE('',#5921,#5922);
#5921 = CARTESIAN_POINT('',(3.,1.8,0.2));
#5922 = VECTOR('',#5923,1.);
#5923 = DIRECTION('',(3.445092848398E-16,1.,0.));
#5924 = ORIENTED_EDGE('',*,*,#3946,.F.);
#5925 = ORIENTED_EDGE('',*,*,#3605,.T.);
#5926 = PLANE('',#5927);
#5927 = AXIS2_PLACEMENT_3D('',#5928,#5929,#5930);
#5928 = CARTESIAN_POINT('',(3.,2.1,0.2));
#5929 = DIRECTION('',(0.,0.,-1.));
#5930 = DIRECTION('',(-3.445092848398E-16,-1.,-0.));
#5931 = ADVANCED_FACE('',(#5932),#5943,.F.);
#5932 = FACE_BOUND('',#5933,.F.);
#5933 = EDGE_LOOP('',(#5934,#5935,#5941,#5942));
#5934 = ORIENTED_EDGE('',*,*,#4999,.F.);
#5935 = ORIENTED_EDGE('',*,*,#5936,.F.);
#5936 = EDGE_CURVE('',#5123,#4992,#5937,.T.);
#5937 = LINE('',#5938,#5939);
#5938 = CARTESIAN_POINT('',(3.,-2.1,0.2));
#5939 = VECTOR('',#5940,1.);
#5940 = DIRECTION('',(3.445092848398E-16,1.,0.));
#5941 = ORIENTED_EDGE('',*,*,#5122,.F.);
#5942 = ORIENTED_EDGE('',*,*,#3467,.T.);
#5943 = PLANE('',#5944);
#5944 = AXIS2_PLACEMENT_3D('',#5945,#5946,#5947);
#5945 = CARTESIAN_POINT('',(3.,-1.8,0.2));
#5946 = DIRECTION('',(0.,0.,-1.));
#5947 = DIRECTION('',(-3.445092848398E-16,-1.,-0.));
#5948 = ADVANCED_FACE('',(#5949),#5960,.F.);
#5949 = FACE_BOUND('',#5950,.F.);
#5950 = EDGE_LOOP('',(#5951,#5952,#5958,#5959));
#5951 = ORIENTED_EDGE('',*,*,#4019,.F.);
#5952 = ORIENTED_EDGE('',*,*,#5953,.F.);
#5953 = EDGE_CURVE('',#4143,#4012,#5954,.T.);
#5954 = LINE('',#5955,#5956);
#5955 = CARTESIAN_POINT('',(3.,1.15,0.2));
#5956 = VECTOR('',#5957,1.);
#5957 = DIRECTION('',(3.445092848398E-16,1.,0.));
#5958 = ORIENTED_EDGE('',*,*,#4142,.F.);
#5959 = ORIENTED_EDGE('',*,*,#3582,.T.);
#5960 = PLANE('',#5961);
#5961 = AXIS2_PLACEMENT_3D('',#5962,#5963,#5964);
#5962 = CARTESIAN_POINT('',(3.,1.45,0.2));
#5963 = DIRECTION('',(0.,0.,-1.));
#5964 = DIRECTION('',(-3.445092848398E-16,-1.,-0.));
#5965 = ADVANCED_FACE('',(#5966),#5977,.F.);
#5966 = FACE_BOUND('',#5967,.F.);
#5967 = EDGE_LOOP('',(#5968,#5969,#5975,#5976));
#5968 = ORIENTED_EDGE('',*,*,#4803,.F.);
#5969 = ORIENTED_EDGE('',*,*,#5970,.F.);
#5970 = EDGE_CURVE('',#4927,#4796,#5971,.T.);
#5971 = LINE('',#5972,#5973);
#5972 = CARTESIAN_POINT('',(3.,-1.45,0.2));
#5973 = VECTOR('',#5974,1.);
#5974 = DIRECTION('',(3.445092848398E-16,1.,0.));
#5975 = ORIENTED_EDGE('',*,*,#4926,.F.);
#5976 = ORIENTED_EDGE('',*,*,#3490,.T.);
#5977 = PLANE('',#5978);
#5978 = AXIS2_PLACEMENT_3D('',#5979,#5980,#5981);
#5979 = CARTESIAN_POINT('',(3.,-1.15,0.2));
#5980 = DIRECTION('',(0.,0.,-1.));
#5981 = DIRECTION('',(-3.445092848398E-16,-1.,-0.));
#5982 = ADVANCED_FACE('',(#5983),#5994,.F.);
#5983 = FACE_BOUND('',#5984,.F.);
#5984 = EDGE_LOOP('',(#5985,#5986,#5992,#5993));
#5985 = ORIENTED_EDGE('',*,*,#4215,.F.);
#5986 = ORIENTED_EDGE('',*,*,#5987,.F.);
#5987 = EDGE_CURVE('',#4339,#4208,#5988,.T.);
#5988 = LINE('',#5989,#5990);
#5989 = CARTESIAN_POINT('',(3.,0.5,0.2));
#5990 = VECTOR('',#5991,1.);
#5991 = DIRECTION('',(3.445092848398E-16,1.,0.));
#5992 = ORIENTED_EDGE('',*,*,#4338,.F.);
#5993 = ORIENTED_EDGE('',*,*,#3559,.T.);
#5994 = PLANE('',#5995);
#5995 = AXIS2_PLACEMENT_3D('',#5996,#5997,#5998);
#5996 = CARTESIAN_POINT('',(3.,0.8,0.2));
#5997 = DIRECTION('',(0.,0.,-1.));
#5998 = DIRECTION('',(-3.445092848398E-16,-1.,-0.));
#5999 = ADVANCED_FACE('',(#6000),#6011,.F.);
#6000 = FACE_BOUND('',#6001,.F.);
#6001 = EDGE_LOOP('',(#6002,#6003,#6009,#6010));
#6002 = ORIENTED_EDGE('',*,*,#4607,.F.);
#6003 = ORIENTED_EDGE('',*,*,#6004,.F.);
#6004 = EDGE_CURVE('',#4731,#4600,#6005,.T.);
#6005 = LINE('',#6006,#6007);
#6006 = CARTESIAN_POINT('',(3.,-0.8,0.2));
#6007 = VECTOR('',#6008,1.);
#6008 = DIRECTION('',(3.445092848398E-16,1.,0.));
#6009 = ORIENTED_EDGE('',*,*,#4730,.F.);
#6010 = ORIENTED_EDGE('',*,*,#3513,.T.);
#6011 = PLANE('',#6012);
#6012 = AXIS2_PLACEMENT_3D('',#6013,#6014,#6015);
#6013 = CARTESIAN_POINT('',(3.,-0.5,0.2));
#6014 = DIRECTION('',(0.,0.,-1.));
#6015 = DIRECTION('',(-3.445092848398E-16,-1.,-0.));
#6016 = ADVANCED_FACE('',(#6017),#6028,.F.);
#6017 = FACE_BOUND('',#6018,.F.);
#6018 = EDGE_LOOP('',(#6019,#6020,#6026,#6027));
#6019 = ORIENTED_EDGE('',*,*,#4411,.F.);
#6020 = ORIENTED_EDGE('',*,*,#6021,.F.);
#6021 = EDGE_CURVE('',#4535,#4404,#6022,.T.);
#6022 = LINE('',#6023,#6024);
#6023 = CARTESIAN_POINT('',(3.,-0.15,0.2));
#6024 = VECTOR('',#6025,1.);
#6025 = DIRECTION('',(3.445092848398E-16,1.,0.));
#6026 = ORIENTED_EDGE('',*,*,#4534,.F.);
#6027 = ORIENTED_EDGE('',*,*,#3536,.T.);
#6028 = PLANE('',#6029);
#6029 = AXIS2_PLACEMENT_3D('',#6030,#6031,#6032);
#6030 = CARTESIAN_POINT('',(3.,0.15,0.2));
#6031 = DIRECTION('',(0.,0.,-1.));
#6032 = DIRECTION('',(-3.445092848398E-16,-1.,-0.));
#6033 = ADVANCED_FACE('',(#6034),#6045,.F.);
#6034 = FACE_BOUND('',#6035,.F.);
#6035 = EDGE_LOOP('',(#6036,#6037,#6043,#6044));
#6036 = ORIENTED_EDGE('',*,*,#5160,.F.);
#6037 = ORIENTED_EDGE('',*,*,#6038,.F.);
#6038 = EDGE_CURVE('',#5040,#5153,#6039,.T.);
#6039 = LINE('',#6040,#6041);
#6040 = CARTESIAN_POINT('',(1.8,-3.,0.2));
#6041 = VECTOR('',#6042,1.);
#6042 = DIRECTION('',(1.,-5.665538897648E-16,0.));
#6043 = ORIENTED_EDGE('',*,*,#5039,.F.);
#6044 = ORIENTED_EDGE('',*,*,#3781,.T.);
#6045 = PLANE('',#6046);
#6046 = AXIS2_PLACEMENT_3D('',#6047,#6048,#6049);
#6047 = CARTESIAN_POINT('',(2.1,-3.,0.2));
#6048 = DIRECTION('',(0.,0.,-1.));
#6049 = DIRECTION('',(-1.,5.665538897648E-16,0.));
#6050 = ADVANCED_FACE('',(#6051),#6062,.F.);
#6051 = FACE_BOUND('',#6052,.F.);
#6052 = EDGE_LOOP('',(#6053,#6054,#6060,#6061));
#6053 = ORIENTED_EDGE('',*,*,#3984,.F.);
#6054 = ORIENTED_EDGE('',*,*,#6055,.F.);
#6055 = EDGE_CURVE('',#3864,#3977,#6056,.T.);
#6056 = LINE('',#6057,#6058);
#6057 = CARTESIAN_POINT('',(-2.1,-3.,0.2));
#6058 = VECTOR('',#6059,1.);
#6059 = DIRECTION('',(1.,-5.665538897648E-16,0.));
#6060 = ORIENTED_EDGE('',*,*,#3863,.F.);
#6061 = ORIENTED_EDGE('',*,*,#3643,.T.);
#6062 = PLANE('',#6063);
#6063 = AXIS2_PLACEMENT_3D('',#6064,#6065,#6066);
#6064 = CARTESIAN_POINT('',(-1.8,-3.,0.2));
#6065 = DIRECTION('',(0.,0.,-1.));
#6066 = DIRECTION('',(-1.,5.665538897648E-16,0.));
#6067 = ADVANCED_FACE('',(#6068),#6079,.F.);
#6068 = FACE_BOUND('',#6069,.F.);
#6069 = EDGE_LOOP('',(#6070,#6071,#6077,#6078));
#6070 = ORIENTED_EDGE('',*,*,#4964,.F.);
#6071 = ORIENTED_EDGE('',*,*,#6072,.F.);
#6072 = EDGE_CURVE('',#4844,#4957,#6073,.T.);
#6073 = LINE('',#6074,#6075);
#6074 = CARTESIAN_POINT('',(1.15,-3.,0.2));
#6075 = VECTOR('',#6076,1.);
#6076 = DIRECTION('',(1.,-5.665538897648E-16,0.));
#6077 = ORIENTED_EDGE('',*,*,#4843,.F.);
#6078 = ORIENTED_EDGE('',*,*,#3758,.T.);
#6079 = PLANE('',#6080);
#6080 = AXIS2_PLACEMENT_3D('',#6081,#6082,#6083);
#6081 = CARTESIAN_POINT('',(1.45,-3.,0.2));
#6082 = DIRECTION('',(0.,0.,-1.));
#6083 = DIRECTION('',(-1.,5.665538897648E-16,0.));
#6084 = ADVANCED_FACE('',(#6085),#6096,.F.);
#6085 = FACE_BOUND('',#6086,.F.);
#6086 = EDGE_LOOP('',(#6087,#6088,#6094,#6095));
#6087 = ORIENTED_EDGE('',*,*,#4180,.F.);
#6088 = ORIENTED_EDGE('',*,*,#6089,.F.);
#6089 = EDGE_CURVE('',#4060,#4173,#6090,.T.);
#6090 = LINE('',#6091,#6092);
#6091 = CARTESIAN_POINT('',(-1.45,-3.,0.2));
#6092 = VECTOR('',#6093,1.);
#6093 = DIRECTION('',(1.,-5.665538897648E-16,0.));
#6094 = ORIENTED_EDGE('',*,*,#4059,.F.);
#6095 = ORIENTED_EDGE('',*,*,#3666,.T.);
#6096 = PLANE('',#6097);
#6097 = AXIS2_PLACEMENT_3D('',#6098,#6099,#6100);
#6098 = CARTESIAN_POINT('',(-1.15,-3.,0.2));
#6099 = DIRECTION('',(0.,0.,-1.));
#6100 = DIRECTION('',(-1.,5.665538897648E-16,0.));
#6101 = ADVANCED_FACE('',(#6102),#6113,.F.);
#6102 = FACE_BOUND('',#6103,.F.);
#6103 = EDGE_LOOP('',(#6104,#6105,#6111,#6112));
#6104 = ORIENTED_EDGE('',*,*,#4768,.F.);
#6105 = ORIENTED_EDGE('',*,*,#6106,.F.);
#6106 = EDGE_CURVE('',#4648,#4761,#6107,.T.);
#6107 = LINE('',#6108,#6109);
#6108 = CARTESIAN_POINT('',(0.5,-3.,0.2));
#6109 = VECTOR('',#6110,1.);
#6110 = DIRECTION('',(1.,-5.665538897648E-16,0.));
#6111 = ORIENTED_EDGE('',*,*,#4647,.F.);
#6112 = ORIENTED_EDGE('',*,*,#3735,.T.);
#6113 = PLANE('',#6114);
#6114 = AXIS2_PLACEMENT_3D('',#6115,#6116,#6117);
#6115 = CARTESIAN_POINT('',(0.8,-3.,0.2));
#6116 = DIRECTION('',(0.,0.,-1.));
#6117 = DIRECTION('',(-1.,5.665538897648E-16,0.));
#6118 = ADVANCED_FACE('',(#6119),#6130,.F.);
#6119 = FACE_BOUND('',#6120,.F.);
#6120 = EDGE_LOOP('',(#6121,#6122,#6128,#6129));
#6121 = ORIENTED_EDGE('',*,*,#4376,.F.);
#6122 = ORIENTED_EDGE('',*,*,#6123,.F.);
#6123 = EDGE_CURVE('',#4256,#4369,#6124,.T.);
#6124 = LINE('',#6125,#6126);
#6125 = CARTESIAN_POINT('',(-0.8,-3.,0.2));
#6126 = VECTOR('',#6127,1.);
#6127 = DIRECTION('',(1.,-5.665538897648E-16,0.));
#6128 = ORIENTED_EDGE('',*,*,#4255,.F.);
#6129 = ORIENTED_EDGE('',*,*,#3689,.T.);
#6130 = PLANE('',#6131);
#6131 = AXIS2_PLACEMENT_3D('',#6132,#6133,#6134);
#6132 = CARTESIAN_POINT('',(-0.5,-3.,0.2));
#6133 = DIRECTION('',(0.,0.,-1.));
#6134 = DIRECTION('',(-1.,5.665538897648E-16,0.));
#6135 = ADVANCED_FACE('',(#6136),#6147,.F.);
#6136 = FACE_BOUND('',#6137,.F.);
#6137 = EDGE_LOOP('',(#6138,#6139,#6145,#6146));
#6138 = ORIENTED_EDGE('',*,*,#4572,.F.);
#6139 = ORIENTED_EDGE('',*,*,#6140,.F.);
#6140 = EDGE_CURVE('',#4452,#4565,#6141,.T.);
#6141 = LINE('',#6142,#6143);
#6142 = CARTESIAN_POINT('',(-0.15,-3.,0.2));
#6143 = VECTOR('',#6144,1.);
#6144 = DIRECTION('',(1.,-5.665538897648E-16,0.));
#6145 = ORIENTED_EDGE('',*,*,#4451,.F.);
#6146 = ORIENTED_EDGE('',*,*,#3712,.T.);
#6147 = PLANE('',#6148);
#6148 = AXIS2_PLACEMENT_3D('',#6149,#6150,#6151);
#6149 = CARTESIAN_POINT('',(0.15,-3.,0.2));
#6150 = DIRECTION('',(0.,0.,-1.));
#6151 = DIRECTION('',(-1.,5.665538897648E-16,0.));
#6152 = ADVANCED_FACE('',(#6153),#6164,.T.);
#6153 = FACE_BOUND('',#6154,.F.);
#6154 = EDGE_LOOP('',(#6155,#6156,#6157,#6158));
#6155 = ORIENTED_EDGE('',*,*,#3805,.T.);
#6156 = ORIENTED_EDGE('',*,*,#3895,.T.);
#6157 = ORIENTED_EDGE('',*,*,#3935,.T.);
#6158 = ORIENTED_EDGE('',*,*,#6159,.T.);
#6159 = EDGE_CURVE('',#3936,#3806,#6160,.T.);
#6160 = LINE('',#6161,#6162);
#6161 = CARTESIAN_POINT('',(3.,1.8,0.));
#6162 = VECTOR('',#6163,1.);
#6163 = DIRECTION('',(3.445092848398E-16,1.,0.));
#6164 = PLANE('',#6165);
#6165 = AXIS2_PLACEMENT_3D('',#6166,#6167,#6168);
#6166 = CARTESIAN_POINT('',(3.,2.1,0.));
#6167 = DIRECTION('',(0.,0.,-1.));
#6168 = DIRECTION('',(-3.445092848398E-16,-1.,-0.));
#6169 = ADVANCED_FACE('',(#6170),#6176,.F.);
#6170 = FACE_BOUND('',#6171,.F.);
#6171 = EDGE_LOOP('',(#6172,#6173,#6174,#6175));
#6172 = ORIENTED_EDGE('',*,*,#3954,.T.);
#6173 = ORIENTED_EDGE('',*,*,#5919,.T.);
#6174 = ORIENTED_EDGE('',*,*,#3815,.F.);
#6175 = ORIENTED_EDGE('',*,*,#6159,.F.);
#6176 = PLANE('',#6177);
#6177 = AXIS2_PLACEMENT_3D('',#6178,#6179,#6180);
#6178 = CARTESIAN_POINT('',(3.,1.8,0.));
#6179 = DIRECTION('',(-1.,3.445092848398E-16,0.));
#6180 = DIRECTION('',(3.445092848398E-16,1.,0.));
#6181 = ADVANCED_FACE('',(#6182),#6193,.T.);
#6182 = FACE_BOUND('',#6183,.F.);
#6183 = EDGE_LOOP('',(#6184,#6185,#6186,#6187));
#6184 = ORIENTED_EDGE('',*,*,#3968,.T.);
#6185 = ORIENTED_EDGE('',*,*,#3920,.T.);
#6186 = ORIENTED_EDGE('',*,*,#3845,.T.);
#6187 = ORIENTED_EDGE('',*,*,#6188,.T.);
#6188 = EDGE_CURVE('',#3848,#3969,#6189,.T.);
#6189 = LINE('',#6190,#6191);
#6190 = CARTESIAN_POINT('',(-2.1,-3.,0.));
#6191 = VECTOR('',#6192,1.);
#6192 = DIRECTION('',(1.,-5.665538897648E-16,0.));
#6193 = PLANE('',#6194);
#6194 = AXIS2_PLACEMENT_3D('',#6195,#6196,#6197);
#6195 = CARTESIAN_POINT('',(-1.8,-3.,0.));
#6196 = DIRECTION('',(0.,0.,-1.));
#6197 = DIRECTION('',(-1.,5.665538897648E-16,0.));
#6198 = ADVANCED_FACE('',(#6199),#6205,.F.);
#6199 = FACE_BOUND('',#6200,.F.);
#6200 = EDGE_LOOP('',(#6201,#6202,#6203,#6204));
#6201 = ORIENTED_EDGE('',*,*,#3871,.T.);
#6202 = ORIENTED_EDGE('',*,*,#6055,.T.);
#6203 = ORIENTED_EDGE('',*,*,#3976,.F.);
#6204 = ORIENTED_EDGE('',*,*,#6188,.F.);
#6205 = PLANE('',#6206);
#6206 = AXIS2_PLACEMENT_3D('',#6207,#6208,#6209);
#6207 = CARTESIAN_POINT('',(-2.1,-3.,0.));
#6208 = DIRECTION('',(5.665538897648E-16,1.,0.));
#6209 = DIRECTION('',(1.,-5.665538897648E-16,0.));
#6210 = ADVANCED_FACE('',(#6211),#6222,.T.);
#6211 = FACE_BOUND('',#6212,.F.);
#6212 = EDGE_LOOP('',(#6213,#6214,#6215,#6216));
#6213 = ORIENTED_EDGE('',*,*,#4001,.T.);
#6214 = ORIENTED_EDGE('',*,*,#4091,.T.);
#6215 = ORIENTED_EDGE('',*,*,#4131,.T.);
#6216 = ORIENTED_EDGE('',*,*,#6217,.T.);
#6217 = EDGE_CURVE('',#4132,#4002,#6218,.T.);
#6218 = LINE('',#6219,#6220);
#6219 = CARTESIAN_POINT('',(3.,1.15,0.));
#6220 = VECTOR('',#6221,1.);
#6221 = DIRECTION('',(3.445092848398E-16,1.,0.));
#6222 = PLANE('',#6223);
#6223 = AXIS2_PLACEMENT_3D('',#6224,#6225,#6226);
#6224 = CARTESIAN_POINT('',(3.,1.45,0.));
#6225 = DIRECTION('',(0.,0.,-1.));
#6226 = DIRECTION('',(-3.445092848398E-16,-1.,-0.));
#6227 = ADVANCED_FACE('',(#6228),#6234,.F.);
#6228 = FACE_BOUND('',#6229,.F.);
#6229 = EDGE_LOOP('',(#6230,#6231,#6232,#6233));
#6230 = ORIENTED_EDGE('',*,*,#4150,.T.);
#6231 = ORIENTED_EDGE('',*,*,#5953,.T.);
#6232 = ORIENTED_EDGE('',*,*,#4011,.F.);
#6233 = ORIENTED_EDGE('',*,*,#6217,.F.);
#6234 = PLANE('',#6235);
#6235 = AXIS2_PLACEMENT_3D('',#6236,#6237,#6238);
#6236 = CARTESIAN_POINT('',(3.,1.15,0.));
#6237 = DIRECTION('',(-1.,3.445092848398E-16,0.));
#6238 = DIRECTION('',(3.445092848398E-16,1.,0.));
#6239 = ADVANCED_FACE('',(#6240),#6251,.T.);
#6240 = FACE_BOUND('',#6241,.F.);
#6241 = EDGE_LOOP('',(#6242,#6243,#6244,#6245));
#6242 = ORIENTED_EDGE('',*,*,#4164,.T.);
#6243 = ORIENTED_EDGE('',*,*,#4116,.T.);
#6244 = ORIENTED_EDGE('',*,*,#4041,.T.);
#6245 = ORIENTED_EDGE('',*,*,#6246,.T.);
#6246 = EDGE_CURVE('',#4044,#4165,#6247,.T.);
#6247 = LINE('',#6248,#6249);
#6248 = CARTESIAN_POINT('',(-1.45,-3.,0.));
#6249 = VECTOR('',#6250,1.);
#6250 = DIRECTION('',(1.,-5.665538897648E-16,0.));
#6251 = PLANE('',#6252);
#6252 = AXIS2_PLACEMENT_3D('',#6253,#6254,#6255);
#6253 = CARTESIAN_POINT('',(-1.15,-3.,0.));
#6254 = DIRECTION('',(0.,0.,-1.));
#6255 = DIRECTION('',(-1.,5.665538897648E-16,0.));
#6256 = ADVANCED_FACE('',(#6257),#6263,.F.);
#6257 = FACE_BOUND('',#6258,.F.);
#6258 = EDGE_LOOP('',(#6259,#6260,#6261,#6262));
#6259 = ORIENTED_EDGE('',*,*,#4067,.T.);
#6260 = ORIENTED_EDGE('',*,*,#6089,.T.);
#6261 = ORIENTED_EDGE('',*,*,#4172,.F.);
#6262 = ORIENTED_EDGE('',*,*,#6246,.F.);
#6263 = PLANE('',#6264);
#6264 = AXIS2_PLACEMENT_3D('',#6265,#6266,#6267);
#6265 = CARTESIAN_POINT('',(-1.45,-3.,0.));
#6266 = DIRECTION('',(5.665538897648E-16,1.,0.));
#6267 = DIRECTION('',(1.,-5.665538897648E-16,0.));
#6268 = ADVANCED_FACE('',(#6269),#6280,.T.);
#6269 = FACE_BOUND('',#6270,.F.);
#6270 = EDGE_LOOP('',(#6271,#6272,#6273,#6274));
#6271 = ORIENTED_EDGE('',*,*,#4197,.T.);
#6272 = ORIENTED_EDGE('',*,*,#4287,.T.);
#6273 = ORIENTED_EDGE('',*,*,#4327,.T.);
#6274 = ORIENTED_EDGE('',*,*,#6275,.T.);
#6275 = EDGE_CURVE('',#4328,#4198,#6276,.T.);
#6276 = LINE('',#6277,#6278);
#6277 = CARTESIAN_POINT('',(3.,0.5,0.));
#6278 = VECTOR('',#6279,1.);
#6279 = DIRECTION('',(3.445092848398E-16,1.,0.));
#6280 = PLANE('',#6281);
#6281 = AXIS2_PLACEMENT_3D('',#6282,#6283,#6284);
#6282 = CARTESIAN_POINT('',(3.,0.8,0.));
#6283 = DIRECTION('',(0.,0.,-1.));
#6284 = DIRECTION('',(-3.445092848398E-16,-1.,-0.));
#6285 = ADVANCED_FACE('',(#6286),#6292,.F.);
#6286 = FACE_BOUND('',#6287,.F.);
#6287 = EDGE_LOOP('',(#6288,#6289,#6290,#6291));
#6288 = ORIENTED_EDGE('',*,*,#4346,.T.);
#6289 = ORIENTED_EDGE('',*,*,#5987,.T.);
#6290 = ORIENTED_EDGE('',*,*,#4207,.F.);
#6291 = ORIENTED_EDGE('',*,*,#6275,.F.);
#6292 = PLANE('',#6293);
#6293 = AXIS2_PLACEMENT_3D('',#6294,#6295,#6296);
#6294 = CARTESIAN_POINT('',(3.,0.5,0.));
#6295 = DIRECTION('',(-1.,3.445092848398E-16,0.));
#6296 = DIRECTION('',(3.445092848398E-16,1.,0.));
#6297 = ADVANCED_FACE('',(#6298),#6309,.T.);
#6298 = FACE_BOUND('',#6299,.F.);
#6299 = EDGE_LOOP('',(#6300,#6301,#6302,#6303));
#6300 = ORIENTED_EDGE('',*,*,#4360,.T.);
#6301 = ORIENTED_EDGE('',*,*,#4312,.T.);
#6302 = ORIENTED_EDGE('',*,*,#4237,.T.);
#6303 = ORIENTED_EDGE('',*,*,#6304,.T.);
#6304 = EDGE_CURVE('',#4240,#4361,#6305,.T.);
#6305 = LINE('',#6306,#6307);
#6306 = CARTESIAN_POINT('',(-0.8,-3.,0.));
#6307 = VECTOR('',#6308,1.);
#6308 = DIRECTION('',(1.,-5.665538897648E-16,0.));
#6309 = PLANE('',#6310);
#6310 = AXIS2_PLACEMENT_3D('',#6311,#6312,#6313);
#6311 = CARTESIAN_POINT('',(-0.5,-3.,0.));
#6312 = DIRECTION('',(0.,0.,-1.));
#6313 = DIRECTION('',(-1.,5.665538897648E-16,0.));
#6314 = ADVANCED_FACE('',(#6315),#6321,.F.);
#6315 = FACE_BOUND('',#6316,.F.);
#6316 = EDGE_LOOP('',(#6317,#6318,#6319,#6320));
#6317 = ORIENTED_EDGE('',*,*,#4263,.T.);
#6318 = ORIENTED_EDGE('',*,*,#6123,.T.);
#6319 = ORIENTED_EDGE('',*,*,#4368,.F.);
#6320 = ORIENTED_EDGE('',*,*,#6304,.F.);
#6321 = PLANE('',#6322);
#6322 = AXIS2_PLACEMENT_3D('',#6323,#6324,#6325);
#6323 = CARTESIAN_POINT('',(-0.8,-3.,0.));
#6324 = DIRECTION('',(5.665538897648E-16,1.,0.));
#6325 = DIRECTION('',(1.,-5.665538897648E-16,0.));
#6326 = ADVANCED_FACE('',(#6327),#6338,.T.);
#6327 = FACE_BOUND('',#6328,.F.);
#6328 = EDGE_LOOP('',(#6329,#6330,#6331,#6332));
#6329 = ORIENTED_EDGE('',*,*,#4393,.T.);
#6330 = ORIENTED_EDGE('',*,*,#4483,.T.);
#6331 = ORIENTED_EDGE('',*,*,#4523,.T.);
#6332 = ORIENTED_EDGE('',*,*,#6333,.T.);
#6333 = EDGE_CURVE('',#4524,#4394,#6334,.T.);
#6334 = LINE('',#6335,#6336);
#6335 = CARTESIAN_POINT('',(3.,-0.15,0.));
#6336 = VECTOR('',#6337,1.);
#6337 = DIRECTION('',(3.445092848398E-16,1.,0.));
#6338 = PLANE('',#6339);
#6339 = AXIS2_PLACEMENT_3D('',#6340,#6341,#6342);
#6340 = CARTESIAN_POINT('',(3.,0.15,0.));
#6341 = DIRECTION('',(0.,0.,-1.));
#6342 = DIRECTION('',(-3.445092848398E-16,-1.,-0.));
#6343 = ADVANCED_FACE('',(#6344),#6350,.F.);
#6344 = FACE_BOUND('',#6345,.F.);
#6345 = EDGE_LOOP('',(#6346,#6347,#6348,#6349));
#6346 = ORIENTED_EDGE('',*,*,#4542,.T.);
#6347 = ORIENTED_EDGE('',*,*,#6021,.T.);
#6348 = ORIENTED_EDGE('',*,*,#4403,.F.);
#6349 = ORIENTED_EDGE('',*,*,#6333,.F.);
#6350 = PLANE('',#6351);
#6351 = AXIS2_PLACEMENT_3D('',#6352,#6353,#6354);
#6352 = CARTESIAN_POINT('',(3.,-0.15,0.));
#6353 = DIRECTION('',(-1.,3.445092848398E-16,0.));
#6354 = DIRECTION('',(3.445092848398E-16,1.,0.));
#6355 = ADVANCED_FACE('',(#6356),#6367,.T.);
#6356 = FACE_BOUND('',#6357,.F.);
#6357 = EDGE_LOOP('',(#6358,#6359,#6360,#6361));
#6358 = ORIENTED_EDGE('',*,*,#4556,.T.);
#6359 = ORIENTED_EDGE('',*,*,#4508,.T.);
#6360 = ORIENTED_EDGE('',*,*,#4433,.T.);
#6361 = ORIENTED_EDGE('',*,*,#6362,.T.);
#6362 = EDGE_CURVE('',#4436,#4557,#6363,.T.);
#6363 = LINE('',#6364,#6365);
#6364 = CARTESIAN_POINT('',(-0.15,-3.,0.));
#6365 = VECTOR('',#6366,1.);
#6366 = DIRECTION('',(1.,-5.665538897648E-16,0.));
#6367 = PLANE('',#6368);
#6368 = AXIS2_PLACEMENT_3D('',#6369,#6370,#6371);
#6369 = CARTESIAN_POINT('',(0.15,-3.,0.));
#6370 = DIRECTION('',(0.,0.,-1.));
#6371 = DIRECTION('',(-1.,5.665538897648E-16,0.));
#6372 = ADVANCED_FACE('',(#6373),#6379,.F.);
#6373 = FACE_BOUND('',#6374,.F.);
#6374 = EDGE_LOOP('',(#6375,#6376,#6377,#6378));
#6375 = ORIENTED_EDGE('',*,*,#4459,.T.);
#6376 = ORIENTED_EDGE('',*,*,#6140,.T.);
#6377 = ORIENTED_EDGE('',*,*,#4564,.F.);
#6378 = ORIENTED_EDGE('',*,*,#6362,.F.);
#6379 = PLANE('',#6380);
#6380 = AXIS2_PLACEMENT_3D('',#6381,#6382,#6383);
#6381 = CARTESIAN_POINT('',(-0.15,-3.,0.));
#6382 = DIRECTION('',(5.665538897648E-16,1.,0.));
#6383 = DIRECTION('',(1.,-5.665538897648E-16,0.));
#6384 = ADVANCED_FACE('',(#6385),#6396,.T.);
#6385 = FACE_BOUND('',#6386,.F.);
#6386 = EDGE_LOOP('',(#6387,#6388,#6389,#6390));
#6387 = ORIENTED_EDGE('',*,*,#4589,.T.);
#6388 = ORIENTED_EDGE('',*,*,#4679,.T.);
#6389 = ORIENTED_EDGE('',*,*,#4719,.T.);
#6390 = ORIENTED_EDGE('',*,*,#6391,.T.);
#6391 = EDGE_CURVE('',#4720,#4590,#6392,.T.);
#6392 = LINE('',#6393,#6394);
#6393 = CARTESIAN_POINT('',(3.,-0.8,0.));
#6394 = VECTOR('',#6395,1.);
#6395 = DIRECTION('',(3.445092848398E-16,1.,0.));
#6396 = PLANE('',#6397);
#6397 = AXIS2_PLACEMENT_3D('',#6398,#6399,#6400);
#6398 = CARTESIAN_POINT('',(3.,-0.5,0.));
#6399 = DIRECTION('',(0.,0.,-1.));
#6400 = DIRECTION('',(-3.445092848398E-16,-1.,-0.));
#6401 = ADVANCED_FACE('',(#6402),#6408,.F.);
#6402 = FACE_BOUND('',#6403,.F.);
#6403 = EDGE_LOOP('',(#6404,#6405,#6406,#6407));
#6404 = ORIENTED_EDGE('',*,*,#4738,.T.);
#6405 = ORIENTED_EDGE('',*,*,#6004,.T.);
#6406 = ORIENTED_EDGE('',*,*,#4599,.F.);
#6407 = ORIENTED_EDGE('',*,*,#6391,.F.);
#6408 = PLANE('',#6409);
#6409 = AXIS2_PLACEMENT_3D('',#6410,#6411,#6412);
#6410 = CARTESIAN_POINT('',(3.,-0.8,0.));
#6411 = DIRECTION('',(-1.,3.445092848398E-16,0.));
#6412 = DIRECTION('',(3.445092848398E-16,1.,0.));
#6413 = ADVANCED_FACE('',(#6414),#6425,.T.);
#6414 = FACE_BOUND('',#6415,.F.);
#6415 = EDGE_LOOP('',(#6416,#6417,#6418,#6419));
#6416 = ORIENTED_EDGE('',*,*,#4752,.T.);
#6417 = ORIENTED_EDGE('',*,*,#4704,.T.);
#6418 = ORIENTED_EDGE('',*,*,#4629,.T.);
#6419 = ORIENTED_EDGE('',*,*,#6420,.T.);
#6420 = EDGE_CURVE('',#4632,#4753,#6421,.T.);
#6421 = LINE('',#6422,#6423);
#6422 = CARTESIAN_POINT('',(0.5,-3.,0.));
#6423 = VECTOR('',#6424,1.);
#6424 = DIRECTION('',(1.,-5.665538897648E-16,0.));
#6425 = PLANE('',#6426);
#6426 = AXIS2_PLACEMENT_3D('',#6427,#6428,#6429);
#6427 = CARTESIAN_POINT('',(0.8,-3.,0.));
#6428 = DIRECTION('',(0.,0.,-1.));
#6429 = DIRECTION('',(-1.,5.665538897648E-16,0.));
#6430 = ADVANCED_FACE('',(#6431),#6437,.F.);
#6431 = FACE_BOUND('',#6432,.F.);
#6432 = EDGE_LOOP('',(#6433,#6434,#6435,#6436));
#6433 = ORIENTED_EDGE('',*,*,#4655,.T.);
#6434 = ORIENTED_EDGE('',*,*,#6106,.T.);
#6435 = ORIENTED_EDGE('',*,*,#4760,.F.);
#6436 = ORIENTED_EDGE('',*,*,#6420,.F.);
#6437 = PLANE('',#6438);
#6438 = AXIS2_PLACEMENT_3D('',#6439,#6440,#6441);
#6439 = CARTESIAN_POINT('',(0.5,-3.,0.));
#6440 = DIRECTION('',(5.665538897648E-16,1.,0.));
#6441 = DIRECTION('',(1.,-5.665538897648E-16,0.));
#6442 = ADVANCED_FACE('',(#6443),#6454,.T.);
#6443 = FACE_BOUND('',#6444,.F.);
#6444 = EDGE_LOOP('',(#6445,#6446,#6447,#6448));
#6445 = ORIENTED_EDGE('',*,*,#4785,.T.);
#6446 = ORIENTED_EDGE('',*,*,#4875,.T.);
#6447 = ORIENTED_EDGE('',*,*,#4915,.T.);
#6448 = ORIENTED_EDGE('',*,*,#6449,.T.);
#6449 = EDGE_CURVE('',#4916,#4786,#6450,.T.);
#6450 = LINE('',#6451,#6452);
#6451 = CARTESIAN_POINT('',(3.,-1.45,0.));
#6452 = VECTOR('',#6453,1.);
#6453 = DIRECTION('',(3.445092848398E-16,1.,0.));
#6454 = PLANE('',#6455);
#6455 = AXIS2_PLACEMENT_3D('',#6456,#6457,#6458);
#6456 = CARTESIAN_POINT('',(3.,-1.15,0.));
#6457 = DIRECTION('',(0.,0.,-1.));
#6458 = DIRECTION('',(-3.445092848398E-16,-1.,-0.));
#6459 = ADVANCED_FACE('',(#6460),#6466,.F.);
#6460 = FACE_BOUND('',#6461,.F.);
#6461 = EDGE_LOOP('',(#6462,#6463,#6464,#6465));
#6462 = ORIENTED_EDGE('',*,*,#4934,.T.);
#6463 = ORIENTED_EDGE('',*,*,#5970,.T.);
#6464 = ORIENTED_EDGE('',*,*,#4795,.F.);
#6465 = ORIENTED_EDGE('',*,*,#6449,.F.);
#6466 = PLANE('',#6467);
#6467 = AXIS2_PLACEMENT_3D('',#6468,#6469,#6470);
#6468 = CARTESIAN_POINT('',(3.,-1.45,0.));
#6469 = DIRECTION('',(-1.,3.445092848398E-16,0.));
#6470 = DIRECTION('',(3.445092848398E-16,1.,0.));
#6471 = ADVANCED_FACE('',(#6472),#6483,.T.);
#6472 = FACE_BOUND('',#6473,.F.);
#6473 = EDGE_LOOP('',(#6474,#6475,#6476,#6477));
#6474 = ORIENTED_EDGE('',*,*,#4948,.T.);
#6475 = ORIENTED_EDGE('',*,*,#4900,.T.);
#6476 = ORIENTED_EDGE('',*,*,#4825,.T.);
#6477 = ORIENTED_EDGE('',*,*,#6478,.T.);
#6478 = EDGE_CURVE('',#4828,#4949,#6479,.T.);
#6479 = LINE('',#6480,#6481);
#6480 = CARTESIAN_POINT('',(1.15,-3.,0.));
#6481 = VECTOR('',#6482,1.);
#6482 = DIRECTION('',(1.,-5.665538897648E-16,0.));
#6483 = PLANE('',#6484);
#6484 = AXIS2_PLACEMENT_3D('',#6485,#6486,#6487);
#6485 = CARTESIAN_POINT('',(1.45,-3.,0.));
#6486 = DIRECTION('',(0.,0.,-1.));
#6487 = DIRECTION('',(-1.,5.665538897648E-16,0.));
#6488 = ADVANCED_FACE('',(#6489),#6495,.F.);
#6489 = FACE_BOUND('',#6490,.F.);
#6490 = EDGE_LOOP('',(#6491,#6492,#6493,#6494));
#6491 = ORIENTED_EDGE('',*,*,#4851,.T.);
#6492 = ORIENTED_EDGE('',*,*,#6072,.T.);
#6493 = ORIENTED_EDGE('',*,*,#4956,.F.);
#6494 = ORIENTED_EDGE('',*,*,#6478,.F.);
#6495 = PLANE('',#6496);
#6496 = AXIS2_PLACEMENT_3D('',#6497,#6498,#6499);
#6497 = CARTESIAN_POINT('',(1.15,-3.,0.));
#6498 = DIRECTION('',(5.665538897648E-16,1.,0.));
#6499 = DIRECTION('',(1.,-5.665538897648E-16,0.));
#6500 = ADVANCED_FACE('',(#6501),#6512,.T.);
#6501 = FACE_BOUND('',#6502,.F.);
#6502 = EDGE_LOOP('',(#6503,#6504,#6505,#6506));
#6503 = ORIENTED_EDGE('',*,*,#4981,.T.);
#6504 = ORIENTED_EDGE('',*,*,#5071,.T.);
#6505 = ORIENTED_EDGE('',*,*,#5111,.T.);
#6506 = ORIENTED_EDGE('',*,*,#6507,.T.);
#6507 = EDGE_CURVE('',#5112,#4982,#6508,.T.);
#6508 = LINE('',#6509,#6510);
#6509 = CARTESIAN_POINT('',(3.,-2.1,0.));
#6510 = VECTOR('',#6511,1.);
#6511 = DIRECTION('',(3.445092848398E-16,1.,0.));
#6512 = PLANE('',#6513);
#6513 = AXIS2_PLACEMENT_3D('',#6514,#6515,#6516);
#6514 = CARTESIAN_POINT('',(3.,-1.8,0.));
#6515 = DIRECTION('',(0.,0.,-1.));
#6516 = DIRECTION('',(-3.445092848398E-16,-1.,-0.));
#6517 = ADVANCED_FACE('',(#6518),#6524,.F.);
#6518 = FACE_BOUND('',#6519,.F.);
#6519 = EDGE_LOOP('',(#6520,#6521,#6522,#6523));
#6520 = ORIENTED_EDGE('',*,*,#5130,.T.);
#6521 = ORIENTED_EDGE('',*,*,#5936,.T.);
#6522 = ORIENTED_EDGE('',*,*,#4991,.F.);
#6523 = ORIENTED_EDGE('',*,*,#6507,.F.);
#6524 = PLANE('',#6525);
#6525 = AXIS2_PLACEMENT_3D('',#6526,#6527,#6528);
#6526 = CARTESIAN_POINT('',(3.,-2.1,0.));
#6527 = DIRECTION('',(-1.,3.445092848398E-16,0.));
#6528 = DIRECTION('',(3.445092848398E-16,1.,0.));
#6529 = ADVANCED_FACE('',(#6530),#6541,.T.);
#6530 = FACE_BOUND('',#6531,.F.);
#6531 = EDGE_LOOP('',(#6532,#6533,#6534,#6535));
#6532 = ORIENTED_EDGE('',*,*,#5144,.T.);
#6533 = ORIENTED_EDGE('',*,*,#5096,.T.);
#6534 = ORIENTED_EDGE('',*,*,#5021,.T.);
#6535 = ORIENTED_EDGE('',*,*,#6536,.T.);
#6536 = EDGE_CURVE('',#5024,#5145,#6537,.T.);
#6537 = LINE('',#6538,#6539);
#6538 = CARTESIAN_POINT('',(1.8,-3.,0.));
#6539 = VECTOR('',#6540,1.);
#6540 = DIRECTION('',(1.,-5.665538897648E-16,0.));
#6541 = PLANE('',#6542);
#6542 = AXIS2_PLACEMENT_3D('',#6543,#6544,#6545);
#6543 = CARTESIAN_POINT('',(2.1,-3.,0.));
#6544 = DIRECTION('',(0.,0.,-1.));
#6545 = DIRECTION('',(-1.,5.665538897648E-16,0.));
#6546 = ADVANCED_FACE('',(#6547),#6553,.F.);
#6547 = FACE_BOUND('',#6548,.F.);
#6548 = EDGE_LOOP('',(#6549,#6550,#6551,#6552));
#6549 = ORIENTED_EDGE('',*,*,#5047,.T.);
#6550 = ORIENTED_EDGE('',*,*,#6038,.T.);
#6551 = ORIENTED_EDGE('',*,*,#5152,.F.);
#6552 = ORIENTED_EDGE('',*,*,#6536,.F.);
#6553 = PLANE('',#6554);
#6554 = AXIS2_PLACEMENT_3D('',#6555,#6556,#6557);
#6555 = CARTESIAN_POINT('',(1.8,-3.,0.));
#6556 = DIRECTION('',(5.665538897648E-16,1.,0.));
#6557 = DIRECTION('',(1.,-5.665538897648E-16,0.));
#6558 = ADVANCED_FACE('',(#6559),#6566,.T.);
#6559 = FACE_BOUND('',#6560,.F.);
#6560 = EDGE_LOOP('',(#6561,#6562,#6563,#6564,#6565));
#6561 = ORIENTED_EDGE('',*,*,#5194,.T.);
#6562 = ORIENTED_EDGE('',*,*,#5218,.T.);
#6563 = ORIENTED_EDGE('',*,*,#5242,.T.);
#6564 = ORIENTED_EDGE('',*,*,#5266,.T.);
#6565 = ORIENTED_EDGE('',*,*,#5283,.T.);
#6566 = PLANE('',#6567);
#6567 = AXIS2_PLACEMENT_3D('',#6568,#6569,#6570);
#6568 = CARTESIAN_POINT('',(-2.275,2.075,0.));
#6569 = DIRECTION('',(0.,-0.,-1.));
#6570 = DIRECTION('',(2.22044604925E-16,1.,0.));
#6571 = ADVANCED_FACE('',(#6572),#6591,.F.);
#6572 = FACE_BOUND('',#6573,.F.);
#6573 = EDGE_LOOP('',(#6574,#6582,#6589,#6590));
#6574 = ORIENTED_EDGE('',*,*,#6575,.T.);
#6575 = EDGE_CURVE('',#5304,#6576,#6578,.T.);
#6576 = VERTEX_POINT('',#6577);
#6577 = CARTESIAN_POINT('',(-2.4,2.15,0.91));
#6578 = LINE('',#6579,#6580);
#6579 = CARTESIAN_POINT('',(-2.4,2.15,0.93));
#6580 = VECTOR('',#6581,1.);
#6581 = DIRECTION('',(-0.,0.,-1.));
#6582 = ORIENTED_EDGE('',*,*,#6583,.T.);
#6583 = EDGE_CURVE('',#6576,#6576,#6584,.T.);
#6584 = CIRCLE('',#6585,0.25);
#6585 = AXIS2_PLACEMENT_3D('',#6586,#6587,#6588);
#6586 = CARTESIAN_POINT('',(-2.4,2.4,0.91));
#6587 = DIRECTION('',(0.,0.,1.));
#6588 = DIRECTION('',(-2.22044604925E-16,-1.,0.));
#6589 = ORIENTED_EDGE('',*,*,#6575,.F.);
#6590 = ORIENTED_EDGE('',*,*,#5303,.T.);
#6591 = CYLINDRICAL_SURFACE('',#6592,0.25);
#6592 = AXIS2_PLACEMENT_3D('',#6593,#6594,#6595);
#6593 = CARTESIAN_POINT('',(-2.4,2.4,0.93));
#6594 = DIRECTION('',(0.,0.,-1.));
#6595 = DIRECTION('',(-2.22044604925E-16,-1.,-0.));
#6596 = ADVANCED_FACE('',(#6597),#6600,.T.);
#6597 = FACE_BOUND('',#6598,.T.);
#6598 = EDGE_LOOP('',(#6599));
#6599 = ORIENTED_EDGE('',*,*,#6583,.T.);
#6600 = PLANE('',#6601);
#6601 = AXIS2_PLACEMENT_3D('',#6602,#6603,#6604);
#6602 = CARTESIAN_POINT('',(-2.4,2.4,0.91));
#6603 = DIRECTION('',(0.,0.,1.));
#6604 = DIRECTION('',(-2.22044604925E-16,-1.,0.));
#6605 = ( GEOMETRIC_REPRESENTATION_CONTEXT(3) 
GLOBAL_UNCERTAINTY_ASSIGNED_CONTEXT((#6609)) 
GLOBAL_UNIT_ASSIGNED_CONTEXT((#6606,#6607,#6608)) REPRESENTATION_CONTEXT
('Context #1','3D Context with UNIT and UNCERTAINTY') );
#6606 = ( LENGTH_UNIT() NAMED_UNIT(*) SI_UNIT(.MILLI.,.METRE.) );
#6607 = ( NAMED_UNIT(*) PLANE_ANGLE_UNIT() SI_UNIT($,.RADIAN.) );
#6608 = ( NAMED_UNIT(*) SI_UNIT($,.STERADIAN.) SOLID_ANGLE_UNIT() );
#6609 = UNCERTAINTY_MEASURE_WITH_UNIT(LENGTH_MEASURE(1.E-07),#6606,
  'distance_accuracy_value','confusion accuracy');
#6610 = CONTEXT_DEPENDENT_SHAPE_REPRESENTATION(#6611,#6613);
#6611 = ( REPRESENTATION_RELATIONSHIP('','',#634,#611) 
REPRESENTATION_RELATIONSHIP_WITH_TRANSFORMATION(#6612) 
SHAPE_REPRESENTATION_RELATIONSHIP() );
#6612 = ITEM_DEFINED_TRANSFORMATION('','',#11,#612);
#6613 = PRODUCT_DEFINITION_SHAPE('Placement','Placement of an item',
  #6614);
#6614 = NEXT_ASSEMBLY_USAGE_OCCURRENCE('11','=>[0:1:1:5]','',#606,#629,$
  );
#6615 = PRODUCT_RELATED_PRODUCT_CATEGORY('part',$,(#631));
#6616 = CONTEXT_DEPENDENT_SHAPE_REPRESENTATION(#6617,#6619);
#6617 = ( REPRESENTATION_RELATIONSHIP('','',#236,#10) 
REPRESENTATION_RELATIONSHIP_WITH_TRANSFORMATION(#6618) 
SHAPE_REPRESENTATION_RELATIONSHIP() );
#6618 = ITEM_DEFINED_TRANSFORMATION('','',#11,#55);
#6619 = PRODUCT_DEFINITION_SHAPE('Placement','Placement of an item',
  #6620);
#6620 = NEXT_ASSEMBLY_USAGE_OCCURRENCE('13','D25','',#5,#231,$);
#6621 = CONTEXT_DEPENDENT_SHAPE_REPRESENTATION(#6622,#6624);
#6622 = ( REPRESENTATION_RELATIONSHIP('','',#236,#10) 
REPRESENTATION_RELATIONSHIP_WITH_TRANSFORMATION(#6623) 
SHAPE_REPRESENTATION_RELATIONSHIP() );
#6623 = ITEM_DEFINED_TRANSFORMATION('','',#11,#59);
#6624 = PRODUCT_DEFINITION_SHAPE('Placement','Placement of an item',
  #6625);
#6625 = NEXT_ASSEMBLY_USAGE_OCCURRENCE('14','D15','',#5,#231,$);
#6626 = CONTEXT_DEPENDENT_SHAPE_REPRESENTATION(#6627,#6629);
#6627 = ( REPRESENTATION_RELATIONSHIP('','',#236,#10) 
REPRESENTATION_RELATIONSHIP_WITH_TRANSFORMATION(#6628) 
SHAPE_REPRESENTATION_RELATIONSHIP() );
#6628 = ITEM_DEFINED_TRANSFORMATION('','',#11,#63);
#6629 = PRODUCT_DEFINITION_SHAPE('Placement','Placement of an item',
  #6630);
#6630 = NEXT_ASSEMBLY_USAGE_OCCURRENCE('15','D23','',#5,#231,$);
#6631 = CONTEXT_DEPENDENT_SHAPE_REPRESENTATION(#6632,#6634);
#6632 = ( REPRESENTATION_RELATIONSHIP('','',#236,#10) 
REPRESENTATION_RELATIONSHIP_WITH_TRANSFORMATION(#6633) 
SHAPE_REPRESENTATION_RELATIONSHIP() );
#6633 = ITEM_DEFINED_TRANSFORMATION('','',#11,#67);
#6634 = PRODUCT_DEFINITION_SHAPE('Placement','Placement of an item',
  #6635);
#6635 = NEXT_ASSEMBLY_USAGE_OCCURRENCE('16','D41','',#5,#231,$);
#6636 = CONTEXT_DEPENDENT_SHAPE_REPRESENTATION(#6637,#6639);
#6637 = ( REPRESENTATION_RELATIONSHIP('','',#236,#10) 
REPRESENTATION_RELATIONSHIP_WITH_TRANSFORMATION(#6638) 
SHAPE_REPRESENTATION_RELATIONSHIP() );
#6638 = ITEM_DEFINED_TRANSFORMATION('','',#11,#71);
#6639 = PRODUCT_DEFINITION_SHAPE('Placement','Placement of an item',
  #6640);
#6640 = NEXT_ASSEMBLY_USAGE_OCCURRENCE('17','D47','',#5,#231,$);
#6641 = CONTEXT_DEPENDENT_SHAPE_REPRESENTATION(#6642,#6644);
#6642 = ( REPRESENTATION_RELATIONSHIP('','',#236,#10) 
REPRESENTATION_RELATIONSHIP_WITH_TRANSFORMATION(#6643) 
SHAPE_REPRESENTATION_RELATIONSHIP() );
#6643 = ITEM_DEFINED_TRANSFORMATION('','',#11,#75);
#6644 = PRODUCT_DEFINITION_SHAPE('Placement','Placement of an item',
  #6645);
#6645 = NEXT_ASSEMBLY_USAGE_OCCURRENCE('18','D8','',#5,#231,$);
#6646 = CONTEXT_DEPENDENT_SHAPE_REPRESENTATION(#6647,#6649);
#6647 = ( REPRESENTATION_RELATIONSHIP('','',#236,#10) 
REPRESENTATION_RELATIONSHIP_WITH_TRANSFORMATION(#6648) 
SHAPE_REPRESENTATION_RELATIONSHIP() );
#6648 = ITEM_DEFINED_TRANSFORMATION('','',#11,#79);
#6649 = PRODUCT_DEFINITION_SHAPE('Placement','Placement of an item',
  #6650);
#6650 = NEXT_ASSEMBLY_USAGE_OCCURRENCE('19','D37','',#5,#231,$);
#6651 = CONTEXT_DEPENDENT_SHAPE_REPRESENTATION(#6652,#6654);
#6652 = ( REPRESENTATION_RELATIONSHIP('','',#236,#10) 
REPRESENTATION_RELATIONSHIP_WITH_TRANSFORMATION(#6653) 
SHAPE_REPRESENTATION_RELATIONSHIP() );
#6653 = ITEM_DEFINED_TRANSFORMATION('','',#11,#83);
#6654 = PRODUCT_DEFINITION_SHAPE('Placement','Placement of an item',
  #6655);
#6655 = NEXT_ASSEMBLY_USAGE_OCCURRENCE('20','D29','',#5,#231,$);
#6656 = CONTEXT_DEPENDENT_SHAPE_REPRESENTATION(#6657,#6659);
#6657 = ( REPRESENTATION_RELATIONSHIP('','',#236,#10) 
REPRESENTATION_RELATIONSHIP_WITH_TRANSFORMATION(#6658) 
SHAPE_REPRESENTATION_RELATIONSHIP() );
#6658 = ITEM_DEFINED_TRANSFORMATION('','',#11,#87);
#6659 = PRODUCT_DEFINITION_SHAPE('Placement','Placement of an item',
  #6660);
#6660 = NEXT_ASSEMBLY_USAGE_OCCURRENCE('21','D45','',#5,#231,$);
#6661 = CONTEXT_DEPENDENT_SHAPE_REPRESENTATION(#6662,#6664);
#6662 = ( REPRESENTATION_RELATIONSHIP('','',#236,#10) 
REPRESENTATION_RELATIONSHIP_WITH_TRANSFORMATION(#6663) 
SHAPE_REPRESENTATION_RELATIONSHIP() );
#6663 = ITEM_DEFINED_TRANSFORMATION('','',#11,#91);
#6664 = PRODUCT_DEFINITION_SHAPE('Placement','Placement of an item',
  #6665);
#6665 = NEXT_ASSEMBLY_USAGE_OCCURRENCE('22','D6','',#5,#231,$);
#6666 = CONTEXT_DEPENDENT_SHAPE_REPRESENTATION(#6667,#6669);
#6667 = ( REPRESENTATION_RELATIONSHIP('','',#236,#10) 
REPRESENTATION_RELATIONSHIP_WITH_TRANSFORMATION(#6668) 
SHAPE_REPRESENTATION_RELATIONSHIP() );
#6668 = ITEM_DEFINED_TRANSFORMATION('','',#11,#95);
#6669 = PRODUCT_DEFINITION_SHAPE('Placement','Placement of an item',
  #6670);
#6670 = NEXT_ASSEMBLY_USAGE_OCCURRENCE('23','D48','',#5,#231,$);
#6671 = CONTEXT_DEPENDENT_SHAPE_REPRESENTATION(#6672,#6674);
#6672 = ( REPRESENTATION_RELATIONSHIP('','',#236,#10) 
REPRESENTATION_RELATIONSHIP_WITH_TRANSFORMATION(#6673) 
SHAPE_REPRESENTATION_RELATIONSHIP() );
#6673 = ITEM_DEFINED_TRANSFORMATION('','',#11,#99);
#6674 = PRODUCT_DEFINITION_SHAPE('Placement','Placement of an item',
  #6675);
#6675 = NEXT_ASSEMBLY_USAGE_OCCURRENCE('24','D28','',#5,#231,$);
#6676 = CONTEXT_DEPENDENT_SHAPE_REPRESENTATION(#6677,#6679);
#6677 = ( REPRESENTATION_RELATIONSHIP('','',#236,#10) 
REPRESENTATION_RELATIONSHIP_WITH_TRANSFORMATION(#6678) 
SHAPE_REPRESENTATION_RELATIONSHIP() );
#6678 = ITEM_DEFINED_TRANSFORMATION('','',#11,#103);
#6679 = PRODUCT_DEFINITION_SHAPE('Placement','Placement of an item',
  #6680);
#6680 = NEXT_ASSEMBLY_USAGE_OCCURRENCE('25','D35','',#5,#231,$);
#6681 = CONTEXT_DEPENDENT_SHAPE_REPRESENTATION(#6682,#6684);
#6682 = ( REPRESENTATION_RELATIONSHIP('','',#236,#10) 
REPRESENTATION_RELATIONSHIP_WITH_TRANSFORMATION(#6683) 
SHAPE_REPRESENTATION_RELATIONSHIP() );
#6683 = ITEM_DEFINED_TRANSFORMATION('','',#11,#107);
#6684 = PRODUCT_DEFINITION_SHAPE('Placement','Placement of an item',
  #6685);
#6685 = NEXT_ASSEMBLY_USAGE_OCCURRENCE('26','D24','',#5,#231,$);
#6686 = CONTEXT_DEPENDENT_SHAPE_REPRESENTATION(#6687,#6689);
#6687 = ( REPRESENTATION_RELATIONSHIP('','',#236,#10) 
REPRESENTATION_RELATIONSHIP_WITH_TRANSFORMATION(#6688) 
SHAPE_REPRESENTATION_RELATIONSHIP() );
#6688 = ITEM_DEFINED_TRANSFORMATION('','',#11,#111);
#6689 = PRODUCT_DEFINITION_SHAPE('Placement','Placement of an item',
  #6690);
#6690 = NEXT_ASSEMBLY_USAGE_OCCURRENCE('27','D7','',#5,#231,$);
#6691 = CONTEXT_DEPENDENT_SHAPE_REPRESENTATION(#6692,#6694);
#6692 = ( REPRESENTATION_RELATIONSHIP('','',#236,#10) 
REPRESENTATION_RELATIONSHIP_WITH_TRANSFORMATION(#6693) 
SHAPE_REPRESENTATION_RELATIONSHIP() );
#6693 = ITEM_DEFINED_TRANSFORMATION('','',#11,#115);
#6694 = PRODUCT_DEFINITION_SHAPE('Placement','Placement of an item',
  #6695);
#6695 = NEXT_ASSEMBLY_USAGE_OCCURRENCE('28','D18','',#5,#231,$);
#6696 = CONTEXT_DEPENDENT_SHAPE_REPRESENTATION(#6697,#6699);
#6697 = ( REPRESENTATION_RELATIONSHIP('','',#236,#10) 
REPRESENTATION_RELATIONSHIP_WITH_TRANSFORMATION(#6698) 
SHAPE_REPRESENTATION_RELATIONSHIP() );
#6698 = ITEM_DEFINED_TRANSFORMATION('','',#11,#119);
#6699 = PRODUCT_DEFINITION_SHAPE('Placement','Placement of an item',
  #6700);
#6700 = NEXT_ASSEMBLY_USAGE_OCCURRENCE('29','D27','',#5,#231,$);
#6701 = CONTEXT_DEPENDENT_SHAPE_REPRESENTATION(#6702,#6704);
#6702 = ( REPRESENTATION_RELATIONSHIP('','',#236,#10) 
REPRESENTATION_RELATIONSHIP_WITH_TRANSFORMATION(#6703) 
SHAPE_REPRESENTATION_RELATIONSHIP() );
#6703 = ITEM_DEFINED_TRANSFORMATION('','',#11,#123);
#6704 = PRODUCT_DEFINITION_SHAPE('Placement','Placement of an item',
  #6705);
#6705 = NEXT_ASSEMBLY_USAGE_OCCURRENCE('30','D49','',#5,#231,$);
#6706 = CONTEXT_DEPENDENT_SHAPE_REPRESENTATION(#6707,#6709);
#6707 = ( REPRESENTATION_RELATIONSHIP('','',#236,#10) 
REPRESENTATION_RELATIONSHIP_WITH_TRANSFORMATION(#6708) 
SHAPE_REPRESENTATION_RELATIONSHIP() );
#6708 = ITEM_DEFINED_TRANSFORMATION('','',#11,#127);
#6709 = PRODUCT_DEFINITION_SHAPE('Placement','Placement of an item',
  #6710);
#6710 = NEXT_ASSEMBLY_USAGE_OCCURRENCE('31','D10','',#5,#231,$);
#6711 = CONTEXT_DEPENDENT_SHAPE_REPRESENTATION(#6712,#6714);
#6712 = ( REPRESENTATION_RELATIONSHIP('','',#236,#10) 
REPRESENTATION_RELATIONSHIP_WITH_TRANSFORMATION(#6713) 
SHAPE_REPRESENTATION_RELATIONSHIP() );
#6713 = ITEM_DEFINED_TRANSFORMATION('','',#11,#131);
#6714 = PRODUCT_DEFINITION_SHAPE('Placement','Placement of an item',
  #6715);
#6715 = NEXT_ASSEMBLY_USAGE_OCCURRENCE('32','D14','',#5,#231,$);
#6716 = CONTEXT_DEPENDENT_SHAPE_REPRESENTATION(#6717,#6719);
#6717 = ( REPRESENTATION_RELATIONSHIP('','',#236,#10) 
REPRESENTATION_RELATIONSHIP_WITH_TRANSFORMATION(#6718) 
SHAPE_REPRESENTATION_RELATIONSHIP() );
#6718 = ITEM_DEFINED_TRANSFORMATION('','',#11,#135);
#6719 = PRODUCT_DEFINITION_SHAPE('Placement','Placement of an item',
  #6720);
#6720 = NEXT_ASSEMBLY_USAGE_OCCURRENCE('33','D3','',#5,#231,$);
#6721 = CONTEXT_DEPENDENT_SHAPE_REPRESENTATION(#6722,#6724);
#6722 = ( REPRESENTATION_RELATIONSHIP('','',#236,#10) 
REPRESENTATION_RELATIONSHIP_WITH_TRANSFORMATION(#6723) 
SHAPE_REPRESENTATION_RELATIONSHIP() );
#6723 = ITEM_DEFINED_TRANSFORMATION('','',#11,#139);
#6724 = PRODUCT_DEFINITION_SHAPE('Placement','Placement of an item',
  #6725);
#6725 = NEXT_ASSEMBLY_USAGE_OCCURRENCE('34','D44','',#5,#231,$);
#6726 = CONTEXT_DEPENDENT_SHAPE_REPRESENTATION(#6727,#6729);
#6727 = ( REPRESENTATION_RELATIONSHIP('','',#236,#10) 
REPRESENTATION_RELATIONSHIP_WITH_TRANSFORMATION(#6728) 
SHAPE_REPRESENTATION_RELATIONSHIP() );
#6728 = ITEM_DEFINED_TRANSFORMATION('','',#11,#143);
#6729 = PRODUCT_DEFINITION_SHAPE('Placement','Placement of an item',
  #6730);
#6730 = NEXT_ASSEMBLY_USAGE_OCCURRENCE('35','D34','',#5,#231,$);
#6731 = CONTEXT_DEPENDENT_SHAPE_REPRESENTATION(#6732,#6734);
#6732 = ( REPRESENTATION_RELATIONSHIP('','',#236,#10) 
REPRESENTATION_RELATIONSHIP_WITH_TRANSFORMATION(#6733) 
SHAPE_REPRESENTATION_RELATIONSHIP() );
#6733 = ITEM_DEFINED_TRANSFORMATION('','',#11,#147);
#6734 = PRODUCT_DEFINITION_SHAPE('Placement','Placement of an item',
  #6735);
#6735 = NEXT_ASSEMBLY_USAGE_OCCURRENCE('36','D16','',#5,#231,$);
#6736 = CONTEXT_DEPENDENT_SHAPE_REPRESENTATION(#6737,#6739);
#6737 = ( REPRESENTATION_RELATIONSHIP('','',#236,#10) 
REPRESENTATION_RELATIONSHIP_WITH_TRANSFORMATION(#6738) 
SHAPE_REPRESENTATION_RELATIONSHIP() );
#6738 = ITEM_DEFINED_TRANSFORMATION('','',#11,#151);
#6739 = PRODUCT_DEFINITION_SHAPE('Placement','Placement of an item',
  #6740);
#6740 = NEXT_ASSEMBLY_USAGE_OCCURRENCE('37','D46','',#5,#231,$);
#6741 = CONTEXT_DEPENDENT_SHAPE_REPRESENTATION(#6742,#6744);
#6742 = ( REPRESENTATION_RELATIONSHIP('','',#236,#10) 
REPRESENTATION_RELATIONSHIP_WITH_TRANSFORMATION(#6743) 
SHAPE_REPRESENTATION_RELATIONSHIP() );
#6743 = ITEM_DEFINED_TRANSFORMATION('','',#11,#155);
#6744 = PRODUCT_DEFINITION_SHAPE('Placement','Placement of an item',
  #6745);
#6745 = NEXT_ASSEMBLY_USAGE_OCCURRENCE('38','D12','',#5,#231,$);
#6746 = CONTEXT_DEPENDENT_SHAPE_REPRESENTATION(#6747,#6749);
#6747 = ( REPRESENTATION_RELATIONSHIP('','',#236,#10) 
REPRESENTATION_RELATIONSHIP_WITH_TRANSFORMATION(#6748) 
SHAPE_REPRESENTATION_RELATIONSHIP() );
#6748 = ITEM_DEFINED_TRANSFORMATION('','',#11,#159);
#6749 = PRODUCT_DEFINITION_SHAPE('Placement','Placement of an item',
  #6750);
#6750 = NEXT_ASSEMBLY_USAGE_OCCURRENCE('39','D33','',#5,#231,$);
#6751 = CONTEXT_DEPENDENT_SHAPE_REPRESENTATION(#6752,#6754);
#6752 = ( REPRESENTATION_RELATIONSHIP('','',#236,#10) 
REPRESENTATION_RELATIONSHIP_WITH_TRANSFORMATION(#6753) 
SHAPE_REPRESENTATION_RELATIONSHIP() );
#6753 = ITEM_DEFINED_TRANSFORMATION('','',#11,#163);
#6754 = PRODUCT_DEFINITION_SHAPE('Placement','Placement of an item',
  #6755);
#6755 = NEXT_ASSEMBLY_USAGE_OCCURRENCE('40','D2','',#5,#231,$);
#6756 = CONTEXT_DEPENDENT_SHAPE_REPRESENTATION(#6757,#6759);
#6757 = ( REPRESENTATION_RELATIONSHIP('','',#236,#10) 
REPRESENTATION_RELATIONSHIP_WITH_TRANSFORMATION(#6758) 
SHAPE_REPRESENTATION_RELATIONSHIP() );
#6758 = ITEM_DEFINED_TRANSFORMATION('','',#11,#167);
#6759 = PRODUCT_DEFINITION_SHAPE('Placement','Placement of an item',
  #6760);
#6760 = NEXT_ASSEMBLY_USAGE_OCCURRENCE('41','D5','',#5,#231,$);
#6761 = CONTEXT_DEPENDENT_SHAPE_REPRESENTATION(#6762,#6764);
#6762 = ( REPRESENTATION_RELATIONSHIP('','',#236,#10) 
REPRESENTATION_RELATIONSHIP_WITH_TRANSFORMATION(#6763) 
SHAPE_REPRESENTATION_RELATIONSHIP() );
#6763 = ITEM_DEFINED_TRANSFORMATION('','',#11,#171);
#6764 = PRODUCT_DEFINITION_SHAPE('Placement','Placement of an item',
  #6765);
#6765 = NEXT_ASSEMBLY_USAGE_OCCURRENCE('42','D38','',#5,#231,$);
#6766 = CONTEXT_DEPENDENT_SHAPE_REPRESENTATION(#6767,#6769);
#6767 = ( REPRESENTATION_RELATIONSHIP('','',#236,#10) 
REPRESENTATION_RELATIONSHIP_WITH_TRANSFORMATION(#6768) 
SHAPE_REPRESENTATION_RELATIONSHIP() );
#6768 = ITEM_DEFINED_TRANSFORMATION('','',#11,#175);
#6769 = PRODUCT_DEFINITION_SHAPE('Placement','Placement of an item',
  #6770);
#6770 = NEXT_ASSEMBLY_USAGE_OCCURRENCE('43','D17','',#5,#231,$);
#6771 = CONTEXT_DEPENDENT_SHAPE_REPRESENTATION(#6772,#6774);
#6772 = ( REPRESENTATION_RELATIONSHIP('','',#236,#10) 
REPRESENTATION_RELATIONSHIP_WITH_TRANSFORMATION(#6773) 
SHAPE_REPRESENTATION_RELATIONSHIP() );
#6773 = ITEM_DEFINED_TRANSFORMATION('','',#11,#179);
#6774 = PRODUCT_DEFINITION_SHAPE('Placement','Placement of an item',
  #6775);
#6775 = NEXT_ASSEMBLY_USAGE_OCCURRENCE('44','D40','',#5,#231,$);
#6776 = CONTEXT_DEPENDENT_SHAPE_REPRESENTATION(#6777,#6779);
#6777 = ( REPRESENTATION_RELATIONSHIP('','',#236,#10) 
REPRESENTATION_RELATIONSHIP_WITH_TRANSFORMATION(#6778) 
SHAPE_REPRESENTATION_RELATIONSHIP() );
#6778 = ITEM_DEFINED_TRANSFORMATION('','',#11,#183);
#6779 = PRODUCT_DEFINITION_SHAPE('Placement','Placement of an item',
  #6780);
#6780 = NEXT_ASSEMBLY_USAGE_OCCURRENCE('45','D26','',#5,#231,$);
#6781 = CONTEXT_DEPENDENT_SHAPE_REPRESENTATION(#6782,#6784);
#6782 = ( REPRESENTATION_RELATIONSHIP('','',#236,#10) 
REPRESENTATION_RELATIONSHIP_WITH_TRANSFORMATION(#6783) 
SHAPE_REPRESENTATION_RELATIONSHIP() );
#6783 = ITEM_DEFINED_TRANSFORMATION('','',#11,#187);
#6784 = PRODUCT_DEFINITION_SHAPE('Placement','Placement of an item',
  #6785);
#6785 = NEXT_ASSEMBLY_USAGE_OCCURRENCE('46','D43','',#5,#231,$);
#6786 = CONTEXT_DEPENDENT_SHAPE_REPRESENTATION(#6787,#6789);
#6787 = ( REPRESENTATION_RELATIONSHIP('','',#236,#10) 
REPRESENTATION_RELATIONSHIP_WITH_TRANSFORMATION(#6788) 
SHAPE_REPRESENTATION_RELATIONSHIP() );
#6788 = ITEM_DEFINED_TRANSFORMATION('','',#11,#191);
#6789 = PRODUCT_DEFINITION_SHAPE('Placement','Placement of an item',
  #6790);
#6790 = NEXT_ASSEMBLY_USAGE_OCCURRENCE('47','D51','',#5,#231,$);
#6791 = CONTEXT_DEPENDENT_SHAPE_REPRESENTATION(#6792,#6794);
#6792 = ( REPRESENTATION_RELATIONSHIP('','',#236,#10) 
REPRESENTATION_RELATIONSHIP_WITH_TRANSFORMATION(#6793) 
SHAPE_REPRESENTATION_RELATIONSHIP() );
#6793 = ITEM_DEFINED_TRANSFORMATION('','',#11,#195);
#6794 = PRODUCT_DEFINITION_SHAPE('Placement','Placement of an item',
  #6795);
#6795 = NEXT_ASSEMBLY_USAGE_OCCURRENCE('48','D4','',#5,#231,$);
#6796 = CONTEXT_DEPENDENT_SHAPE_REPRESENTATION(#6797,#6799);
#6797 = ( REPRESENTATION_RELATIONSHIP('','',#236,#10) 
REPRESENTATION_RELATIONSHIP_WITH_TRANSFORMATION(#6798) 
SHAPE_REPRESENTATION_RELATIONSHIP() );
#6798 = ITEM_DEFINED_TRANSFORMATION('','',#11,#199);
#6799 = PRODUCT_DEFINITION_SHAPE('Placement','Placement of an item',
  #6800);
#6800 = NEXT_ASSEMBLY_USAGE_OCCURRENCE('49','D50','',#5,#231,$);
#6801 = CONTEXT_DEPENDENT_SHAPE_REPRESENTATION(#6802,#6804);
#6802 = ( REPRESENTATION_RELATIONSHIP('','',#236,#10) 
REPRESENTATION_RELATIONSHIP_WITH_TRANSFORMATION(#6803) 
SHAPE_REPRESENTATION_RELATIONSHIP() );
#6803 = ITEM_DEFINED_TRANSFORMATION('','',#11,#203);
#6804 = PRODUCT_DEFINITION_SHAPE('Placement','Placement of an item',
  #6805);
#6805 = NEXT_ASSEMBLY_USAGE_OCCURRENCE('50','D30','',#5,#231,$);
#6806 = CONTEXT_DEPENDENT_SHAPE_REPRESENTATION(#6807,#6809);
#6807 = ( REPRESENTATION_RELATIONSHIP('','',#236,#10) 
REPRESENTATION_RELATIONSHIP_WITH_TRANSFORMATION(#6808) 
SHAPE_REPRESENTATION_RELATIONSHIP() );
#6808 = ITEM_DEFINED_TRANSFORMATION('','',#11,#207);
#6809 = PRODUCT_DEFINITION_SHAPE('Placement','Placement of an item',
  #6810);
#6810 = NEXT_ASSEMBLY_USAGE_OCCURRENCE('51','D9','',#5,#231,$);
#6811 = CONTEXT_DEPENDENT_SHAPE_REPRESENTATION(#6812,#6814);
#6812 = ( REPRESENTATION_RELATIONSHIP('','',#236,#10) 
REPRESENTATION_RELATIONSHIP_WITH_TRANSFORMATION(#6813) 
SHAPE_REPRESENTATION_RELATIONSHIP() );
#6813 = ITEM_DEFINED_TRANSFORMATION('','',#11,#211);
#6814 = PRODUCT_DEFINITION_SHAPE('Placement','Placement of an item',
  #6815);
#6815 = NEXT_ASSEMBLY_USAGE_OCCURRENCE('52','D13','',#5,#231,$);
#6816 = CONTEXT_DEPENDENT_SHAPE_REPRESENTATION(#6817,#6819);
#6817 = ( REPRESENTATION_RELATIONSHIP('','',#236,#10) 
REPRESENTATION_RELATIONSHIP_WITH_TRANSFORMATION(#6818) 
SHAPE_REPRESENTATION_RELATIONSHIP() );
#6818 = ITEM_DEFINED_TRANSFORMATION('','',#11,#215);
#6819 = PRODUCT_DEFINITION_SHAPE('Placement','Placement of an item',
  #6820);
#6820 = NEXT_ASSEMBLY_USAGE_OCCURRENCE('53','D20','',#5,#231,$);
#6821 = SHAPE_DEFINITION_REPRESENTATION(#6822,#6828);
#6822 = PRODUCT_DEFINITION_SHAPE('','',#6823);
#6823 = PRODUCT_DEFINITION('design','',#6824,#6827);
#6824 = PRODUCT_DEFINITION_FORMATION('','',#6825);
#6825 = PRODUCT('cyberdeck radio_PCB','cyberdeck radio_PCB','',(#6826));
#6826 = PRODUCT_CONTEXT('',#2,'mechanical');
#6827 = PRODUCT_DEFINITION_CONTEXT('part definition',#2,'design');
#6828 = ADVANCED_BREP_SHAPE_REPRESENTATION('',(#11,#6829),#16885);
#6829 = MANIFOLD_SOLID_BREP('',#6830);
#6830 = CLOSED_SHELL('',(#6831,#6871,#6902,#6933,#9744,#12555,#12567,
    #12584,#12601,#12618,#12635,#12652,#12669,#12686,#12703,#12720,
    #12737,#12754,#12771,#12788,#12805,#12822,#12839,#12856,#12873,
    #12890,#12907,#12924,#12941,#12958,#12975,#12992,#13009,#13026,
    #13043,#13060,#13077,#13094,#13111,#13128,#13145,#13162,#13179,
    #13196,#13213,#13230,#13247,#13264,#13281,#13298,#13315,#13332,
    #13349,#13366,#13383,#13400,#13417,#13434,#13451,#13468,#13485,
    #13502,#13519,#13536,#13553,#13570,#13587,#13604,#13621,#13638,
    #13655,#13672,#13689,#13706,#13723,#13740,#13757,#13774,#13791,
    #13808,#13825,#13842,#13859,#13876,#13893,#13910,#13927,#13944,
    #13961,#13978,#13995,#14012,#14029,#14046,#14063,#14080,#14097,
    #14114,#14131,#14148,#14165,#14182,#14199,#14216,#14233,#14250,
    #14267,#14284,#14301,#14318,#14335,#14352,#14369,#14386,#14403,
    #14420,#14437,#14454,#14471,#14488,#14505,#14522,#14539,#14556,
    #14573,#14590,#14607,#14624,#14641,#14658,#14675,#14692,#14709,
    #14726,#14743,#14760,#14777,#14794,#14811,#14828,#14845,#14862,
    #14879,#14896,#14913,#14930,#14947,#14964,#14981,#14998,#15015,
    #15032,#15049,#15066,#15083,#15100,#15117,#15134,#15151,#15168,
    #15185,#15202,#15219,#15236,#15253,#15270,#15287,#15304,#15321,
    #15338,#15355,#15372,#15389,#15406,#15423,#15440,#15457,#15474,
    #15491,#15508,#15525,#15542,#15559,#15576,#15593,#15610,#15627,
    #15644,#15661,#15678,#15695,#15712,#15729,#15746,#15763,#15780,
    #15797,#15814,#15831,#15848,#15865,#15882,#15899,#15916,#15933,
    #15950,#15967,#15984,#16001,#16018,#16035,#16052,#16069,#16086,
    #16103,#16120,#16137,#16154,#16171,#16188,#16205,#16222,#16239,
    #16256,#16273,#16290,#16307,#16324,#16341,#16358,#16375,#16392,
    #16409,#16426,#16443,#16460,#16477,#16494,#16511,#16528,#16545,
    #16562,#16579,#16596,#16613,#16630,#16647,#16664,#16681,#16698,
    #16715,#16732,#16749,#16766,#16783,#16800,#16817,#16834,#16851,
    #16868));
#6831 = ADVANCED_FACE('',(#6832),#6866,.T.);
#6832 = FACE_BOUND('',#6833,.T.);
#6833 = EDGE_LOOP('',(#6834,#6844,#6852,#6860));
#6834 = ORIENTED_EDGE('',*,*,#6835,.T.);
#6835 = EDGE_CURVE('',#6836,#6838,#6840,.T.);
#6836 = VERTEX_POINT('',#6837);
#6837 = CARTESIAN_POINT('',(237.5,-158.,0.));
#6838 = VERTEX_POINT('',#6839);
#6839 = CARTESIAN_POINT('',(237.5,-158.,1.51));
#6840 = LINE('',#6841,#6842);
#6841 = CARTESIAN_POINT('',(237.5,-158.,0.));
#6842 = VECTOR('',#6843,1.);
#6843 = DIRECTION('',(0.,0.,1.));
#6844 = ORIENTED_EDGE('',*,*,#6845,.T.);
#6845 = EDGE_CURVE('',#6838,#6846,#6848,.T.);
#6846 = VERTEX_POINT('',#6847);
#6847 = CARTESIAN_POINT('',(23.041201,-158.,1.51));
#6848 = LINE('',#6849,#6850);
#6849 = CARTESIAN_POINT('',(237.5,-158.,1.51));
#6850 = VECTOR('',#6851,1.);
#6851 = DIRECTION('',(-1.,0.,0.));
#6852 = ORIENTED_EDGE('',*,*,#6853,.F.);
#6853 = EDGE_CURVE('',#6854,#6846,#6856,.T.);
#6854 = VERTEX_POINT('',#6855);
#6855 = CARTESIAN_POINT('',(23.041201,-158.,0.));
#6856 = LINE('',#6857,#6858);
#6857 = CARTESIAN_POINT('',(23.041201,-158.,0.));
#6858 = VECTOR('',#6859,1.);
#6859 = DIRECTION('',(0.,0.,1.));
#6860 = ORIENTED_EDGE('',*,*,#6861,.F.);
#6861 = EDGE_CURVE('',#6836,#6854,#6862,.T.);
#6862 = LINE('',#6863,#6864);
#6863 = CARTESIAN_POINT('',(237.5,-158.,0.));
#6864 = VECTOR('',#6865,1.);
#6865 = DIRECTION('',(-1.,0.,0.));
#6866 = PLANE('',#6867);
#6867 = AXIS2_PLACEMENT_3D('',#6868,#6869,#6870);
#6868 = CARTESIAN_POINT('',(237.5,-158.,0.));
#6869 = DIRECTION('',(0.,-1.,0.));
#6870 = DIRECTION('',(-1.,0.,0.));
#6871 = ADVANCED_FACE('',(#6872),#6897,.T.);
#6872 = FACE_BOUND('',#6873,.T.);
#6873 = EDGE_LOOP('',(#6874,#6884,#6890,#6891));
#6874 = ORIENTED_EDGE('',*,*,#6875,.T.);
#6875 = EDGE_CURVE('',#6876,#6878,#6880,.T.);
#6876 = VERTEX_POINT('',#6877);
#6877 = CARTESIAN_POINT('',(237.5,-41.696668,0.));
#6878 = VERTEX_POINT('',#6879);
#6879 = CARTESIAN_POINT('',(237.5,-41.696668,1.51));
#6880 = LINE('',#6881,#6882);
#6881 = CARTESIAN_POINT('',(237.5,-41.696668,0.));
#6882 = VECTOR('',#6883,1.);
#6883 = DIRECTION('',(0.,0.,1.));
#6884 = ORIENTED_EDGE('',*,*,#6885,.T.);
#6885 = EDGE_CURVE('',#6878,#6838,#6886,.T.);
#6886 = LINE('',#6887,#6888);
#6887 = CARTESIAN_POINT('',(237.5,-41.696668,1.51));
#6888 = VECTOR('',#6889,1.);
#6889 = DIRECTION('',(0.,-1.,0.));
#6890 = ORIENTED_EDGE('',*,*,#6835,.F.);
#6891 = ORIENTED_EDGE('',*,*,#6892,.F.);
#6892 = EDGE_CURVE('',#6876,#6836,#6893,.T.);
#6893 = LINE('',#6894,#6895);
#6894 = CARTESIAN_POINT('',(237.5,-41.696668,0.));
#6895 = VECTOR('',#6896,1.);
#6896 = DIRECTION('',(0.,-1.,0.));
#6897 = PLANE('',#6898);
#6898 = AXIS2_PLACEMENT_3D('',#6899,#6900,#6901);
#6899 = CARTESIAN_POINT('',(237.5,-41.696668,0.));
#6900 = DIRECTION('',(1.,0.,-0.));
#6901 = DIRECTION('',(0.,-1.,0.));
#6902 = ADVANCED_FACE('',(#6903),#6928,.T.);
#6903 = FACE_BOUND('',#6904,.T.);
#6904 = EDGE_LOOP('',(#6905,#6906,#6914,#6922));
#6905 = ORIENTED_EDGE('',*,*,#6853,.T.);
#6906 = ORIENTED_EDGE('',*,*,#6907,.T.);
#6907 = EDGE_CURVE('',#6846,#6908,#6910,.T.);
#6908 = VERTEX_POINT('',#6909);
#6909 = CARTESIAN_POINT('',(23.041201,-41.696668,1.51));
#6910 = LINE('',#6911,#6912);
#6911 = CARTESIAN_POINT('',(23.041201,-158.,1.51));
#6912 = VECTOR('',#6913,1.);
#6913 = DIRECTION('',(0.,1.,0.));
#6914 = ORIENTED_EDGE('',*,*,#6915,.F.);
#6915 = EDGE_CURVE('',#6916,#6908,#6918,.T.);
#6916 = VERTEX_POINT('',#6917);
#6917 = CARTESIAN_POINT('',(23.041201,-41.696668,0.));
#6918 = LINE('',#6919,#6920);
#6919 = CARTESIAN_POINT('',(23.041201,-41.696668,0.));
#6920 = VECTOR('',#6921,1.);
#6921 = DIRECTION('',(0.,0.,1.));
#6922 = ORIENTED_EDGE('',*,*,#6923,.F.);
#6923 = EDGE_CURVE('',#6854,#6916,#6924,.T.);
#6924 = LINE('',#6925,#6926);
#6925 = CARTESIAN_POINT('',(23.041201,-158.,0.));
#6926 = VECTOR('',#6927,1.);
#6927 = DIRECTION('',(0.,1.,0.));
#6928 = PLANE('',#6929);
#6929 = AXIS2_PLACEMENT_3D('',#6930,#6931,#6932);
#6930 = CARTESIAN_POINT('',(23.041201,-158.,0.));
#6931 = DIRECTION('',(-1.,0.,0.));
#6932 = DIRECTION('',(0.,1.,0.));
#6933 = ADVANCED_FACE('',(#6934,#6945,#6956,#6967,#6978,#6989,#7000,
    #7011,#7022,#7033,#7044,#7055,#7066,#7077,#7088,#7099,#7110,#7121,
    #7132,#7143,#7154,#7165,#7176,#7187,#7198,#7209,#7220,#7231,#7242,
    #7253,#7264,#7275,#7286,#7297,#7308,#7319,#7330,#7341,#7352,#7363,
    #7374,#7385,#7396,#7407,#7418,#7429,#7440,#7451,#7462,#7473,#7484,
    #7495,#7506,#7517,#7528,#7539,#7550,#7561,#7572,#7583,#7594,#7605,
    #7616,#7627,#7638,#7649,#7660,#7671,#7682,#7693,#7704,#7715,#7726,
    #7737,#7748,#7759,#7770,#7781,#7792,#7803,#7814,#7825,#7836,#7847,
    #7858,#7869,#7880,#7891,#7902,#7913,#7924,#7935,#7946,#7957,#7968,
    #7979,#7990,#8001,#8012,#8023,#8034,#8045,#8056,#8067,#8078,#8089,
    #8100,#8111,#8122,#8133,#8144,#8155,#8166,#8177,#8188,#8199,#8210,
    #8221,#8232,#8243,#8254,#8265,#8276,#8287,#8298,#8309,#8320,#8331,
    #8342,#8353,#8364,#8375,#8386,#8397,#8408,#8419,#8430,#8441,#8452,
    #8463,#8474,#8485,#8496,#8507,#8518,#8529,#8540,#8551,#8562,#8573,
    #8584,#8595,#8606,#8617,#8628,#8639,#8650,#8661,#8672,#8683,#8694,
    #8705,#8716,#8727,#8738,#8749,#8760,#8771,#8782,#8793,#8804,#8815,
    #8826,#8837,#8848,#8859,#8870,#8881,#8892,#8903,#8914,#8925,#8936,
    #8947,#8958,#8969,#8980,#8991,#9002,#9013,#9024,#9035,#9046,#9057,
    #9068,#9079,#9090,#9101,#9112,#9123,#9134,#9145,#9156,#9167,#9178,
    #9189,#9200,#9211,#9222,#9233,#9244,#9255,#9266,#9277,#9288,#9299,
    #9310,#9321,#9332,#9343,#9354,#9365,#9376,#9387,#9398,#9409,#9420,
    #9431,#9442,#9453,#9464,#9475,#9486,#9497,#9508,#9519,#9530,#9541,
    #9552,#9563,#9574,#9585,#9596,#9607,#9618,#9629,#9640,#9651,#9662,
    #9673,#9684,#9695,#9706,#9717,#9728),#9739,.F.);
#6934 = FACE_BOUND('',#6935,.F.);
#6935 = EDGE_LOOP('',(#6936,#6937,#6938,#6944));
#6936 = ORIENTED_EDGE('',*,*,#6861,.F.);
#6937 = ORIENTED_EDGE('',*,*,#6892,.F.);
#6938 = ORIENTED_EDGE('',*,*,#6939,.F.);
#6939 = EDGE_CURVE('',#6916,#6876,#6940,.T.);
#6940 = LINE('',#6941,#6942);
#6941 = CARTESIAN_POINT('',(23.041201,-41.696668,0.));
#6942 = VECTOR('',#6943,1.);
#6943 = DIRECTION('',(1.,0.,0.));
#6944 = ORIENTED_EDGE('',*,*,#6923,.F.);
#6945 = FACE_BOUND('',#6946,.F.);
#6946 = EDGE_LOOP('',(#6947));
#6947 = ORIENTED_EDGE('',*,*,#6948,.T.);
#6948 = EDGE_CURVE('',#6949,#6949,#6951,.T.);
#6949 = VERTEX_POINT('',#6950);
#6950 = CARTESIAN_POINT('',(25.5,-156.55,0.));
#6951 = CIRCLE('',#6952,1.05);
#6952 = AXIS2_PLACEMENT_3D('',#6953,#6954,#6955);
#6953 = CARTESIAN_POINT('',(25.5,-155.5,0.));
#6954 = DIRECTION('',(-0.,0.,-1.));
#6955 = DIRECTION('',(-0.,-1.,0.));
#6956 = FACE_BOUND('',#6957,.F.);
#6957 = EDGE_LOOP('',(#6958));
#6958 = ORIENTED_EDGE('',*,*,#6959,.T.);
#6959 = EDGE_CURVE('',#6960,#6960,#6962,.T.);
#6960 = VERTEX_POINT('',#6961);
#6961 = CARTESIAN_POINT('',(32.294647,-145.370471,0.));
#6962 = CIRCLE('',#6963,0.85);
#6963 = AXIS2_PLACEMENT_3D('',#6964,#6965,#6966);
#6964 = CARTESIAN_POINT('',(32.294647,-144.520471,0.));
#6965 = DIRECTION('',(-0.,0.,-1.));
#6966 = DIRECTION('',(-0.,-1.,0.));
#6967 = FACE_BOUND('',#6968,.F.);
#6968 = EDGE_LOOP('',(#6969));
#6969 = ORIENTED_EDGE('',*,*,#6970,.T.);
#6970 = EDGE_CURVE('',#6971,#6971,#6973,.T.);
#6971 = VERTEX_POINT('',#6972);
#6972 = CARTESIAN_POINT('',(37.374647,-146.520471,0.));
#6973 = CIRCLE('',#6974,2.);
#6974 = AXIS2_PLACEMENT_3D('',#6975,#6976,#6977);
#6975 = CARTESIAN_POINT('',(37.374647,-144.520471,0.));
#6976 = DIRECTION('',(-0.,0.,-1.));
#6977 = DIRECTION('',(-0.,-1.,0.));
#6978 = FACE_BOUND('',#6979,.F.);
#6979 = EDGE_LOOP('',(#6980));
#6980 = ORIENTED_EDGE('',*,*,#6981,.T.);
#6981 = EDGE_CURVE('',#6982,#6982,#6984,.T.);
#6982 = VERTEX_POINT('',#6983);
#6983 = CARTESIAN_POINT('',(42.454647,-145.370471,0.));
#6984 = CIRCLE('',#6985,0.85);
#6985 = AXIS2_PLACEMENT_3D('',#6986,#6987,#6988);
#6986 = CARTESIAN_POINT('',(42.454647,-144.520471,0.));
#6987 = DIRECTION('',(-0.,0.,-1.));
#6988 = DIRECTION('',(-0.,-1.,0.));
#6989 = FACE_BOUND('',#6990,.F.);
#6990 = EDGE_LOOP('',(#6991));
#6991 = ORIENTED_EDGE('',*,*,#6992,.T.);
#6992 = EDGE_CURVE('',#6993,#6993,#6995,.T.);
#6993 = VERTEX_POINT('',#6994);
#6994 = CARTESIAN_POINT('',(51.810974,-145.005068,0.));
#6995 = CIRCLE('',#6996,0.85);
#6996 = AXIS2_PLACEMENT_3D('',#6997,#6998,#6999);
#6997 = CARTESIAN_POINT('',(51.810974,-144.155068,0.));
#6998 = DIRECTION('',(-0.,0.,-1.));
#6999 = DIRECTION('',(-0.,-1.,0.));
#7000 = FACE_BOUND('',#7001,.F.);
#7001 = EDGE_LOOP('',(#7002));
#7002 = ORIENTED_EDGE('',*,*,#7003,.T.);
#7003 = EDGE_CURVE('',#7004,#7004,#7006,.T.);
#7004 = VERTEX_POINT('',#7005);
#7005 = CARTESIAN_POINT('',(56.890974,-146.155068,0.));
#7006 = CIRCLE('',#7007,2.);
#7007 = AXIS2_PLACEMENT_3D('',#7008,#7009,#7010);
#7008 = CARTESIAN_POINT('',(56.890974,-144.155068,0.));
#7009 = DIRECTION('',(-0.,0.,-1.));
#7010 = DIRECTION('',(-0.,-1.,0.));
#7011 = FACE_BOUND('',#7012,.F.);
#7012 = EDGE_LOOP('',(#7013));
#7013 = ORIENTED_EDGE('',*,*,#7014,.T.);
#7014 = EDGE_CURVE('',#7015,#7015,#7017,.T.);
#7015 = VERTEX_POINT('',#7016);
#7016 = CARTESIAN_POINT('',(61.970974,-145.005068,0.));
#7017 = CIRCLE('',#7018,0.85);
#7018 = AXIS2_PLACEMENT_3D('',#7019,#7020,#7021);
#7019 = CARTESIAN_POINT('',(61.970974,-144.155068,0.));
#7020 = DIRECTION('',(-0.,0.,-1.));
#7021 = DIRECTION('',(-0.,-1.,0.));
#7022 = FACE_BOUND('',#7023,.F.);
#7023 = EDGE_LOOP('',(#7024));
#7024 = ORIENTED_EDGE('',*,*,#7025,.T.);
#7025 = EDGE_CURVE('',#7026,#7026,#7028,.T.);
#7026 = VERTEX_POINT('',#7027);
#7027 = CARTESIAN_POINT('',(71.549802,-145.573792,0.));
#7028 = CIRCLE('',#7029,0.85);
#7029 = AXIS2_PLACEMENT_3D('',#7030,#7031,#7032);
#7030 = CARTESIAN_POINT('',(71.549802,-144.723792,0.));
#7031 = DIRECTION('',(-0.,0.,-1.));
#7032 = DIRECTION('',(-0.,-1.,0.));
#7033 = FACE_BOUND('',#7034,.F.);
#7034 = EDGE_LOOP('',(#7035));
#7035 = ORIENTED_EDGE('',*,*,#7036,.T.);
#7036 = EDGE_CURVE('',#7037,#7037,#7039,.T.);
#7037 = VERTEX_POINT('',#7038);
#7038 = CARTESIAN_POINT('',(76.629802,-146.723792,0.));
#7039 = CIRCLE('',#7040,2.);
#7040 = AXIS2_PLACEMENT_3D('',#7041,#7042,#7043);
#7041 = CARTESIAN_POINT('',(76.629802,-144.723792,0.));
#7042 = DIRECTION('',(-0.,0.,-1.));
#7043 = DIRECTION('',(-0.,-1.,0.));
#7044 = FACE_BOUND('',#7045,.F.);
#7045 = EDGE_LOOP('',(#7046));
#7046 = ORIENTED_EDGE('',*,*,#7047,.T.);
#7047 = EDGE_CURVE('',#7048,#7048,#7050,.T.);
#7048 = VERTEX_POINT('',#7049);
#7049 = CARTESIAN_POINT('',(33.564647,-142.730471,0.));
#7050 = CIRCLE('',#7051,0.75);
#7051 = AXIS2_PLACEMENT_3D('',#7052,#7053,#7054);
#7052 = CARTESIAN_POINT('',(33.564647,-141.980471,0.));
#7053 = DIRECTION('',(-0.,0.,-1.));
#7054 = DIRECTION('',(-0.,-1.,0.));
#7055 = FACE_BOUND('',#7056,.F.);
#7056 = EDGE_LOOP('',(#7057));
#7057 = ORIENTED_EDGE('',*,*,#7058,.T.);
#7058 = EDGE_CURVE('',#7059,#7059,#7061,.T.);
#7059 = VERTEX_POINT('',#7060);
#7060 = CARTESIAN_POINT('',(39.914647,-140.190471,0.));
#7061 = CIRCLE('',#7062,0.75);
#7062 = AXIS2_PLACEMENT_3D('',#7063,#7064,#7065);
#7063 = CARTESIAN_POINT('',(39.914647,-139.440471,0.));
#7064 = DIRECTION('',(-0.,0.,-1.));
#7065 = DIRECTION('',(-0.,-1.,0.));
#7066 = FACE_BOUND('',#7067,.F.);
#7067 = EDGE_LOOP('',(#7068));
#7068 = ORIENTED_EDGE('',*,*,#7069,.T.);
#7069 = EDGE_CURVE('',#7070,#7070,#7072,.T.);
#7070 = VERTEX_POINT('',#7071);
#7071 = CARTESIAN_POINT('',(53.080974,-142.365068,0.));
#7072 = CIRCLE('',#7073,0.75);
#7073 = AXIS2_PLACEMENT_3D('',#7074,#7075,#7076);
#7074 = CARTESIAN_POINT('',(53.080974,-141.615068,0.));
#7075 = DIRECTION('',(-0.,0.,-1.));
#7076 = DIRECTION('',(-0.,-1.,0.));
#7077 = FACE_BOUND('',#7078,.F.);
#7078 = EDGE_LOOP('',(#7079));
#7079 = ORIENTED_EDGE('',*,*,#7080,.T.);
#7080 = EDGE_CURVE('',#7081,#7081,#7083,.T.);
#7081 = VERTEX_POINT('',#7082);
#7082 = CARTESIAN_POINT('',(59.430974,-139.825068,0.));
#7083 = CIRCLE('',#7084,0.75);
#7084 = AXIS2_PLACEMENT_3D('',#7085,#7086,#7087);
#7085 = CARTESIAN_POINT('',(59.430974,-139.075068,0.));
#7086 = DIRECTION('',(-0.,0.,-1.));
#7087 = DIRECTION('',(-0.,-1.,0.));
#7088 = FACE_BOUND('',#7089,.F.);
#7089 = EDGE_LOOP('',(#7090));
#7090 = ORIENTED_EDGE('',*,*,#7091,.T.);
#7091 = EDGE_CURVE('',#7092,#7092,#7094,.T.);
#7092 = VERTEX_POINT('',#7093);
#7093 = CARTESIAN_POINT('',(72.819802,-142.933792,0.));
#7094 = CIRCLE('',#7095,0.75);
#7095 = AXIS2_PLACEMENT_3D('',#7096,#7097,#7098);
#7096 = CARTESIAN_POINT('',(72.819802,-142.183792,0.));
#7097 = DIRECTION('',(-0.,0.,-1.));
#7098 = DIRECTION('',(-0.,-1.,0.));
#7099 = FACE_BOUND('',#7100,.F.);
#7100 = EDGE_LOOP('',(#7101));
#7101 = ORIENTED_EDGE('',*,*,#7102,.T.);
#7102 = EDGE_CURVE('',#7103,#7103,#7105,.T.);
#7103 = VERTEX_POINT('',#7104);
#7104 = CARTESIAN_POINT('',(81.709802,-145.573792,0.));
#7105 = CIRCLE('',#7106,0.85);
#7106 = AXIS2_PLACEMENT_3D('',#7107,#7108,#7109);
#7107 = CARTESIAN_POINT('',(81.709802,-144.723792,0.));
#7108 = DIRECTION('',(-0.,0.,-1.));
#7109 = DIRECTION('',(-0.,-1.,0.));
#7110 = FACE_BOUND('',#7111,.F.);
#7111 = EDGE_LOOP('',(#7112));
#7112 = ORIENTED_EDGE('',*,*,#7113,.T.);
#7113 = EDGE_CURVE('',#7114,#7114,#7116,.T.);
#7114 = VERTEX_POINT('',#7115);
#7115 = CARTESIAN_POINT('',(91.161773,-145.283131,0.));
#7116 = CIRCLE('',#7117,0.85);
#7117 = AXIS2_PLACEMENT_3D('',#7118,#7119,#7120);
#7118 = CARTESIAN_POINT('',(91.161773,-144.433131,0.));
#7119 = DIRECTION('',(-0.,0.,-1.));
#7120 = DIRECTION('',(-1.671865260612E-14,-1.,0.));
#7121 = FACE_BOUND('',#7122,.F.);
#7122 = EDGE_LOOP('',(#7123));
#7123 = ORIENTED_EDGE('',*,*,#7124,.T.);
#7124 = EDGE_CURVE('',#7125,#7125,#7127,.T.);
#7125 = VERTEX_POINT('',#7126);
#7126 = CARTESIAN_POINT('',(96.241773,-146.433131,0.));
#7127 = CIRCLE('',#7128,2.);
#7128 = AXIS2_PLACEMENT_3D('',#7129,#7130,#7131);
#7129 = CARTESIAN_POINT('',(96.241773,-144.433131,0.));
#7130 = DIRECTION('',(-0.,0.,-1.));
#7131 = DIRECTION('',(-0.,-1.,0.));
#7132 = FACE_BOUND('',#7133,.F.);
#7133 = EDGE_LOOP('',(#7134));
#7134 = ORIENTED_EDGE('',*,*,#7135,.T.);
#7135 = EDGE_CURVE('',#7136,#7136,#7138,.T.);
#7136 = VERTEX_POINT('',#7137);
#7137 = CARTESIAN_POINT('',(101.321773,-145.283131,0.));
#7138 = CIRCLE('',#7139,0.85);
#7139 = AXIS2_PLACEMENT_3D('',#7140,#7141,#7142);
#7140 = CARTESIAN_POINT('',(101.321773,-144.433131,0.));
#7141 = DIRECTION('',(-0.,0.,-1.));
#7142 = DIRECTION('',(-1.671865260612E-14,-1.,0.));
#7143 = FACE_BOUND('',#7144,.F.);
#7144 = EDGE_LOOP('',(#7145));
#7145 = ORIENTED_EDGE('',*,*,#7146,.T.);
#7146 = EDGE_CURVE('',#7147,#7147,#7149,.T.);
#7147 = VERTEX_POINT('',#7148);
#7148 = CARTESIAN_POINT('',(110.592662,-145.122986,0.));
#7149 = CIRCLE('',#7150,0.85);
#7150 = AXIS2_PLACEMENT_3D('',#7151,#7152,#7153);
#7151 = CARTESIAN_POINT('',(110.592662,-144.272986,0.));
#7152 = DIRECTION('',(-0.,0.,-1.));
#7153 = DIRECTION('',(1.671865260612E-14,-1.,-0.));
#7154 = FACE_BOUND('',#7155,.F.);
#7155 = EDGE_LOOP('',(#7156));
#7156 = ORIENTED_EDGE('',*,*,#7157,.T.);
#7157 = EDGE_CURVE('',#7158,#7158,#7160,.T.);
#7158 = VERTEX_POINT('',#7159);
#7159 = CARTESIAN_POINT('',(115.672662,-146.272986,0.));
#7160 = CIRCLE('',#7161,2.);
#7161 = AXIS2_PLACEMENT_3D('',#7162,#7163,#7164);
#7162 = CARTESIAN_POINT('',(115.672662,-144.272986,0.));
#7163 = DIRECTION('',(-0.,0.,-1.));
#7164 = DIRECTION('',(-0.,-1.,0.));
#7165 = FACE_BOUND('',#7166,.F.);
#7166 = EDGE_LOOP('',(#7167));
#7167 = ORIENTED_EDGE('',*,*,#7168,.T.);
#7168 = EDGE_CURVE('',#7169,#7169,#7171,.T.);
#7169 = VERTEX_POINT('',#7170);
#7170 = CARTESIAN_POINT('',(120.752662,-145.122986,0.));
#7171 = CIRCLE('',#7172,0.85);
#7172 = AXIS2_PLACEMENT_3D('',#7173,#7174,#7175);
#7173 = CARTESIAN_POINT('',(120.752662,-144.272986,0.));
#7174 = DIRECTION('',(-0.,0.,-1.));
#7175 = DIRECTION('',(-0.,-1.,0.));
#7176 = FACE_BOUND('',#7177,.F.);
#7177 = EDGE_LOOP('',(#7178));
#7178 = ORIENTED_EDGE('',*,*,#7179,.T.);
#7179 = EDGE_CURVE('',#7180,#7180,#7182,.T.);
#7180 = VERTEX_POINT('',#7181);
#7181 = CARTESIAN_POINT('',(129.883991,-145.086108,0.));
#7182 = CIRCLE('',#7183,0.85);
#7183 = AXIS2_PLACEMENT_3D('',#7184,#7185,#7186);
#7184 = CARTESIAN_POINT('',(129.883991,-144.236108,0.));
#7185 = DIRECTION('',(-0.,0.,-1.));
#7186 = DIRECTION('',(3.343730521224E-14,-1.,-0.));
#7187 = FACE_BOUND('',#7188,.F.);
#7188 = EDGE_LOOP('',(#7189));
#7189 = ORIENTED_EDGE('',*,*,#7190,.T.);
#7190 = EDGE_CURVE('',#7191,#7191,#7193,.T.);
#7191 = VERTEX_POINT('',#7192);
#7192 = CARTESIAN_POINT('',(79.169802,-140.393792,0.));
#7193 = CIRCLE('',#7194,0.75);
#7194 = AXIS2_PLACEMENT_3D('',#7195,#7196,#7197);
#7195 = CARTESIAN_POINT('',(79.169802,-139.643792,0.));
#7196 = DIRECTION('',(-0.,0.,-1.));
#7197 = DIRECTION('',(-0.,-1.,0.));
#7198 = FACE_BOUND('',#7199,.F.);
#7199 = EDGE_LOOP('',(#7200));
#7200 = ORIENTED_EDGE('',*,*,#7201,.T.);
#7201 = EDGE_CURVE('',#7202,#7202,#7204,.T.);
#7202 = VERTEX_POINT('',#7203);
#7203 = CARTESIAN_POINT('',(92.431773,-142.643131,0.));
#7204 = CIRCLE('',#7205,0.75);
#7205 = AXIS2_PLACEMENT_3D('',#7206,#7207,#7208);
#7206 = CARTESIAN_POINT('',(92.431773,-141.893131,0.));
#7207 = DIRECTION('',(-0.,0.,-1.));
#7208 = DIRECTION('',(-0.,-1.,0.));
#7209 = FACE_BOUND('',#7210,.F.);
#7210 = EDGE_LOOP('',(#7211));
#7211 = ORIENTED_EDGE('',*,*,#7212,.T.);
#7212 = EDGE_CURVE('',#7213,#7213,#7215,.T.);
#7213 = VERTEX_POINT('',#7214);
#7214 = CARTESIAN_POINT('',(98.781773,-140.103131,0.));
#7215 = CIRCLE('',#7216,0.75);
#7216 = AXIS2_PLACEMENT_3D('',#7217,#7218,#7219);
#7217 = CARTESIAN_POINT('',(98.781773,-139.353131,0.));
#7218 = DIRECTION('',(-0.,0.,-1.));
#7219 = DIRECTION('',(-0.,-1.,0.));
#7220 = FACE_BOUND('',#7221,.F.);
#7221 = EDGE_LOOP('',(#7222));
#7222 = ORIENTED_EDGE('',*,*,#7223,.T.);
#7223 = EDGE_CURVE('',#7224,#7224,#7226,.T.);
#7224 = VERTEX_POINT('',#7225);
#7225 = CARTESIAN_POINT('',(111.862662,-142.482986,0.));
#7226 = CIRCLE('',#7227,0.75);
#7227 = AXIS2_PLACEMENT_3D('',#7228,#7229,#7230);
#7228 = CARTESIAN_POINT('',(111.862662,-141.732986,0.));
#7229 = DIRECTION('',(-0.,0.,-1.));
#7230 = DIRECTION('',(-0.,-1.,0.));
#7231 = FACE_BOUND('',#7232,.F.);
#7232 = EDGE_LOOP('',(#7233));
#7233 = ORIENTED_EDGE('',*,*,#7234,.T.);
#7234 = EDGE_CURVE('',#7235,#7235,#7237,.T.);
#7235 = VERTEX_POINT('',#7236);
#7236 = CARTESIAN_POINT('',(118.212662,-139.942986,0.));
#7237 = CIRCLE('',#7238,0.75);
#7238 = AXIS2_PLACEMENT_3D('',#7239,#7240,#7241);
#7239 = CARTESIAN_POINT('',(118.212662,-139.192986,0.));
#7240 = DIRECTION('',(-0.,0.,-1.));
#7241 = DIRECTION('',(-0.,-1.,0.));
#7242 = FACE_BOUND('',#7243,.F.);
#7243 = EDGE_LOOP('',(#7244));
#7244 = ORIENTED_EDGE('',*,*,#7245,.T.);
#7245 = EDGE_CURVE('',#7246,#7246,#7248,.T.);
#7246 = VERTEX_POINT('',#7247);
#7247 = CARTESIAN_POINT('',(43.236188,-124.815951,0.));
#7248 = CIRCLE('',#7249,0.85);
#7249 = AXIS2_PLACEMENT_3D('',#7250,#7251,#7252);
#7250 = CARTESIAN_POINT('',(43.236188,-123.965951,0.));
#7251 = DIRECTION('',(-0.,0.,-1.));
#7252 = DIRECTION('',(-0.,-1.,0.));
#7253 = FACE_BOUND('',#7254,.F.);
#7254 = EDGE_LOOP('',(#7255));
#7255 = ORIENTED_EDGE('',*,*,#7256,.T.);
#7256 = EDGE_CURVE('',#7257,#7257,#7259,.T.);
#7257 = VERTEX_POINT('',#7258);
#7258 = CARTESIAN_POINT('',(48.316188,-125.965951,0.));
#7259 = CIRCLE('',#7260,2.);
#7260 = AXIS2_PLACEMENT_3D('',#7261,#7262,#7263);
#7261 = CARTESIAN_POINT('',(48.316188,-123.965951,0.));
#7262 = DIRECTION('',(-0.,0.,-1.));
#7263 = DIRECTION('',(-0.,-1.,0.));
#7264 = FACE_BOUND('',#7265,.F.);
#7265 = EDGE_LOOP('',(#7266));
#7266 = ORIENTED_EDGE('',*,*,#7267,.T.);
#7267 = EDGE_CURVE('',#7268,#7268,#7270,.T.);
#7268 = VERTEX_POINT('',#7269);
#7269 = CARTESIAN_POINT('',(44.506188,-122.175951,0.));
#7270 = CIRCLE('',#7271,0.75);
#7271 = AXIS2_PLACEMENT_3D('',#7272,#7273,#7274);
#7272 = CARTESIAN_POINT('',(44.506188,-121.425951,0.));
#7273 = DIRECTION('',(-0.,0.,-1.));
#7274 = DIRECTION('',(-0.,-1.,0.));
#7275 = FACE_BOUND('',#7276,.F.);
#7276 = EDGE_LOOP('',(#7277));
#7277 = ORIENTED_EDGE('',*,*,#7278,.T.);
#7278 = EDGE_CURVE('',#7279,#7279,#7281,.T.);
#7279 = VERTEX_POINT('',#7280);
#7280 = CARTESIAN_POINT('',(53.396188,-124.815951,0.));
#7281 = CIRCLE('',#7282,0.85);
#7282 = AXIS2_PLACEMENT_3D('',#7283,#7284,#7285);
#7283 = CARTESIAN_POINT('',(53.396188,-123.965951,0.));
#7284 = DIRECTION('',(-0.,0.,-1.));
#7285 = DIRECTION('',(8.35932630306E-15,-1.,-0.));
#7286 = FACE_BOUND('',#7287,.F.);
#7287 = EDGE_LOOP('',(#7288));
#7288 = ORIENTED_EDGE('',*,*,#7289,.T.);
#7289 = EDGE_CURVE('',#7290,#7290,#7292,.T.);
#7290 = VERTEX_POINT('',#7291);
#7291 = CARTESIAN_POINT('',(62.83539,-124.58724,0.));
#7292 = CIRCLE('',#7293,0.85);
#7293 = AXIS2_PLACEMENT_3D('',#7294,#7295,#7296);
#7294 = CARTESIAN_POINT('',(62.83539,-123.73724,0.));
#7295 = DIRECTION('',(-0.,0.,-1.));
#7296 = DIRECTION('',(-8.35932630306E-15,-1.,0.));
#7297 = FACE_BOUND('',#7298,.F.);
#7298 = EDGE_LOOP('',(#7299));
#7299 = ORIENTED_EDGE('',*,*,#7300,.T.);
#7300 = EDGE_CURVE('',#7301,#7301,#7303,.T.);
#7301 = VERTEX_POINT('',#7302);
#7302 = CARTESIAN_POINT('',(67.91539,-125.73724,0.));
#7303 = CIRCLE('',#7304,2.);
#7304 = AXIS2_PLACEMENT_3D('',#7305,#7306,#7307);
#7305 = CARTESIAN_POINT('',(67.91539,-123.73724,0.));
#7306 = DIRECTION('',(-0.,0.,-1.));
#7307 = DIRECTION('',(-0.,-1.,0.));
#7308 = FACE_BOUND('',#7309,.F.);
#7309 = EDGE_LOOP('',(#7310));
#7310 = ORIENTED_EDGE('',*,*,#7311,.T.);
#7311 = EDGE_CURVE('',#7312,#7312,#7314,.T.);
#7312 = VERTEX_POINT('',#7313);
#7313 = CARTESIAN_POINT('',(64.10539,-121.94724,0.));
#7314 = CIRCLE('',#7315,0.75);
#7315 = AXIS2_PLACEMENT_3D('',#7316,#7317,#7318);
#7316 = CARTESIAN_POINT('',(64.10539,-121.19724,0.));
#7317 = DIRECTION('',(-0.,0.,-1.));
#7318 = DIRECTION('',(-0.,-1.,0.));
#7319 = FACE_BOUND('',#7320,.F.);
#7320 = EDGE_LOOP('',(#7321));
#7321 = ORIENTED_EDGE('',*,*,#7322,.T.);
#7322 = EDGE_CURVE('',#7323,#7323,#7325,.T.);
#7323 = VERTEX_POINT('',#7324);
#7324 = CARTESIAN_POINT('',(72.99539,-124.58724,0.));
#7325 = CIRCLE('',#7326,0.85);
#7326 = AXIS2_PLACEMENT_3D('',#7327,#7328,#7329);
#7327 = CARTESIAN_POINT('',(72.99539,-123.73724,0.));
#7328 = DIRECTION('',(-0.,0.,-1.));
#7329 = DIRECTION('',(-0.,-1.,0.));
#7330 = FACE_BOUND('',#7331,.F.);
#7331 = EDGE_LOOP('',(#7332));
#7332 = ORIENTED_EDGE('',*,*,#7333,.T.);
#7333 = EDGE_CURVE('',#7334,#7334,#7336,.T.);
#7334 = VERTEX_POINT('',#7335);
#7335 = CARTESIAN_POINT('',(50.856188,-119.635951,0.));
#7336 = CIRCLE('',#7337,0.75);
#7337 = AXIS2_PLACEMENT_3D('',#7338,#7339,#7340);
#7338 = CARTESIAN_POINT('',(50.856188,-118.885951,0.));
#7339 = DIRECTION('',(-0.,0.,-1.));
#7340 = DIRECTION('',(-0.,-1.,0.));
#7341 = FACE_BOUND('',#7342,.F.);
#7342 = EDGE_LOOP('',(#7343));
#7343 = ORIENTED_EDGE('',*,*,#7344,.T.);
#7344 = EDGE_CURVE('',#7345,#7345,#7347,.T.);
#7345 = VERTEX_POINT('',#7346);
#7346 = CARTESIAN_POINT('',(70.45539,-119.40724,0.));
#7347 = CIRCLE('',#7348,0.75);
#7348 = AXIS2_PLACEMENT_3D('',#7349,#7350,#7351);
#7349 = CARTESIAN_POINT('',(70.45539,-118.65724,0.));
#7350 = DIRECTION('',(-0.,0.,-1.));
#7351 = DIRECTION('',(-0.,-1.,0.));
#7352 = FACE_BOUND('',#7353,.F.);
#7353 = EDGE_LOOP('',(#7354));
#7354 = ORIENTED_EDGE('',*,*,#7355,.T.);
#7355 = EDGE_CURVE('',#7356,#7356,#7358,.T.);
#7356 = VERTEX_POINT('',#7357);
#7357 = CARTESIAN_POINT('',(32.443777,-102.907185,0.));
#7358 = CIRCLE('',#7359,0.85);
#7359 = AXIS2_PLACEMENT_3D('',#7360,#7361,#7362);
#7360 = CARTESIAN_POINT('',(32.443777,-102.057185,0.));
#7361 = DIRECTION('',(-0.,0.,-1.));
#7362 = DIRECTION('',(-0.,-1.,0.));
#7363 = FACE_BOUND('',#7364,.F.);
#7364 = EDGE_LOOP('',(#7365));
#7365 = ORIENTED_EDGE('',*,*,#7366,.T.);
#7366 = EDGE_CURVE('',#7367,#7367,#7369,.T.);
#7367 = VERTEX_POINT('',#7368);
#7368 = CARTESIAN_POINT('',(37.523777,-104.057185,0.));
#7369 = CIRCLE('',#7370,2.);
#7370 = AXIS2_PLACEMENT_3D('',#7371,#7372,#7373);
#7371 = CARTESIAN_POINT('',(37.523777,-102.057185,0.));
#7372 = DIRECTION('',(-0.,0.,-1.));
#7373 = DIRECTION('',(-0.,-1.,0.));
#7374 = FACE_BOUND('',#7375,.F.);
#7375 = EDGE_LOOP('',(#7376));
#7376 = ORIENTED_EDGE('',*,*,#7377,.T.);
#7377 = EDGE_CURVE('',#7378,#7378,#7380,.T.);
#7378 = VERTEX_POINT('',#7379);
#7379 = CARTESIAN_POINT('',(42.603777,-102.907185,0.));
#7380 = CIRCLE('',#7381,0.85);
#7381 = AXIS2_PLACEMENT_3D('',#7382,#7383,#7384);
#7382 = CARTESIAN_POINT('',(42.603777,-102.057185,0.));
#7383 = DIRECTION('',(-0.,0.,-1.));
#7384 = DIRECTION('',(-0.,-1.,0.));
#7385 = FACE_BOUND('',#7386,.F.);
#7386 = EDGE_LOOP('',(#7387));
#7387 = ORIENTED_EDGE('',*,*,#7388,.T.);
#7388 = EDGE_CURVE('',#7389,#7389,#7391,.T.);
#7389 = VERTEX_POINT('',#7390);
#7390 = CARTESIAN_POINT('',(51.941373,-103.018753,0.));
#7391 = CIRCLE('',#7392,0.85);
#7392 = AXIS2_PLACEMENT_3D('',#7393,#7394,#7395);
#7393 = CARTESIAN_POINT('',(51.941373,-102.168753,0.));
#7394 = DIRECTION('',(-0.,0.,-1.));
#7395 = DIRECTION('',(-0.,-1.,0.));
#7396 = FACE_BOUND('',#7397,.F.);
#7397 = EDGE_LOOP('',(#7398));
#7398 = ORIENTED_EDGE('',*,*,#7399,.T.);
#7399 = EDGE_CURVE('',#7400,#7400,#7402,.T.);
#7400 = VERTEX_POINT('',#7401);
#7401 = CARTESIAN_POINT('',(57.021373,-104.168753,0.));
#7402 = CIRCLE('',#7403,2.);
#7403 = AXIS2_PLACEMENT_3D('',#7404,#7405,#7406);
#7404 = CARTESIAN_POINT('',(57.021373,-102.168753,0.));
#7405 = DIRECTION('',(-0.,0.,-1.));
#7406 = DIRECTION('',(-0.,-1.,0.));
#7407 = FACE_BOUND('',#7408,.F.);
#7408 = EDGE_LOOP('',(#7409));
#7409 = ORIENTED_EDGE('',*,*,#7410,.T.);
#7410 = EDGE_CURVE('',#7411,#7411,#7413,.T.);
#7411 = VERTEX_POINT('',#7412);
#7412 = CARTESIAN_POINT('',(62.101373,-103.018753,0.));
#7413 = CIRCLE('',#7414,0.85);
#7414 = AXIS2_PLACEMENT_3D('',#7415,#7416,#7417);
#7415 = CARTESIAN_POINT('',(62.101373,-102.168753,0.));
#7416 = DIRECTION('',(-0.,0.,-1.));
#7417 = DIRECTION('',(8.35932630306E-15,-1.,-0.));
#7418 = FACE_BOUND('',#7419,.F.);
#7419 = EDGE_LOOP('',(#7420));
#7420 = ORIENTED_EDGE('',*,*,#7421,.T.);
#7421 = EDGE_CURVE('',#7422,#7422,#7424,.T.);
#7422 = VERTEX_POINT('',#7423);
#7423 = CARTESIAN_POINT('',(71.721748,-102.907185,0.));
#7424 = CIRCLE('',#7425,0.85);
#7425 = AXIS2_PLACEMENT_3D('',#7426,#7427,#7428);
#7426 = CARTESIAN_POINT('',(71.721748,-102.057185,0.));
#7427 = DIRECTION('',(-0.,0.,-1.));
#7428 = DIRECTION('',(1.671865260612E-14,-1.,-0.));
#7429 = FACE_BOUND('',#7430,.F.);
#7430 = EDGE_LOOP('',(#7431));
#7431 = ORIENTED_EDGE('',*,*,#7432,.T.);
#7432 = EDGE_CURVE('',#7433,#7433,#7435,.T.);
#7433 = VERTEX_POINT('',#7434);
#7434 = CARTESIAN_POINT('',(76.801748,-104.057185,0.));
#7435 = CIRCLE('',#7436,2.);
#7436 = AXIS2_PLACEMENT_3D('',#7437,#7438,#7439);
#7437 = CARTESIAN_POINT('',(76.801748,-102.057185,0.));
#7438 = DIRECTION('',(-0.,0.,-1.));
#7439 = DIRECTION('',(-0.,-1.,0.));
#7440 = FACE_BOUND('',#7441,.F.);
#7441 = EDGE_LOOP('',(#7442));
#7442 = ORIENTED_EDGE('',*,*,#7443,.T.);
#7443 = EDGE_CURVE('',#7444,#7444,#7446,.T.);
#7444 = VERTEX_POINT('',#7445);
#7445 = CARTESIAN_POINT('',(82.41207,-124.751232,0.));
#7446 = CIRCLE('',#7447,0.85);
#7447 = AXIS2_PLACEMENT_3D('',#7448,#7449,#7450);
#7448 = CARTESIAN_POINT('',(82.41207,-123.901232,0.));
#7449 = DIRECTION('',(-0.,0.,-1.));
#7450 = DIRECTION('',(-0.,-1.,0.));
#7451 = FACE_BOUND('',#7452,.F.);
#7452 = EDGE_LOOP('',(#7453));
#7453 = ORIENTED_EDGE('',*,*,#7454,.T.);
#7454 = EDGE_CURVE('',#7455,#7455,#7457,.T.);
#7455 = VERTEX_POINT('',#7456);
#7456 = CARTESIAN_POINT('',(83.68207,-122.111232,0.));
#7457 = CIRCLE('',#7458,0.75);
#7458 = AXIS2_PLACEMENT_3D('',#7459,#7460,#7461);
#7459 = CARTESIAN_POINT('',(83.68207,-121.361232,0.));
#7460 = DIRECTION('',(-0.,0.,-1.));
#7461 = DIRECTION('',(-0.,-1.,0.));
#7462 = FACE_BOUND('',#7463,.F.);
#7463 = EDGE_LOOP('',(#7464));
#7464 = ORIENTED_EDGE('',*,*,#7465,.T.);
#7465 = EDGE_CURVE('',#7466,#7466,#7468,.T.);
#7466 = VERTEX_POINT('',#7467);
#7467 = CARTESIAN_POINT('',(87.49207,-125.901232,0.));
#7468 = CIRCLE('',#7469,2.);
#7469 = AXIS2_PLACEMENT_3D('',#7470,#7471,#7472);
#7470 = CARTESIAN_POINT('',(87.49207,-123.901232,0.));
#7471 = DIRECTION('',(-0.,0.,-1.));
#7472 = DIRECTION('',(-0.,-1.,0.));
#7473 = FACE_BOUND('',#7474,.F.);
#7474 = EDGE_LOOP('',(#7475));
#7475 = ORIENTED_EDGE('',*,*,#7476,.T.);
#7476 = EDGE_CURVE('',#7477,#7477,#7479,.T.);
#7477 = VERTEX_POINT('',#7478);
#7478 = CARTESIAN_POINT('',(92.57207,-124.751232,0.));
#7479 = CIRCLE('',#7480,0.85);
#7480 = AXIS2_PLACEMENT_3D('',#7481,#7482,#7483);
#7481 = CARTESIAN_POINT('',(92.57207,-123.901232,0.));
#7482 = DIRECTION('',(-0.,0.,-1.));
#7483 = DIRECTION('',(-0.,-1.,0.));
#7484 = FACE_BOUND('',#7485,.F.);
#7485 = EDGE_LOOP('',(#7486));
#7486 = ORIENTED_EDGE('',*,*,#7487,.T.);
#7487 = EDGE_CURVE('',#7488,#7488,#7490,.T.);
#7488 = VERTEX_POINT('',#7489);
#7489 = CARTESIAN_POINT('',(102.144193,-124.651051,0.));
#7490 = CIRCLE('',#7491,0.85);
#7491 = AXIS2_PLACEMENT_3D('',#7492,#7493,#7494);
#7492 = CARTESIAN_POINT('',(102.144193,-123.801051,0.));
#7493 = DIRECTION('',(-0.,0.,-1.));
#7494 = DIRECTION('',(-0.,-1.,0.));
#7495 = FACE_BOUND('',#7496,.F.);
#7496 = EDGE_LOOP('',(#7497));
#7497 = ORIENTED_EDGE('',*,*,#7498,.T.);
#7498 = EDGE_CURVE('',#7499,#7499,#7501,.T.);
#7499 = VERTEX_POINT('',#7500);
#7500 = CARTESIAN_POINT('',(103.414193,-122.011051,0.));
#7501 = CIRCLE('',#7502,0.75);
#7502 = AXIS2_PLACEMENT_3D('',#7503,#7504,#7505);
#7503 = CARTESIAN_POINT('',(103.414193,-121.261051,0.));
#7504 = DIRECTION('',(-0.,0.,-1.));
#7505 = DIRECTION('',(-0.,-1.,0.));
#7506 = FACE_BOUND('',#7507,.F.);
#7507 = EDGE_LOOP('',(#7508));
#7508 = ORIENTED_EDGE('',*,*,#7509,.T.);
#7509 = EDGE_CURVE('',#7510,#7510,#7512,.T.);
#7510 = VERTEX_POINT('',#7511);
#7511 = CARTESIAN_POINT('',(90.03207,-119.571232,0.));
#7512 = CIRCLE('',#7513,0.75);
#7513 = AXIS2_PLACEMENT_3D('',#7514,#7515,#7516);
#7514 = CARTESIAN_POINT('',(90.03207,-118.821232,0.));
#7515 = DIRECTION('',(-0.,0.,-1.));
#7516 = DIRECTION('',(-0.,-1.,0.));
#7517 = FACE_BOUND('',#7518,.F.);
#7518 = EDGE_LOOP('',(#7519));
#7519 = ORIENTED_EDGE('',*,*,#7520,.T.);
#7520 = EDGE_CURVE('',#7521,#7521,#7523,.T.);
#7521 = VERTEX_POINT('',#7522);
#7522 = CARTESIAN_POINT('',(107.224193,-125.801051,0.));
#7523 = CIRCLE('',#7524,2.);
#7524 = AXIS2_PLACEMENT_3D('',#7525,#7526,#7527);
#7525 = CARTESIAN_POINT('',(107.224193,-123.801051,0.));
#7526 = DIRECTION('',(-0.,0.,-1.));
#7527 = DIRECTION('',(-0.,-1.,0.));
#7528 = FACE_BOUND('',#7529,.F.);
#7529 = EDGE_LOOP('',(#7530));
#7530 = ORIENTED_EDGE('',*,*,#7531,.T.);
#7531 = EDGE_CURVE('',#7532,#7532,#7534,.T.);
#7532 = VERTEX_POINT('',#7533);
#7533 = CARTESIAN_POINT('',(112.304193,-124.651051,0.));
#7534 = CIRCLE('',#7535,0.85);
#7535 = AXIS2_PLACEMENT_3D('',#7536,#7537,#7538);
#7536 = CARTESIAN_POINT('',(112.304193,-123.801051,0.));
#7537 = DIRECTION('',(-0.,0.,-1.));
#7538 = DIRECTION('',(-0.,-1.,0.));
#7539 = FACE_BOUND('',#7540,.F.);
#7540 = EDGE_LOOP('',(#7541));
#7541 = ORIENTED_EDGE('',*,*,#7542,.T.);
#7542 = EDGE_CURVE('',#7543,#7543,#7545,.T.);
#7543 = VERTEX_POINT('',#7544);
#7544 = CARTESIAN_POINT('',(121.94247,-124.385969,0.));
#7545 = CIRCLE('',#7546,0.85);
#7546 = AXIS2_PLACEMENT_3D('',#7547,#7548,#7549);
#7547 = CARTESIAN_POINT('',(121.94247,-123.535969,0.));
#7548 = DIRECTION('',(-0.,0.,-1.));
#7549 = DIRECTION('',(-0.,-1.,0.));
#7550 = FACE_BOUND('',#7551,.F.);
#7551 = EDGE_LOOP('',(#7552));
#7552 = ORIENTED_EDGE('',*,*,#7553,.T.);
#7553 = EDGE_CURVE('',#7554,#7554,#7556,.T.);
#7554 = VERTEX_POINT('',#7555);
#7555 = CARTESIAN_POINT('',(127.02247,-125.535969,0.));
#7556 = CIRCLE('',#7557,2.);
#7557 = AXIS2_PLACEMENT_3D('',#7558,#7559,#7560);
#7558 = CARTESIAN_POINT('',(127.02247,-123.535969,0.));
#7559 = DIRECTION('',(-0.,0.,-1.));
#7560 = DIRECTION('',(-0.,-1.,0.));
#7561 = FACE_BOUND('',#7562,.F.);
#7562 = EDGE_LOOP('',(#7563));
#7563 = ORIENTED_EDGE('',*,*,#7564,.T.);
#7564 = EDGE_CURVE('',#7565,#7565,#7567,.T.);
#7565 = VERTEX_POINT('',#7566);
#7566 = CARTESIAN_POINT('',(109.764193,-119.471051,0.));
#7567 = CIRCLE('',#7568,0.75);
#7568 = AXIS2_PLACEMENT_3D('',#7569,#7570,#7571);
#7569 = CARTESIAN_POINT('',(109.764193,-118.721051,0.));
#7570 = DIRECTION('',(-0.,0.,-1.));
#7571 = DIRECTION('',(-0.,-1.,0.));
#7572 = FACE_BOUND('',#7573,.F.);
#7573 = EDGE_LOOP('',(#7574));
#7574 = ORIENTED_EDGE('',*,*,#7575,.T.);
#7575 = EDGE_CURVE('',#7576,#7576,#7578,.T.);
#7576 = VERTEX_POINT('',#7577);
#7577 = CARTESIAN_POINT('',(123.21247,-121.745969,0.));
#7578 = CIRCLE('',#7579,0.75);
#7579 = AXIS2_PLACEMENT_3D('',#7580,#7581,#7582);
#7580 = CARTESIAN_POINT('',(123.21247,-120.995969,0.));
#7581 = DIRECTION('',(-0.,0.,-1.));
#7582 = DIRECTION('',(-0.,-1.,0.));
#7583 = FACE_BOUND('',#7584,.F.);
#7584 = EDGE_LOOP('',(#7585));
#7585 = ORIENTED_EDGE('',*,*,#7586,.T.);
#7586 = EDGE_CURVE('',#7587,#7587,#7589,.T.);
#7587 = VERTEX_POINT('',#7588);
#7588 = CARTESIAN_POINT('',(129.56247,-119.205969,0.));
#7589 = CIRCLE('',#7590,0.75);
#7590 = AXIS2_PLACEMENT_3D('',#7591,#7592,#7593);
#7591 = CARTESIAN_POINT('',(129.56247,-118.455969,0.));
#7592 = DIRECTION('',(-0.,0.,-1.));
#7593 = DIRECTION('',(-0.,-1.,0.));
#7594 = FACE_BOUND('',#7595,.F.);
#7595 = EDGE_LOOP('',(#7596));
#7596 = ORIENTED_EDGE('',*,*,#7597,.T.);
#7597 = EDGE_CURVE('',#7598,#7598,#7600,.T.);
#7598 = VERTEX_POINT('',#7599);
#7599 = CARTESIAN_POINT('',(81.881748,-102.907185,0.));
#7600 = CIRCLE('',#7601,0.85);
#7601 = AXIS2_PLACEMENT_3D('',#7602,#7603,#7604);
#7602 = CARTESIAN_POINT('',(81.881748,-102.057185,0.));
#7603 = DIRECTION('',(-0.,0.,-1.));
#7604 = DIRECTION('',(1.671865260612E-14,-1.,-0.));
#7605 = FACE_BOUND('',#7606,.F.);
#7606 = EDGE_LOOP('',(#7607));
#7607 = ORIENTED_EDGE('',*,*,#7608,.T.);
#7608 = EDGE_CURVE('',#7609,#7609,#7611,.T.);
#7609 = VERTEX_POINT('',#7610);
#7610 = CARTESIAN_POINT('',(91.110734,-102.907185,0.));
#7611 = CIRCLE('',#7612,0.85);
#7612 = AXIS2_PLACEMENT_3D('',#7613,#7614,#7615);
#7613 = CARTESIAN_POINT('',(91.110734,-102.057185,0.));
#7614 = DIRECTION('',(-0.,0.,-1.));
#7615 = DIRECTION('',(-1.671865260612E-14,-1.,0.));
#7616 = FACE_BOUND('',#7617,.F.);
#7617 = EDGE_LOOP('',(#7618));
#7618 = ORIENTED_EDGE('',*,*,#7619,.T.);
#7619 = EDGE_CURVE('',#7620,#7620,#7622,.T.);
#7620 = VERTEX_POINT('',#7621);
#7621 = CARTESIAN_POINT('',(96.190734,-104.057185,0.));
#7622 = CIRCLE('',#7623,2.);
#7623 = AXIS2_PLACEMENT_3D('',#7624,#7625,#7626);
#7624 = CARTESIAN_POINT('',(96.190734,-102.057185,0.));
#7625 = DIRECTION('',(-0.,0.,-1.));
#7626 = DIRECTION('',(-0.,-1.,0.));
#7627 = FACE_BOUND('',#7628,.F.);
#7628 = EDGE_LOOP('',(#7629));
#7629 = ORIENTED_EDGE('',*,*,#7630,.T.);
#7630 = EDGE_CURVE('',#7631,#7631,#7633,.T.);
#7631 = VERTEX_POINT('',#7632);
#7632 = CARTESIAN_POINT('',(101.270734,-102.907185,0.));
#7633 = CIRCLE('',#7634,0.85);
#7634 = AXIS2_PLACEMENT_3D('',#7635,#7636,#7637);
#7635 = CARTESIAN_POINT('',(101.270734,-102.057185,0.));
#7636 = DIRECTION('',(-0.,0.,-1.));
#7637 = DIRECTION('',(-0.,-1.,0.));
#7638 = FACE_BOUND('',#7639,.F.);
#7639 = EDGE_LOOP('',(#7640));
#7640 = ORIENTED_EDGE('',*,*,#7641,.T.);
#7641 = EDGE_CURVE('',#7642,#7642,#7644,.T.);
#7642 = VERTEX_POINT('',#7643);
#7643 = CARTESIAN_POINT('',(110.904647,-102.907185,0.));
#7644 = CIRCLE('',#7645,0.85);
#7645 = AXIS2_PLACEMENT_3D('',#7646,#7647,#7648);
#7646 = CARTESIAN_POINT('',(110.904647,-102.057185,0.));
#7647 = DIRECTION('',(-0.,0.,-1.));
#7648 = DIRECTION('',(-1.671865260612E-14,-1.,0.));
#7649 = FACE_BOUND('',#7650,.F.);
#7650 = EDGE_LOOP('',(#7651));
#7651 = ORIENTED_EDGE('',*,*,#7652,.T.);
#7652 = EDGE_CURVE('',#7653,#7653,#7655,.T.);
#7653 = VERTEX_POINT('',#7654);
#7654 = CARTESIAN_POINT('',(115.984647,-104.057185,0.));
#7655 = CIRCLE('',#7656,2.);
#7656 = AXIS2_PLACEMENT_3D('',#7657,#7658,#7659);
#7657 = CARTESIAN_POINT('',(115.984647,-102.057185,0.));
#7658 = DIRECTION('',(-0.,0.,-1.));
#7659 = DIRECTION('',(-0.,-1.,0.));
#7660 = FACE_BOUND('',#7661,.F.);
#7661 = EDGE_LOOP('',(#7662));
#7662 = ORIENTED_EDGE('',*,*,#7663,.T.);
#7663 = EDGE_CURVE('',#7664,#7664,#7666,.T.);
#7664 = VERTEX_POINT('',#7665);
#7665 = CARTESIAN_POINT('',(121.064647,-102.907185,0.));
#7666 = CIRCLE('',#7667,0.85);
#7667 = AXIS2_PLACEMENT_3D('',#7668,#7669,#7670);
#7668 = CARTESIAN_POINT('',(121.064647,-102.057185,0.));
#7669 = DIRECTION('',(-0.,0.,-1.));
#7670 = DIRECTION('',(-1.671865260612E-14,-1.,0.));
#7671 = FACE_BOUND('',#7672,.F.);
#7672 = EDGE_LOOP('',(#7673));
#7673 = ORIENTED_EDGE('',*,*,#7674,.T.);
#7674 = EDGE_CURVE('',#7675,#7675,#7677,.T.);
#7675 = VERTEX_POINT('',#7676);
#7676 = CARTESIAN_POINT('',(134.963991,-146.236108,0.));
#7677 = CIRCLE('',#7678,2.);
#7678 = AXIS2_PLACEMENT_3D('',#7679,#7680,#7681);
#7679 = CARTESIAN_POINT('',(134.963991,-144.236108,0.));
#7680 = DIRECTION('',(-0.,0.,-1.));
#7681 = DIRECTION('',(-0.,-1.,0.));
#7682 = FACE_BOUND('',#7683,.F.);
#7683 = EDGE_LOOP('',(#7684));
#7684 = ORIENTED_EDGE('',*,*,#7685,.T.);
#7685 = EDGE_CURVE('',#7686,#7686,#7688,.T.);
#7686 = VERTEX_POINT('',#7687);
#7687 = CARTESIAN_POINT('',(140.043991,-145.086108,0.));
#7688 = CIRCLE('',#7689,0.85);
#7689 = AXIS2_PLACEMENT_3D('',#7690,#7691,#7692);
#7690 = CARTESIAN_POINT('',(140.043991,-144.236108,0.));
#7691 = DIRECTION('',(-0.,0.,-1.));
#7692 = DIRECTION('',(-0.,-1.,0.));
#7693 = FACE_BOUND('',#7694,.F.);
#7694 = EDGE_LOOP('',(#7695));
#7695 = ORIENTED_EDGE('',*,*,#7696,.T.);
#7696 = EDGE_CURVE('',#7697,#7697,#7699,.T.);
#7697 = VERTEX_POINT('',#7698);
#7698 = CARTESIAN_POINT('',(149.444647,-144.810709,0.));
#7699 = CIRCLE('',#7700,0.85);
#7700 = AXIS2_PLACEMENT_3D('',#7701,#7702,#7703);
#7701 = CARTESIAN_POINT('',(149.444647,-143.960709,0.));
#7702 = DIRECTION('',(-0.,0.,-1.));
#7703 = DIRECTION('',(-0.,-1.,0.));
#7704 = FACE_BOUND('',#7705,.F.);
#7705 = EDGE_LOOP('',(#7706));
#7706 = ORIENTED_EDGE('',*,*,#7707,.T.);
#7707 = EDGE_CURVE('',#7708,#7708,#7710,.T.);
#7708 = VERTEX_POINT('',#7709);
#7709 = CARTESIAN_POINT('',(154.524647,-145.960709,0.));
#7710 = CIRCLE('',#7711,2.);
#7711 = AXIS2_PLACEMENT_3D('',#7712,#7713,#7714);
#7712 = CARTESIAN_POINT('',(154.524647,-143.960709,0.));
#7713 = DIRECTION('',(-0.,0.,-1.));
#7714 = DIRECTION('',(-0.,-1.,0.));
#7715 = FACE_BOUND('',#7716,.F.);
#7716 = EDGE_LOOP('',(#7717));
#7717 = ORIENTED_EDGE('',*,*,#7718,.T.);
#7718 = EDGE_CURVE('',#7719,#7719,#7721,.T.);
#7719 = VERTEX_POINT('',#7720);
#7720 = CARTESIAN_POINT('',(159.604647,-144.810709,0.));
#7721 = CIRCLE('',#7722,0.85);
#7722 = AXIS2_PLACEMENT_3D('',#7723,#7724,#7725);
#7723 = CARTESIAN_POINT('',(159.604647,-143.960709,0.));
#7724 = DIRECTION('',(-0.,0.,-1.));
#7725 = DIRECTION('',(-0.,-1.,0.));
#7726 = FACE_BOUND('',#7727,.F.);
#7727 = EDGE_LOOP('',(#7728));
#7728 = ORIENTED_EDGE('',*,*,#7729,.T.);
#7729 = EDGE_CURVE('',#7730,#7730,#7732,.T.);
#7730 = VERTEX_POINT('',#7731);
#7731 = CARTESIAN_POINT('',(169.054666,-144.872624,0.));
#7732 = CIRCLE('',#7733,0.85);
#7733 = AXIS2_PLACEMENT_3D('',#7734,#7735,#7736);
#7734 = CARTESIAN_POINT('',(169.054666,-144.022624,0.));
#7735 = DIRECTION('',(-0.,0.,-1.));
#7736 = DIRECTION('',(-0.,-1.,0.));
#7737 = FACE_BOUND('',#7738,.F.);
#7738 = EDGE_LOOP('',(#7739));
#7739 = ORIENTED_EDGE('',*,*,#7740,.T.);
#7740 = EDGE_CURVE('',#7741,#7741,#7743,.T.);
#7741 = VERTEX_POINT('',#7742);
#7742 = CARTESIAN_POINT('',(174.134666,-146.022624,0.));
#7743 = CIRCLE('',#7744,2.);
#7744 = AXIS2_PLACEMENT_3D('',#7745,#7746,#7747);
#7745 = CARTESIAN_POINT('',(174.134666,-144.022624,0.));
#7746 = DIRECTION('',(-0.,0.,-1.));
#7747 = DIRECTION('',(-0.,-1.,0.));
#7748 = FACE_BOUND('',#7749,.F.);
#7749 = EDGE_LOOP('',(#7750));
#7750 = ORIENTED_EDGE('',*,*,#7751,.T.);
#7751 = EDGE_CURVE('',#7752,#7752,#7754,.T.);
#7752 = VERTEX_POINT('',#7753);
#7753 = CARTESIAN_POINT('',(179.214666,-144.872624,0.));
#7754 = CIRCLE('',#7755,0.85);
#7755 = AXIS2_PLACEMENT_3D('',#7756,#7757,#7758);
#7756 = CARTESIAN_POINT('',(179.214666,-144.022624,0.));
#7757 = DIRECTION('',(-0.,0.,-1.));
#7758 = DIRECTION('',(-0.,-1.,0.));
#7759 = FACE_BOUND('',#7760,.F.);
#7760 = EDGE_LOOP('',(#7761));
#7761 = ORIENTED_EDGE('',*,*,#7762,.T.);
#7762 = EDGE_CURVE('',#7763,#7763,#7765,.T.);
#7763 = VERTEX_POINT('',#7764);
#7764 = CARTESIAN_POINT('',(131.153991,-142.446108,0.));
#7765 = CIRCLE('',#7766,0.75);
#7766 = AXIS2_PLACEMENT_3D('',#7767,#7768,#7769);
#7767 = CARTESIAN_POINT('',(131.153991,-141.696108,0.));
#7768 = DIRECTION('',(-0.,0.,-1.));
#7769 = DIRECTION('',(-0.,-1.,0.));
#7770 = FACE_BOUND('',#7771,.F.);
#7771 = EDGE_LOOP('',(#7772));
#7772 = ORIENTED_EDGE('',*,*,#7773,.T.);
#7773 = EDGE_CURVE('',#7774,#7774,#7776,.T.);
#7774 = VERTEX_POINT('',#7775);
#7775 = CARTESIAN_POINT('',(137.503991,-139.906108,0.));
#7776 = CIRCLE('',#7777,0.75);
#7777 = AXIS2_PLACEMENT_3D('',#7778,#7779,#7780);
#7778 = CARTESIAN_POINT('',(137.503991,-139.156108,0.));
#7779 = DIRECTION('',(-0.,0.,-1.));
#7780 = DIRECTION('',(-0.,-1.,0.));
#7781 = FACE_BOUND('',#7782,.F.);
#7782 = EDGE_LOOP('',(#7783));
#7783 = ORIENTED_EDGE('',*,*,#7784,.T.);
#7784 = EDGE_CURVE('',#7785,#7785,#7787,.T.);
#7785 = VERTEX_POINT('',#7786);
#7786 = CARTESIAN_POINT('',(150.714647,-142.170709,0.));
#7787 = CIRCLE('',#7788,0.75);
#7788 = AXIS2_PLACEMENT_3D('',#7789,#7790,#7791);
#7789 = CARTESIAN_POINT('',(150.714647,-141.420709,0.));
#7790 = DIRECTION('',(-0.,0.,-1.));
#7791 = DIRECTION('',(-0.,-1.,0.));
#7792 = FACE_BOUND('',#7793,.F.);
#7793 = EDGE_LOOP('',(#7794));
#7794 = ORIENTED_EDGE('',*,*,#7795,.T.);
#7795 = EDGE_CURVE('',#7796,#7796,#7798,.T.);
#7796 = VERTEX_POINT('',#7797);
#7797 = CARTESIAN_POINT('',(157.064647,-139.630709,0.));
#7798 = CIRCLE('',#7799,0.75);
#7799 = AXIS2_PLACEMENT_3D('',#7800,#7801,#7802);
#7800 = CARTESIAN_POINT('',(157.064647,-138.880709,0.));
#7801 = DIRECTION('',(-0.,0.,-1.));
#7802 = DIRECTION('',(-0.,-1.,0.));
#7803 = FACE_BOUND('',#7804,.F.);
#7804 = EDGE_LOOP('',(#7805));
#7805 = ORIENTED_EDGE('',*,*,#7806,.T.);
#7806 = EDGE_CURVE('',#7807,#7807,#7809,.T.);
#7807 = VERTEX_POINT('',#7808);
#7808 = CARTESIAN_POINT('',(170.324666,-142.232624,0.));
#7809 = CIRCLE('',#7810,0.75);
#7810 = AXIS2_PLACEMENT_3D('',#7811,#7812,#7813);
#7811 = CARTESIAN_POINT('',(170.324666,-141.482624,0.));
#7812 = DIRECTION('',(-0.,0.,-1.));
#7813 = DIRECTION('',(-0.,-1.,0.));
#7814 = FACE_BOUND('',#7815,.F.);
#7815 = EDGE_LOOP('',(#7816));
#7816 = ORIENTED_EDGE('',*,*,#7817,.T.);
#7817 = EDGE_CURVE('',#7818,#7818,#7820,.T.);
#7818 = VERTEX_POINT('',#7819);
#7819 = CARTESIAN_POINT('',(176.674666,-139.692624,0.));
#7820 = CIRCLE('',#7821,0.75);
#7821 = AXIS2_PLACEMENT_3D('',#7822,#7823,#7824);
#7822 = CARTESIAN_POINT('',(176.674666,-138.942624,0.));
#7823 = DIRECTION('',(-0.,0.,-1.));
#7824 = DIRECTION('',(-0.,-1.,0.));
#7825 = FACE_BOUND('',#7826,.F.);
#7826 = EDGE_LOOP('',(#7827));
#7827 = ORIENTED_EDGE('',*,*,#7828,.T.);
#7828 = EDGE_CURVE('',#7829,#7829,#7831,.T.);
#7829 = VERTEX_POINT('',#7830);
#7830 = CARTESIAN_POINT('',(188.509391,-144.963338,0.));
#7831 = CIRCLE('',#7832,0.85);
#7832 = AXIS2_PLACEMENT_3D('',#7833,#7834,#7835);
#7833 = CARTESIAN_POINT('',(188.509391,-144.113338,0.));
#7834 = DIRECTION('',(-0.,0.,-1.));
#7835 = DIRECTION('',(-0.,-1.,0.));
#7836 = FACE_BOUND('',#7837,.F.);
#7837 = EDGE_LOOP('',(#7838));
#7838 = ORIENTED_EDGE('',*,*,#7839,.T.);
#7839 = EDGE_CURVE('',#7840,#7840,#7842,.T.);
#7840 = VERTEX_POINT('',#7841);
#7841 = CARTESIAN_POINT('',(193.589391,-146.113338,0.));
#7842 = CIRCLE('',#7843,2.);
#7843 = AXIS2_PLACEMENT_3D('',#7844,#7845,#7846);
#7844 = CARTESIAN_POINT('',(193.589391,-144.113338,0.));
#7845 = DIRECTION('',(-0.,0.,-1.));
#7846 = DIRECTION('',(-0.,-1.,0.));
#7847 = FACE_BOUND('',#7848,.F.);
#7848 = EDGE_LOOP('',(#7849));
#7849 = ORIENTED_EDGE('',*,*,#7850,.T.);
#7850 = EDGE_CURVE('',#7851,#7851,#7853,.T.);
#7851 = VERTEX_POINT('',#7852);
#7852 = CARTESIAN_POINT('',(198.669391,-144.963338,0.));
#7853 = CIRCLE('',#7854,0.85);
#7854 = AXIS2_PLACEMENT_3D('',#7855,#7856,#7857);
#7855 = CARTESIAN_POINT('',(198.669391,-144.113338,0.));
#7856 = DIRECTION('',(-0.,0.,-1.));
#7857 = DIRECTION('',(-3.343730521224E-14,-1.,0.));
#7858 = FACE_BOUND('',#7859,.F.);
#7859 = EDGE_LOOP('',(#7860));
#7860 = ORIENTED_EDGE('',*,*,#7861,.T.);
#7861 = EDGE_CURVE('',#7862,#7862,#7864,.T.);
#7862 = VERTEX_POINT('',#7863);
#7863 = CARTESIAN_POINT('',(208.236259,-144.942404,0.));
#7864 = CIRCLE('',#7865,0.85);
#7865 = AXIS2_PLACEMENT_3D('',#7866,#7867,#7868);
#7866 = CARTESIAN_POINT('',(208.236259,-144.092404,0.));
#7867 = DIRECTION('',(-0.,0.,-1.));
#7868 = DIRECTION('',(-3.343730521224E-14,-1.,0.));
#7869 = FACE_BOUND('',#7870,.F.);
#7870 = EDGE_LOOP('',(#7871));
#7871 = ORIENTED_EDGE('',*,*,#7872,.T.);
#7872 = EDGE_CURVE('',#7873,#7873,#7875,.T.);
#7873 = VERTEX_POINT('',#7874);
#7874 = CARTESIAN_POINT('',(233.5,-156.05,0.));
#7875 = CIRCLE('',#7876,1.05);
#7876 = AXIS2_PLACEMENT_3D('',#7877,#7878,#7879);
#7877 = CARTESIAN_POINT('',(233.5,-155.,0.));
#7878 = DIRECTION('',(-0.,0.,-1.));
#7879 = DIRECTION('',(-0.,-1.,0.));
#7880 = FACE_BOUND('',#7881,.F.);
#7881 = EDGE_LOOP('',(#7882));
#7882 = ORIENTED_EDGE('',*,*,#7883,.T.);
#7883 = EDGE_CURVE('',#7884,#7884,#7886,.T.);
#7884 = VERTEX_POINT('',#7885);
#7885 = CARTESIAN_POINT('',(213.316259,-146.092404,0.));
#7886 = CIRCLE('',#7887,2.);
#7887 = AXIS2_PLACEMENT_3D('',#7888,#7889,#7890);
#7888 = CARTESIAN_POINT('',(213.316259,-144.092404,0.));
#7889 = DIRECTION('',(-0.,0.,-1.));
#7890 = DIRECTION('',(-0.,-1.,0.));
#7891 = FACE_BOUND('',#7892,.F.);
#7892 = EDGE_LOOP('',(#7893));
#7893 = ORIENTED_EDGE('',*,*,#7894,.T.);
#7894 = EDGE_CURVE('',#7895,#7895,#7897,.T.);
#7895 = VERTEX_POINT('',#7896);
#7896 = CARTESIAN_POINT('',(218.396259,-144.942404,0.));
#7897 = CIRCLE('',#7898,0.85);
#7898 = AXIS2_PLACEMENT_3D('',#7899,#7900,#7901);
#7899 = CARTESIAN_POINT('',(218.396259,-144.092404,0.));
#7900 = DIRECTION('',(-0.,0.,-1.));
#7901 = DIRECTION('',(-0.,-1.,0.));
#7902 = FACE_BOUND('',#7903,.F.);
#7903 = EDGE_LOOP('',(#7904));
#7904 = ORIENTED_EDGE('',*,*,#7905,.T.);
#7905 = EDGE_CURVE('',#7906,#7906,#7908,.T.);
#7906 = VERTEX_POINT('',#7907);
#7907 = CARTESIAN_POINT('',(189.779391,-142.323338,0.));
#7908 = CIRCLE('',#7909,0.75);
#7909 = AXIS2_PLACEMENT_3D('',#7910,#7911,#7912);
#7910 = CARTESIAN_POINT('',(189.779391,-141.573338,0.));
#7911 = DIRECTION('',(-0.,0.,-1.));
#7912 = DIRECTION('',(-0.,-1.,0.));
#7913 = FACE_BOUND('',#7914,.F.);
#7914 = EDGE_LOOP('',(#7915));
#7915 = ORIENTED_EDGE('',*,*,#7916,.T.);
#7916 = EDGE_CURVE('',#7917,#7917,#7919,.T.);
#7917 = VERTEX_POINT('',#7918);
#7918 = CARTESIAN_POINT('',(196.129391,-139.783338,0.));
#7919 = CIRCLE('',#7920,0.75);
#7920 = AXIS2_PLACEMENT_3D('',#7921,#7922,#7923);
#7921 = CARTESIAN_POINT('',(196.129391,-139.033338,0.));
#7922 = DIRECTION('',(-0.,0.,-1.));
#7923 = DIRECTION('',(-0.,-1.,0.));
#7924 = FACE_BOUND('',#7925,.F.);
#7925 = EDGE_LOOP('',(#7926));
#7926 = ORIENTED_EDGE('',*,*,#7927,.T.);
#7927 = EDGE_CURVE('',#7928,#7928,#7930,.T.);
#7928 = VERTEX_POINT('',#7929);
#7929 = CARTESIAN_POINT('',(209.506259,-142.302404,0.));
#7930 = CIRCLE('',#7931,0.75);
#7931 = AXIS2_PLACEMENT_3D('',#7932,#7933,#7934);
#7932 = CARTESIAN_POINT('',(209.506259,-141.552404,0.));
#7933 = DIRECTION('',(-0.,0.,-1.));
#7934 = DIRECTION('',(-0.,-1.,0.));
#7935 = FACE_BOUND('',#7936,.F.);
#7936 = EDGE_LOOP('',(#7937));
#7937 = ORIENTED_EDGE('',*,*,#7938,.T.);
#7938 = EDGE_CURVE('',#7939,#7939,#7941,.T.);
#7939 = VERTEX_POINT('',#7940);
#7940 = CARTESIAN_POINT('',(215.856259,-139.762404,0.));
#7941 = CIRCLE('',#7942,0.75);
#7942 = AXIS2_PLACEMENT_3D('',#7943,#7944,#7945);
#7943 = CARTESIAN_POINT('',(215.856259,-139.012404,0.));
#7944 = DIRECTION('',(-0.,0.,-1.));
#7945 = DIRECTION('',(-0.,-1.,0.));
#7946 = FACE_BOUND('',#7947,.F.);
#7947 = EDGE_LOOP('',(#7948));
#7948 = ORIENTED_EDGE('',*,*,#7949,.T.);
#7949 = EDGE_CURVE('',#7950,#7950,#7952,.T.);
#7950 = VERTEX_POINT('',#7951);
#7951 = CARTESIAN_POINT('',(132.10247,-124.385969,0.));
#7952 = CIRCLE('',#7953,0.85);
#7953 = AXIS2_PLACEMENT_3D('',#7954,#7955,#7956);
#7954 = CARTESIAN_POINT('',(132.10247,-123.535969,0.));
#7955 = DIRECTION('',(-0.,0.,-1.));
#7956 = DIRECTION('',(3.343730521224E-14,-1.,-0.));
#7957 = FACE_BOUND('',#7958,.F.);
#7958 = EDGE_LOOP('',(#7959));
#7959 = ORIENTED_EDGE('',*,*,#7960,.T.);
#7960 = EDGE_CURVE('',#7961,#7961,#7963,.T.);
#7961 = VERTEX_POINT('',#7962);
#7962 = CARTESIAN_POINT('',(141.427296,-124.40524,0.));
#7963 = CIRCLE('',#7964,0.85);
#7964 = AXIS2_PLACEMENT_3D('',#7965,#7966,#7967);
#7965 = CARTESIAN_POINT('',(141.427296,-123.55524,0.));
#7966 = DIRECTION('',(-0.,0.,-1.));
#7967 = DIRECTION('',(-0.,-1.,0.));
#7968 = FACE_BOUND('',#7969,.F.);
#7969 = EDGE_LOOP('',(#7970));
#7970 = ORIENTED_EDGE('',*,*,#7971,.T.);
#7971 = EDGE_CURVE('',#7972,#7972,#7974,.T.);
#7972 = VERTEX_POINT('',#7973);
#7973 = CARTESIAN_POINT('',(146.507296,-125.55524,0.));
#7974 = CIRCLE('',#7975,2.);
#7975 = AXIS2_PLACEMENT_3D('',#7976,#7977,#7978);
#7976 = CARTESIAN_POINT('',(146.507296,-123.55524,0.));
#7977 = DIRECTION('',(-0.,0.,-1.));
#7978 = DIRECTION('',(-0.,-1.,0.));
#7979 = FACE_BOUND('',#7980,.F.);
#7980 = EDGE_LOOP('',(#7981));
#7981 = ORIENTED_EDGE('',*,*,#7982,.T.);
#7982 = EDGE_CURVE('',#7983,#7983,#7985,.T.);
#7983 = VERTEX_POINT('',#7984);
#7984 = CARTESIAN_POINT('',(151.587296,-124.40524,0.));
#7985 = CIRCLE('',#7986,0.85);
#7986 = AXIS2_PLACEMENT_3D('',#7987,#7988,#7989);
#7987 = CARTESIAN_POINT('',(151.587296,-123.55524,0.));
#7988 = DIRECTION('',(-0.,0.,-1.));
#7989 = DIRECTION('',(3.343730521224E-14,-1.,-0.));
#7990 = FACE_BOUND('',#7991,.F.);
#7991 = EDGE_LOOP('',(#7992));
#7992 = ORIENTED_EDGE('',*,*,#7993,.T.);
#7993 = EDGE_CURVE('',#7994,#7994,#7996,.T.);
#7994 = VERTEX_POINT('',#7995);
#7995 = CARTESIAN_POINT('',(142.697296,-121.76524,0.));
#7996 = CIRCLE('',#7997,0.75);
#7997 = AXIS2_PLACEMENT_3D('',#7998,#7999,#8000);
#7998 = CARTESIAN_POINT('',(142.697296,-121.01524,0.));
#7999 = DIRECTION('',(-0.,0.,-1.));
#8000 = DIRECTION('',(-0.,-1.,0.));
#8001 = FACE_BOUND('',#8002,.F.);
#8002 = EDGE_LOOP('',(#8003));
#8003 = ORIENTED_EDGE('',*,*,#8004,.T.);
#8004 = EDGE_CURVE('',#8005,#8005,#8007,.T.);
#8005 = VERTEX_POINT('',#8006);
#8006 = CARTESIAN_POINT('',(149.047296,-119.22524,0.));
#8007 = CIRCLE('',#8008,0.75);
#8008 = AXIS2_PLACEMENT_3D('',#8009,#8010,#8011);
#8009 = CARTESIAN_POINT('',(149.047296,-118.47524,0.));
#8010 = DIRECTION('',(-0.,0.,-1.));
#8011 = DIRECTION('',(-0.,-1.,0.));
#8012 = FACE_BOUND('',#8013,.F.);
#8013 = EDGE_LOOP('',(#8014));
#8014 = ORIENTED_EDGE('',*,*,#8015,.T.);
#8015 = EDGE_CURVE('',#8016,#8016,#8018,.T.);
#8016 = VERTEX_POINT('',#8017);
#8017 = CARTESIAN_POINT('',(161.139557,-124.644232,0.));
#8018 = CIRCLE('',#8019,0.85);
#8019 = AXIS2_PLACEMENT_3D('',#8020,#8021,#8022);
#8020 = CARTESIAN_POINT('',(161.139557,-123.794232,0.));
#8021 = DIRECTION('',(-0.,0.,-1.));
#8022 = DIRECTION('',(-0.,-1.,0.));
#8023 = FACE_BOUND('',#8024,.F.);
#8024 = EDGE_LOOP('',(#8025));
#8025 = ORIENTED_EDGE('',*,*,#8026,.T.);
#8026 = EDGE_CURVE('',#8027,#8027,#8029,.T.);
#8027 = VERTEX_POINT('',#8028);
#8028 = CARTESIAN_POINT('',(162.409557,-122.004232,0.));
#8029 = CIRCLE('',#8030,0.75);
#8030 = AXIS2_PLACEMENT_3D('',#8031,#8032,#8033);
#8031 = CARTESIAN_POINT('',(162.409557,-121.254232,0.));
#8032 = DIRECTION('',(-0.,0.,-1.));
#8033 = DIRECTION('',(-0.,-1.,0.));
#8034 = FACE_BOUND('',#8035,.F.);
#8035 = EDGE_LOOP('',(#8036));
#8036 = ORIENTED_EDGE('',*,*,#8037,.T.);
#8037 = EDGE_CURVE('',#8038,#8038,#8040,.T.);
#8038 = VERTEX_POINT('',#8039);
#8039 = CARTESIAN_POINT('',(166.219557,-125.794232,0.));
#8040 = CIRCLE('',#8041,2.);
#8041 = AXIS2_PLACEMENT_3D('',#8042,#8043,#8044);
#8042 = CARTESIAN_POINT('',(166.219557,-123.794232,0.));
#8043 = DIRECTION('',(-0.,0.,-1.));
#8044 = DIRECTION('',(-0.,-1.,0.));
#8045 = FACE_BOUND('',#8046,.F.);
#8046 = EDGE_LOOP('',(#8047));
#8047 = ORIENTED_EDGE('',*,*,#8048,.T.);
#8048 = EDGE_CURVE('',#8049,#8049,#8051,.T.);
#8049 = VERTEX_POINT('',#8050);
#8050 = CARTESIAN_POINT('',(171.299557,-124.644232,0.));
#8051 = CIRCLE('',#8052,0.85);
#8052 = AXIS2_PLACEMENT_3D('',#8053,#8054,#8055);
#8053 = CARTESIAN_POINT('',(171.299557,-123.794232,0.));
#8054 = DIRECTION('',(-0.,0.,-1.));
#8055 = DIRECTION('',(-0.,-1.,0.));
#8056 = FACE_BOUND('',#8057,.F.);
#8057 = EDGE_LOOP('',(#8058));
#8058 = ORIENTED_EDGE('',*,*,#8059,.T.);
#8059 = EDGE_CURVE('',#8060,#8060,#8062,.T.);
#8060 = VERTEX_POINT('',#8061);
#8061 = CARTESIAN_POINT('',(180.683026,-124.543789,0.));
#8062 = CIRCLE('',#8063,0.85);
#8063 = AXIS2_PLACEMENT_3D('',#8064,#8065,#8066);
#8064 = CARTESIAN_POINT('',(180.683026,-123.693789,0.));
#8065 = DIRECTION('',(-0.,0.,-1.));
#8066 = DIRECTION('',(3.343730521224E-14,-1.,-0.));
#8067 = FACE_BOUND('',#8068,.F.);
#8068 = EDGE_LOOP('',(#8069));
#8069 = ORIENTED_EDGE('',*,*,#8070,.T.);
#8070 = EDGE_CURVE('',#8071,#8071,#8073,.T.);
#8071 = VERTEX_POINT('',#8072);
#8072 = CARTESIAN_POINT('',(181.953026,-121.903789,0.));
#8073 = CIRCLE('',#8074,0.75);
#8074 = AXIS2_PLACEMENT_3D('',#8075,#8076,#8077);
#8075 = CARTESIAN_POINT('',(181.953026,-121.153789,0.));
#8076 = DIRECTION('',(-0.,0.,-1.));
#8077 = DIRECTION('',(-0.,-1.,0.));
#8078 = FACE_BOUND('',#8079,.F.);
#8079 = EDGE_LOOP('',(#8080));
#8080 = ORIENTED_EDGE('',*,*,#8081,.T.);
#8081 = EDGE_CURVE('',#8082,#8082,#8084,.T.);
#8082 = VERTEX_POINT('',#8083);
#8083 = CARTESIAN_POINT('',(168.759557,-119.464232,0.));
#8084 = CIRCLE('',#8085,0.75);
#8085 = AXIS2_PLACEMENT_3D('',#8086,#8087,#8088);
#8086 = CARTESIAN_POINT('',(168.759557,-118.714232,0.));
#8087 = DIRECTION('',(-0.,0.,-1.));
#8088 = DIRECTION('',(-0.,-1.,0.));
#8089 = FACE_BOUND('',#8090,.F.);
#8090 = EDGE_LOOP('',(#8091));
#8091 = ORIENTED_EDGE('',*,*,#8092,.T.);
#8092 = EDGE_CURVE('',#8093,#8093,#8095,.T.);
#8093 = VERTEX_POINT('',#8094);
#8094 = CARTESIAN_POINT('',(130.34,-102.85,0.));
#8095 = CIRCLE('',#8096,0.85);
#8096 = AXIS2_PLACEMENT_3D('',#8097,#8098,#8099);
#8097 = CARTESIAN_POINT('',(130.34,-102.,0.));
#8098 = DIRECTION('',(-0.,0.,-1.));
#8099 = DIRECTION('',(-0.,-1.,0.));
#8100 = FACE_BOUND('',#8101,.F.);
#8101 = EDGE_LOOP('',(#8102));
#8102 = ORIENTED_EDGE('',*,*,#8103,.T.);
#8103 = EDGE_CURVE('',#8104,#8104,#8106,.T.);
#8104 = VERTEX_POINT('',#8105);
#8105 = CARTESIAN_POINT('',(135.42,-104.,0.));
#8106 = CIRCLE('',#8107,2.);
#8107 = AXIS2_PLACEMENT_3D('',#8108,#8109,#8110);
#8108 = CARTESIAN_POINT('',(135.42,-102.,0.));
#8109 = DIRECTION('',(-0.,0.,-1.));
#8110 = DIRECTION('',(-0.,-1.,0.));
#8111 = FACE_BOUND('',#8112,.F.);
#8112 = EDGE_LOOP('',(#8113));
#8113 = ORIENTED_EDGE('',*,*,#8114,.T.);
#8114 = EDGE_CURVE('',#8115,#8115,#8117,.T.);
#8115 = VERTEX_POINT('',#8116);
#8116 = CARTESIAN_POINT('',(140.5,-102.85,0.));
#8117 = CIRCLE('',#8118,0.85);
#8118 = AXIS2_PLACEMENT_3D('',#8119,#8120,#8121);
#8119 = CARTESIAN_POINT('',(140.5,-102.,0.));
#8120 = DIRECTION('',(-0.,0.,-1.));
#8121 = DIRECTION('',(-0.,-1.,0.));
#8122 = FACE_BOUND('',#8123,.F.);
#8123 = EDGE_LOOP('',(#8124));
#8124 = ORIENTED_EDGE('',*,*,#8125,.T.);
#8125 = EDGE_CURVE('',#8126,#8126,#8128,.T.);
#8126 = VERTEX_POINT('',#8127);
#8127 = CARTESIAN_POINT('',(150.484647,-102.907185,0.));
#8128 = CIRCLE('',#8129,0.85);
#8129 = AXIS2_PLACEMENT_3D('',#8130,#8131,#8132);
#8130 = CARTESIAN_POINT('',(150.484647,-102.057185,0.));
#8131 = DIRECTION('',(-0.,0.,-1.));
#8132 = DIRECTION('',(-0.,-1.,0.));
#8133 = FACE_BOUND('',#8134,.F.);
#8134 = EDGE_LOOP('',(#8135));
#8135 = ORIENTED_EDGE('',*,*,#8136,.T.);
#8136 = EDGE_CURVE('',#8137,#8137,#8139,.T.);
#8137 = VERTEX_POINT('',#8138);
#8138 = CARTESIAN_POINT('',(155.564647,-104.057185,0.));
#8139 = CIRCLE('',#8140,2.);
#8140 = AXIS2_PLACEMENT_3D('',#8141,#8142,#8143);
#8141 = CARTESIAN_POINT('',(155.564647,-102.057185,0.));
#8142 = DIRECTION('',(-0.,0.,-1.));
#8143 = DIRECTION('',(-0.,-1.,0.));
#8144 = FACE_BOUND('',#8145,.F.);
#8145 = EDGE_LOOP('',(#8146));
#8146 = ORIENTED_EDGE('',*,*,#8147,.T.);
#8147 = EDGE_CURVE('',#8148,#8148,#8150,.T.);
#8148 = VERTEX_POINT('',#8149);
#8149 = CARTESIAN_POINT('',(160.644647,-102.907185,0.));
#8150 = CIRCLE('',#8151,0.85);
#8151 = AXIS2_PLACEMENT_3D('',#8152,#8153,#8154);
#8152 = CARTESIAN_POINT('',(160.644647,-102.057185,0.));
#8153 = DIRECTION('',(-0.,0.,-1.));
#8154 = DIRECTION('',(-0.,-1.,0.));
#8155 = FACE_BOUND('',#8156,.F.);
#8156 = EDGE_LOOP('',(#8157));
#8157 = ORIENTED_EDGE('',*,*,#8158,.T.);
#8158 = EDGE_CURVE('',#8159,#8159,#8161,.T.);
#8159 = VERTEX_POINT('',#8160);
#8160 = CARTESIAN_POINT('',(169.985776,-102.777458,0.));
#8161 = CIRCLE('',#8162,0.85);
#8162 = AXIS2_PLACEMENT_3D('',#8163,#8164,#8165);
#8163 = CARTESIAN_POINT('',(169.985776,-101.927458,0.));
#8164 = DIRECTION('',(-0.,0.,-1.));
#8165 = DIRECTION('',(-0.,-1.,0.));
#8166 = FACE_BOUND('',#8167,.F.);
#8167 = EDGE_LOOP('',(#8168));
#8168 = ORIENTED_EDGE('',*,*,#8169,.T.);
#8169 = EDGE_CURVE('',#8170,#8170,#8172,.T.);
#8170 = VERTEX_POINT('',#8171);
#8171 = CARTESIAN_POINT('',(175.065776,-103.927458,0.));
#8172 = CIRCLE('',#8173,2.);
#8173 = AXIS2_PLACEMENT_3D('',#8174,#8175,#8176);
#8174 = CARTESIAN_POINT('',(175.065776,-101.927458,0.));
#8175 = DIRECTION('',(-0.,0.,-1.));
#8176 = DIRECTION('',(-0.,-1.,0.));
#8177 = FACE_BOUND('',#8178,.F.);
#8178 = EDGE_LOOP('',(#8179));
#8179 = ORIENTED_EDGE('',*,*,#8180,.T.);
#8180 = EDGE_CURVE('',#8181,#8181,#8183,.T.);
#8181 = VERTEX_POINT('',#8182);
#8182 = CARTESIAN_POINT('',(180.145776,-102.777458,0.));
#8183 = CIRCLE('',#8184,0.85);
#8184 = AXIS2_PLACEMENT_3D('',#8185,#8186,#8187);
#8185 = CARTESIAN_POINT('',(180.145776,-101.927458,0.));
#8186 = DIRECTION('',(-0.,0.,-1.));
#8187 = DIRECTION('',(-0.,-1.,0.));
#8188 = FACE_BOUND('',#8189,.F.);
#8189 = EDGE_LOOP('',(#8190));
#8190 = ORIENTED_EDGE('',*,*,#8191,.T.);
#8191 = EDGE_CURVE('',#8192,#8192,#8194,.T.);
#8192 = VERTEX_POINT('',#8193);
#8193 = CARTESIAN_POINT('',(185.763026,-125.693789,0.));
#8194 = CIRCLE('',#8195,2.);
#8195 = AXIS2_PLACEMENT_3D('',#8196,#8197,#8198);
#8196 = CARTESIAN_POINT('',(185.763026,-123.693789,0.));
#8197 = DIRECTION('',(-0.,0.,-1.));
#8198 = DIRECTION('',(-0.,-1.,0.));
#8199 = FACE_BOUND('',#8200,.F.);
#8200 = EDGE_LOOP('',(#8201));
#8201 = ORIENTED_EDGE('',*,*,#8202,.T.);
#8202 = EDGE_CURVE('',#8203,#8203,#8205,.T.);
#8203 = VERTEX_POINT('',#8204);
#8204 = CARTESIAN_POINT('',(190.843026,-124.543789,0.));
#8205 = CIRCLE('',#8206,0.85);
#8206 = AXIS2_PLACEMENT_3D('',#8207,#8208,#8209);
#8207 = CARTESIAN_POINT('',(190.843026,-123.693789,0.));
#8208 = DIRECTION('',(-0.,0.,-1.));
#8209 = DIRECTION('',(-0.,-1.,0.));
#8210 = FACE_BOUND('',#8211,.F.);
#8211 = EDGE_LOOP('',(#8212));
#8212 = ORIENTED_EDGE('',*,*,#8213,.T.);
#8213 = EDGE_CURVE('',#8214,#8214,#8216,.T.);
#8214 = VERTEX_POINT('',#8215);
#8215 = CARTESIAN_POINT('',(200.398313,-124.384792,0.));
#8216 = CIRCLE('',#8217,0.85);
#8217 = AXIS2_PLACEMENT_3D('',#8218,#8219,#8220);
#8218 = CARTESIAN_POINT('',(200.398313,-123.534792,0.));
#8219 = DIRECTION('',(-0.,0.,-1.));
#8220 = DIRECTION('',(-0.,-1.,0.));
#8221 = FACE_BOUND('',#8222,.F.);
#8222 = EDGE_LOOP('',(#8223));
#8223 = ORIENTED_EDGE('',*,*,#8224,.T.);
#8224 = EDGE_CURVE('',#8225,#8225,#8227,.T.);
#8225 = VERTEX_POINT('',#8226);
#8226 = CARTESIAN_POINT('',(205.478313,-125.534792,0.));
#8227 = CIRCLE('',#8228,2.);
#8228 = AXIS2_PLACEMENT_3D('',#8229,#8230,#8231);
#8229 = CARTESIAN_POINT('',(205.478313,-123.534792,0.));
#8230 = DIRECTION('',(-0.,0.,-1.));
#8231 = DIRECTION('',(-0.,-1.,0.));
#8232 = FACE_BOUND('',#8233,.F.);
#8233 = EDGE_LOOP('',(#8234));
#8234 = ORIENTED_EDGE('',*,*,#8235,.T.);
#8235 = EDGE_CURVE('',#8236,#8236,#8238,.T.);
#8236 = VERTEX_POINT('',#8237);
#8237 = CARTESIAN_POINT('',(188.303026,-119.363789,0.));
#8238 = CIRCLE('',#8239,0.75);
#8239 = AXIS2_PLACEMENT_3D('',#8240,#8241,#8242);
#8240 = CARTESIAN_POINT('',(188.303026,-118.613789,0.));
#8241 = DIRECTION('',(-0.,0.,-1.));
#8242 = DIRECTION('',(-0.,-1.,0.));
#8243 = FACE_BOUND('',#8244,.F.);
#8244 = EDGE_LOOP('',(#8245));
#8245 = ORIENTED_EDGE('',*,*,#8246,.T.);
#8246 = EDGE_CURVE('',#8247,#8247,#8249,.T.);
#8247 = VERTEX_POINT('',#8248);
#8248 = CARTESIAN_POINT('',(201.668313,-121.744792,0.));
#8249 = CIRCLE('',#8250,0.75);
#8250 = AXIS2_PLACEMENT_3D('',#8251,#8252,#8253);
#8251 = CARTESIAN_POINT('',(201.668313,-120.994792,0.));
#8252 = DIRECTION('',(-0.,0.,-1.));
#8253 = DIRECTION('',(-0.,-1.,0.));
#8254 = FACE_BOUND('',#8255,.F.);
#8255 = EDGE_LOOP('',(#8256));
#8256 = ORIENTED_EDGE('',*,*,#8257,.T.);
#8257 = EDGE_CURVE('',#8258,#8258,#8260,.T.);
#8258 = VERTEX_POINT('',#8259);
#8259 = CARTESIAN_POINT('',(208.018313,-119.204792,0.));
#8260 = CIRCLE('',#8261,0.75);
#8261 = AXIS2_PLACEMENT_3D('',#8262,#8263,#8264);
#8262 = CARTESIAN_POINT('',(208.018313,-118.454792,0.));
#8263 = DIRECTION('',(-0.,0.,-1.));
#8264 = DIRECTION('',(-0.,-1.,0.));
#8265 = FACE_BOUND('',#8266,.F.);
#8266 = EDGE_LOOP('',(#8267));
#8267 = ORIENTED_EDGE('',*,*,#8268,.T.);
#8268 = EDGE_CURVE('',#8269,#8269,#8271,.T.);
#8269 = VERTEX_POINT('',#8270);
#8270 = CARTESIAN_POINT('',(210.558313,-124.384792,0.));
#8271 = CIRCLE('',#8272,0.85);
#8272 = AXIS2_PLACEMENT_3D('',#8273,#8274,#8275);
#8273 = CARTESIAN_POINT('',(210.558313,-123.534792,0.));
#8274 = DIRECTION('',(-0.,0.,-1.));
#8275 = DIRECTION('',(-0.,-1.,0.));
#8276 = FACE_BOUND('',#8277,.F.);
#8277 = EDGE_LOOP('',(#8278));
#8278 = ORIENTED_EDGE('',*,*,#8279,.T.);
#8279 = EDGE_CURVE('',#8280,#8280,#8282,.T.);
#8280 = VERTEX_POINT('',#8281);
#8281 = CARTESIAN_POINT('',(219.842986,-124.225764,0.));
#8282 = CIRCLE('',#8283,0.85);
#8283 = AXIS2_PLACEMENT_3D('',#8284,#8285,#8286);
#8284 = CARTESIAN_POINT('',(219.842986,-123.375764,0.));
#8285 = DIRECTION('',(-0.,0.,-1.));
#8286 = DIRECTION('',(-0.,-1.,0.));
#8287 = FACE_BOUND('',#8288,.F.);
#8288 = EDGE_LOOP('',(#8289));
#8289 = ORIENTED_EDGE('',*,*,#8290,.T.);
#8290 = EDGE_CURVE('',#8291,#8291,#8293,.T.);
#8291 = VERTEX_POINT('',#8292);
#8292 = CARTESIAN_POINT('',(224.922986,-125.375764,0.));
#8293 = CIRCLE('',#8294,2.);
#8294 = AXIS2_PLACEMENT_3D('',#8295,#8296,#8297);
#8295 = CARTESIAN_POINT('',(224.922986,-123.375764,0.));
#8296 = DIRECTION('',(-0.,0.,-1.));
#8297 = DIRECTION('',(-0.,-1.,0.));
#8298 = FACE_BOUND('',#8299,.F.);
#8299 = EDGE_LOOP('',(#8300));
#8300 = ORIENTED_EDGE('',*,*,#8301,.T.);
#8301 = EDGE_CURVE('',#8302,#8302,#8304,.T.);
#8302 = VERTEX_POINT('',#8303);
#8303 = CARTESIAN_POINT('',(230.002986,-124.225764,0.));
#8304 = CIRCLE('',#8305,0.85);
#8305 = AXIS2_PLACEMENT_3D('',#8306,#8307,#8308);
#8306 = CARTESIAN_POINT('',(230.002986,-123.375764,0.));
#8307 = DIRECTION('',(-0.,0.,-1.));
#8308 = DIRECTION('',(-0.,-1.,0.));
#8309 = FACE_BOUND('',#8310,.F.);
#8310 = EDGE_LOOP('',(#8311));
#8311 = ORIENTED_EDGE('',*,*,#8312,.T.);
#8312 = EDGE_CURVE('',#8313,#8313,#8315,.T.);
#8313 = VERTEX_POINT('',#8314);
#8314 = CARTESIAN_POINT('',(221.112986,-121.585764,0.));
#8315 = CIRCLE('',#8316,0.75);
#8316 = AXIS2_PLACEMENT_3D('',#8317,#8318,#8319);
#8317 = CARTESIAN_POINT('',(221.112986,-120.835764,0.));
#8318 = DIRECTION('',(-0.,0.,-1.));
#8319 = DIRECTION('',(-0.,-1.,0.));
#8320 = FACE_BOUND('',#8321,.F.);
#8321 = EDGE_LOOP('',(#8322));
#8322 = ORIENTED_EDGE('',*,*,#8323,.T.);
#8323 = EDGE_CURVE('',#8324,#8324,#8326,.T.);
#8324 = VERTEX_POINT('',#8325);
#8325 = CARTESIAN_POINT('',(227.462986,-119.045764,0.));
#8326 = CIRCLE('',#8327,0.75);
#8327 = AXIS2_PLACEMENT_3D('',#8328,#8329,#8330);
#8328 = CARTESIAN_POINT('',(227.462986,-118.295764,0.));
#8329 = DIRECTION('',(-0.,0.,-1.));
#8330 = DIRECTION('',(-0.,-1.,0.));
#8331 = FACE_BOUND('',#8332,.F.);
#8332 = EDGE_LOOP('',(#8333));
#8333 = ORIENTED_EDGE('',*,*,#8334,.T.);
#8334 = EDGE_CURVE('',#8335,#8335,#8337,.T.);
#8335 = VERTEX_POINT('',#8336);
#8336 = CARTESIAN_POINT('',(189.405661,-102.870471,0.));
#8337 = CIRCLE('',#8338,0.85);
#8338 = AXIS2_PLACEMENT_3D('',#8339,#8340,#8341);
#8339 = CARTESIAN_POINT('',(189.405661,-102.020471,0.));
#8340 = DIRECTION('',(-0.,0.,-1.));
#8341 = DIRECTION('',(-0.,-1.,0.));
#8342 = FACE_BOUND('',#8343,.F.);
#8343 = EDGE_LOOP('',(#8344));
#8344 = ORIENTED_EDGE('',*,*,#8345,.T.);
#8345 = EDGE_CURVE('',#8346,#8346,#8348,.T.);
#8346 = VERTEX_POINT('',#8347);
#8347 = CARTESIAN_POINT('',(194.485661,-104.020471,0.));
#8348 = CIRCLE('',#8349,2.);
#8349 = AXIS2_PLACEMENT_3D('',#8350,#8351,#8352);
#8350 = CARTESIAN_POINT('',(194.485661,-102.020471,0.));
#8351 = DIRECTION('',(-0.,0.,-1.));
#8352 = DIRECTION('',(-0.,-1.,0.));
#8353 = FACE_BOUND('',#8354,.F.);
#8354 = EDGE_LOOP('',(#8355));
#8355 = ORIENTED_EDGE('',*,*,#8356,.T.);
#8356 = EDGE_CURVE('',#8357,#8357,#8359,.T.);
#8357 = VERTEX_POINT('',#8358);
#8358 = CARTESIAN_POINT('',(199.565661,-102.870471,0.));
#8359 = CIRCLE('',#8360,0.85);
#8360 = AXIS2_PLACEMENT_3D('',#8361,#8362,#8363);
#8361 = CARTESIAN_POINT('',(199.565661,-102.020471,0.));
#8362 = DIRECTION('',(-0.,0.,-1.));
#8363 = DIRECTION('',(-0.,-1.,0.));
#8364 = FACE_BOUND('',#8365,.F.);
#8365 = EDGE_LOOP('',(#8366));
#8366 = ORIENTED_EDGE('',*,*,#8367,.T.);
#8367 = EDGE_CURVE('',#8368,#8368,#8370,.T.);
#8368 = VERTEX_POINT('',#8369);
#8369 = CARTESIAN_POINT('',(209.18883,-102.775325,0.));
#8370 = CIRCLE('',#8371,0.85);
#8371 = AXIS2_PLACEMENT_3D('',#8372,#8373,#8374);
#8372 = CARTESIAN_POINT('',(209.18883,-101.925325,0.));
#8373 = DIRECTION('',(-0.,0.,-1.));
#8374 = DIRECTION('',(-0.,-1.,0.));
#8375 = FACE_BOUND('',#8376,.F.);
#8376 = EDGE_LOOP('',(#8377));
#8377 = ORIENTED_EDGE('',*,*,#8378,.T.);
#8378 = EDGE_CURVE('',#8379,#8379,#8381,.T.);
#8379 = VERTEX_POINT('',#8380);
#8380 = CARTESIAN_POINT('',(214.26883,-103.925325,0.));
#8381 = CIRCLE('',#8382,2.);
#8382 = AXIS2_PLACEMENT_3D('',#8383,#8384,#8385);
#8383 = CARTESIAN_POINT('',(214.26883,-101.925325,0.));
#8384 = DIRECTION('',(-0.,0.,-1.));
#8385 = DIRECTION('',(-0.,-1.,0.));
#8386 = FACE_BOUND('',#8387,.F.);
#8387 = EDGE_LOOP('',(#8388));
#8388 = ORIENTED_EDGE('',*,*,#8389,.T.);
#8389 = EDGE_CURVE('',#8390,#8390,#8392,.T.);
#8390 = VERTEX_POINT('',#8391);
#8391 = CARTESIAN_POINT('',(219.34883,-102.775325,0.));
#8392 = CIRCLE('',#8393,0.85);
#8393 = AXIS2_PLACEMENT_3D('',#8394,#8395,#8396);
#8394 = CARTESIAN_POINT('',(219.34883,-101.925325,0.));
#8395 = DIRECTION('',(-0.,0.,-1.));
#8396 = DIRECTION('',(-0.,-1.,0.));
#8397 = FACE_BOUND('',#8398,.F.);
#8398 = EDGE_LOOP('',(#8399));
#8399 = ORIENTED_EDGE('',*,*,#8400,.T.);
#8400 = EDGE_CURVE('',#8401,#8401,#8403,.T.);
#8401 = VERTEX_POINT('',#8402);
#8402 = CARTESIAN_POINT('',(33.713777,-100.267185,0.));
#8403 = CIRCLE('',#8404,0.75);
#8404 = AXIS2_PLACEMENT_3D('',#8405,#8406,#8407);
#8405 = CARTESIAN_POINT('',(33.713777,-99.517185,0.));
#8406 = DIRECTION('',(-0.,0.,-1.));
#8407 = DIRECTION('',(-0.,-1.,0.));
#8408 = FACE_BOUND('',#8409,.F.);
#8409 = EDGE_LOOP('',(#8410));
#8410 = ORIENTED_EDGE('',*,*,#8411,.T.);
#8411 = EDGE_CURVE('',#8412,#8412,#8414,.T.);
#8412 = VERTEX_POINT('',#8413);
#8413 = CARTESIAN_POINT('',(40.063777,-97.727185,0.));
#8414 = CIRCLE('',#8415,0.75);
#8415 = AXIS2_PLACEMENT_3D('',#8416,#8417,#8418);
#8416 = CARTESIAN_POINT('',(40.063777,-96.977185,0.));
#8417 = DIRECTION('',(-0.,0.,-1.));
#8418 = DIRECTION('',(-0.,-1.,0.));
#8419 = FACE_BOUND('',#8420,.F.);
#8420 = EDGE_LOOP('',(#8421));
#8421 = ORIENTED_EDGE('',*,*,#8422,.T.);
#8422 = EDGE_CURVE('',#8423,#8423,#8425,.T.);
#8423 = VERTEX_POINT('',#8424);
#8424 = CARTESIAN_POINT('',(53.211373,-100.378753,0.));
#8425 = CIRCLE('',#8426,0.75);
#8426 = AXIS2_PLACEMENT_3D('',#8427,#8428,#8429);
#8427 = CARTESIAN_POINT('',(53.211373,-99.628753,0.));
#8428 = DIRECTION('',(-0.,0.,-1.));
#8429 = DIRECTION('',(-0.,-1.,0.));
#8430 = FACE_BOUND('',#8431,.F.);
#8431 = EDGE_LOOP('',(#8432));
#8432 = ORIENTED_EDGE('',*,*,#8433,.T.);
#8433 = EDGE_CURVE('',#8434,#8434,#8436,.T.);
#8434 = VERTEX_POINT('',#8435);
#8435 = CARTESIAN_POINT('',(59.561373,-97.838753,0.));
#8436 = CIRCLE('',#8437,0.75);
#8437 = AXIS2_PLACEMENT_3D('',#8438,#8439,#8440);
#8438 = CARTESIAN_POINT('',(59.561373,-97.088753,0.));
#8439 = DIRECTION('',(-0.,0.,-1.));
#8440 = DIRECTION('',(-0.,-1.,0.));
#8441 = FACE_BOUND('',#8442,.F.);
#8442 = EDGE_LOOP('',(#8443));
#8443 = ORIENTED_EDGE('',*,*,#8444,.T.);
#8444 = EDGE_CURVE('',#8445,#8445,#8447,.T.);
#8445 = VERTEX_POINT('',#8446);
#8446 = CARTESIAN_POINT('',(72.991748,-100.267185,0.));
#8447 = CIRCLE('',#8448,0.75);
#8448 = AXIS2_PLACEMENT_3D('',#8449,#8450,#8451);
#8449 = CARTESIAN_POINT('',(72.991748,-99.517185,0.));
#8450 = DIRECTION('',(-0.,0.,-1.));
#8451 = DIRECTION('',(-0.,-1.,0.));
#8452 = FACE_BOUND('',#8453,.F.);
#8453 = EDGE_LOOP('',(#8454));
#8454 = ORIENTED_EDGE('',*,*,#8455,.T.);
#8455 = EDGE_CURVE('',#8456,#8456,#8458,.T.);
#8456 = VERTEX_POINT('',#8457);
#8457 = CARTESIAN_POINT('',(43.294647,-81.370471,0.));
#8458 = CIRCLE('',#8459,0.85);
#8459 = AXIS2_PLACEMENT_3D('',#8460,#8461,#8462);
#8460 = CARTESIAN_POINT('',(43.294647,-80.520471,0.));
#8461 = DIRECTION('',(-0.,0.,-1.));
#8462 = DIRECTION('',(-0.,-1.,0.));
#8463 = FACE_BOUND('',#8464,.F.);
#8464 = EDGE_LOOP('',(#8465));
#8465 = ORIENTED_EDGE('',*,*,#8466,.T.);
#8466 = EDGE_CURVE('',#8467,#8467,#8469,.T.);
#8467 = VERTEX_POINT('',#8468);
#8468 = CARTESIAN_POINT('',(48.374647,-82.520471,0.));
#8469 = CIRCLE('',#8470,2.);
#8470 = AXIS2_PLACEMENT_3D('',#8471,#8472,#8473);
#8471 = CARTESIAN_POINT('',(48.374647,-80.520471,0.));
#8472 = DIRECTION('',(-0.,0.,-1.));
#8473 = DIRECTION('',(-0.,-1.,0.));
#8474 = FACE_BOUND('',#8475,.F.);
#8475 = EDGE_LOOP('',(#8476));
#8476 = ORIENTED_EDGE('',*,*,#8477,.T.);
#8477 = EDGE_CURVE('',#8478,#8478,#8480,.T.);
#8478 = VERTEX_POINT('',#8479);
#8479 = CARTESIAN_POINT('',(44.564647,-78.730471,0.));
#8480 = CIRCLE('',#8481,0.75);
#8481 = AXIS2_PLACEMENT_3D('',#8482,#8483,#8484);
#8482 = CARTESIAN_POINT('',(44.564647,-77.980471,0.));
#8483 = DIRECTION('',(-0.,0.,-1.));
#8484 = DIRECTION('',(-0.,-1.,0.));
#8485 = FACE_BOUND('',#8486,.F.);
#8486 = EDGE_LOOP('',(#8487));
#8487 = ORIENTED_EDGE('',*,*,#8488,.T.);
#8488 = EDGE_CURVE('',#8489,#8489,#8491,.T.);
#8489 = VERTEX_POINT('',#8490);
#8490 = CARTESIAN_POINT('',(53.454647,-81.370471,0.));
#8491 = CIRCLE('',#8492,0.85);
#8492 = AXIS2_PLACEMENT_3D('',#8493,#8494,#8495);
#8493 = CARTESIAN_POINT('',(53.454647,-80.520471,0.));
#8494 = DIRECTION('',(-0.,0.,-1.));
#8495 = DIRECTION('',(-0.,-1.,0.));
#8496 = FACE_BOUND('',#8497,.F.);
#8497 = EDGE_LOOP('',(#8498));
#8498 = ORIENTED_EDGE('',*,*,#8499,.T.);
#8499 = EDGE_CURVE('',#8500,#8500,#8502,.T.);
#8500 = VERTEX_POINT('',#8501);
#8501 = CARTESIAN_POINT('',(62.980581,-81.473799,0.));
#8502 = CIRCLE('',#8503,0.85);
#8503 = AXIS2_PLACEMENT_3D('',#8504,#8505,#8506);
#8504 = CARTESIAN_POINT('',(62.980581,-80.623799,0.));
#8505 = DIRECTION('',(-0.,0.,-1.));
#8506 = DIRECTION('',(-0.,-1.,0.));
#8507 = FACE_BOUND('',#8508,.F.);
#8508 = EDGE_LOOP('',(#8509));
#8509 = ORIENTED_EDGE('',*,*,#8510,.T.);
#8510 = EDGE_CURVE('',#8511,#8511,#8513,.T.);
#8511 = VERTEX_POINT('',#8512);
#8512 = CARTESIAN_POINT('',(68.060581,-82.623799,0.));
#8513 = CIRCLE('',#8514,2.);
#8514 = AXIS2_PLACEMENT_3D('',#8515,#8516,#8517);
#8515 = CARTESIAN_POINT('',(68.060581,-80.623799,0.));
#8516 = DIRECTION('',(-0.,0.,-1.));
#8517 = DIRECTION('',(-0.,-1.,0.));
#8518 = FACE_BOUND('',#8519,.F.);
#8519 = EDGE_LOOP('',(#8520));
#8520 = ORIENTED_EDGE('',*,*,#8521,.T.);
#8521 = EDGE_CURVE('',#8522,#8522,#8524,.T.);
#8522 = VERTEX_POINT('',#8523);
#8523 = CARTESIAN_POINT('',(73.140581,-81.473799,0.));
#8524 = CIRCLE('',#8525,0.85);
#8525 = AXIS2_PLACEMENT_3D('',#8526,#8527,#8528);
#8526 = CARTESIAN_POINT('',(73.140581,-80.623799,0.));
#8527 = DIRECTION('',(-0.,0.,-1.));
#8528 = DIRECTION('',(-0.,-1.,0.));
#8529 = FACE_BOUND('',#8530,.F.);
#8530 = EDGE_LOOP('',(#8531));
#8531 = ORIENTED_EDGE('',*,*,#8532,.T.);
#8532 = EDGE_CURVE('',#8533,#8533,#8535,.T.);
#8533 = VERTEX_POINT('',#8534);
#8534 = CARTESIAN_POINT('',(50.914647,-76.190471,0.));
#8535 = CIRCLE('',#8536,0.75);
#8536 = AXIS2_PLACEMENT_3D('',#8537,#8538,#8539);
#8537 = CARTESIAN_POINT('',(50.914647,-75.440471,0.));
#8538 = DIRECTION('',(-0.,0.,-1.));
#8539 = DIRECTION('',(-0.,-1.,0.));
#8540 = FACE_BOUND('',#8541,.F.);
#8541 = EDGE_LOOP('',(#8542));
#8542 = ORIENTED_EDGE('',*,*,#8543,.T.);
#8543 = EDGE_CURVE('',#8544,#8544,#8546,.T.);
#8544 = VERTEX_POINT('',#8545);
#8545 = CARTESIAN_POINT('',(64.250581,-78.833799,0.));
#8546 = CIRCLE('',#8547,0.75);
#8547 = AXIS2_PLACEMENT_3D('',#8548,#8549,#8550);
#8548 = CARTESIAN_POINT('',(64.250581,-78.083799,0.));
#8549 = DIRECTION('',(-0.,0.,-1.));
#8550 = DIRECTION('',(-0.,-1.,0.));
#8551 = FACE_BOUND('',#8552,.F.);
#8552 = EDGE_LOOP('',(#8553));
#8553 = ORIENTED_EDGE('',*,*,#8554,.T.);
#8554 = EDGE_CURVE('',#8555,#8555,#8557,.T.);
#8555 = VERTEX_POINT('',#8556);
#8556 = CARTESIAN_POINT('',(70.600581,-76.293799,0.));
#8557 = CIRCLE('',#8558,0.75);
#8558 = AXIS2_PLACEMENT_3D('',#8559,#8560,#8561);
#8559 = CARTESIAN_POINT('',(70.600581,-75.543799,0.));
#8560 = DIRECTION('',(-0.,0.,-1.));
#8561 = DIRECTION('',(-0.,-1.,0.));
#8562 = FACE_BOUND('',#8563,.F.);
#8563 = EDGE_LOOP('',(#8564));
#8564 = ORIENTED_EDGE('',*,*,#8565,.T.);
#8565 = EDGE_CURVE('',#8566,#8566,#8568,.T.);
#8566 = VERTEX_POINT('',#8567);
#8567 = CARTESIAN_POINT('',(79.341748,-97.727185,0.));
#8568 = CIRCLE('',#8569,0.75);
#8569 = AXIS2_PLACEMENT_3D('',#8570,#8571,#8572);
#8570 = CARTESIAN_POINT('',(79.341748,-96.977185,0.));
#8571 = DIRECTION('',(-0.,0.,-1.));
#8572 = DIRECTION('',(-0.,-1.,0.));
#8573 = FACE_BOUND('',#8574,.F.);
#8574 = EDGE_LOOP('',(#8575));
#8575 = ORIENTED_EDGE('',*,*,#8576,.T.);
#8576 = EDGE_CURVE('',#8577,#8577,#8579,.T.);
#8577 = VERTEX_POINT('',#8578);
#8578 = CARTESIAN_POINT('',(92.380734,-100.267185,0.));
#8579 = CIRCLE('',#8580,0.75);
#8580 = AXIS2_PLACEMENT_3D('',#8581,#8582,#8583);
#8581 = CARTESIAN_POINT('',(92.380734,-99.517185,0.));
#8582 = DIRECTION('',(-0.,0.,-1.));
#8583 = DIRECTION('',(-0.,-1.,0.));
#8584 = FACE_BOUND('',#8585,.F.);
#8585 = EDGE_LOOP('',(#8586));
#8586 = ORIENTED_EDGE('',*,*,#8587,.T.);
#8587 = EDGE_CURVE('',#8588,#8588,#8590,.T.);
#8588 = VERTEX_POINT('',#8589);
#8589 = CARTESIAN_POINT('',(98.730734,-97.727185,0.));
#8590 = CIRCLE('',#8591,0.75);
#8591 = AXIS2_PLACEMENT_3D('',#8592,#8593,#8594);
#8592 = CARTESIAN_POINT('',(98.730734,-96.977185,0.));
#8593 = DIRECTION('',(-0.,0.,-1.));
#8594 = DIRECTION('',(-0.,-1.,0.));
#8595 = FACE_BOUND('',#8596,.F.);
#8596 = EDGE_LOOP('',(#8597));
#8597 = ORIENTED_EDGE('',*,*,#8598,.T.);
#8598 = EDGE_CURVE('',#8599,#8599,#8601,.T.);
#8599 = VERTEX_POINT('',#8600);
#8600 = CARTESIAN_POINT('',(112.174647,-100.267185,0.));
#8601 = CIRCLE('',#8602,0.75);
#8602 = AXIS2_PLACEMENT_3D('',#8603,#8604,#8605);
#8603 = CARTESIAN_POINT('',(112.174647,-99.517185,0.));
#8604 = DIRECTION('',(-0.,0.,-1.));
#8605 = DIRECTION('',(-0.,-1.,0.));
#8606 = FACE_BOUND('',#8607,.F.);
#8607 = EDGE_LOOP('',(#8608));
#8608 = ORIENTED_EDGE('',*,*,#8609,.T.);
#8609 = EDGE_CURVE('',#8610,#8610,#8612,.T.);
#8610 = VERTEX_POINT('',#8611);
#8611 = CARTESIAN_POINT('',(118.524647,-97.727185,0.));
#8612 = CIRCLE('',#8613,0.75);
#8613 = AXIS2_PLACEMENT_3D('',#8614,#8615,#8616);
#8614 = CARTESIAN_POINT('',(118.524647,-96.977185,0.));
#8615 = DIRECTION('',(-0.,0.,-1.));
#8616 = DIRECTION('',(-0.,-1.,0.));
#8617 = FACE_BOUND('',#8618,.F.);
#8618 = EDGE_LOOP('',(#8619));
#8619 = ORIENTED_EDGE('',*,*,#8620,.T.);
#8620 = EDGE_CURVE('',#8621,#8621,#8623,.T.);
#8621 = VERTEX_POINT('',#8622);
#8622 = CARTESIAN_POINT('',(82.648833,-81.473799,0.));
#8623 = CIRCLE('',#8624,0.85);
#8624 = AXIS2_PLACEMENT_3D('',#8625,#8626,#8627);
#8625 = CARTESIAN_POINT('',(82.648833,-80.623799,0.));
#8626 = DIRECTION('',(-0.,0.,-1.));
#8627 = DIRECTION('',(-0.,-1.,0.));
#8628 = FACE_BOUND('',#8629,.F.);
#8629 = EDGE_LOOP('',(#8630));
#8630 = ORIENTED_EDGE('',*,*,#8631,.T.);
#8631 = EDGE_CURVE('',#8632,#8632,#8634,.T.);
#8632 = VERTEX_POINT('',#8633);
#8633 = CARTESIAN_POINT('',(87.728833,-82.623799,0.));
#8634 = CIRCLE('',#8635,2.);
#8635 = AXIS2_PLACEMENT_3D('',#8636,#8637,#8638);
#8636 = CARTESIAN_POINT('',(87.728833,-80.623799,0.));
#8637 = DIRECTION('',(-0.,0.,-1.));
#8638 = DIRECTION('',(-0.,-1.,0.));
#8639 = FACE_BOUND('',#8640,.F.);
#8640 = EDGE_LOOP('',(#8641));
#8641 = ORIENTED_EDGE('',*,*,#8642,.T.);
#8642 = EDGE_CURVE('',#8643,#8643,#8645,.T.);
#8643 = VERTEX_POINT('',#8644);
#8644 = CARTESIAN_POINT('',(92.808833,-81.473799,0.));
#8645 = CIRCLE('',#8646,0.85);
#8646 = AXIS2_PLACEMENT_3D('',#8647,#8648,#8649);
#8647 = CARTESIAN_POINT('',(92.808833,-80.623799,0.));
#8648 = DIRECTION('',(-0.,0.,-1.));
#8649 = DIRECTION('',(1.671865260612E-14,-1.,-0.));
#8650 = FACE_BOUND('',#8651,.F.);
#8651 = EDGE_LOOP('',(#8652));
#8652 = ORIENTED_EDGE('',*,*,#8653,.T.);
#8653 = EDGE_CURVE('',#8654,#8654,#8656,.T.);
#8654 = VERTEX_POINT('',#8655);
#8655 = CARTESIAN_POINT('',(102.215912,-81.526412,0.));
#8656 = CIRCLE('',#8657,0.85);
#8657 = AXIS2_PLACEMENT_3D('',#8658,#8659,#8660);
#8658 = CARTESIAN_POINT('',(102.215912,-80.676412,0.));
#8659 = DIRECTION('',(-0.,0.,-1.));
#8660 = DIRECTION('',(-0.,-1.,0.));
#8661 = FACE_BOUND('',#8662,.F.);
#8662 = EDGE_LOOP('',(#8663));
#8663 = ORIENTED_EDGE('',*,*,#8664,.T.);
#8664 = EDGE_CURVE('',#8665,#8665,#8667,.T.);
#8665 = VERTEX_POINT('',#8666);
#8666 = CARTESIAN_POINT('',(83.918833,-78.833799,0.));
#8667 = CIRCLE('',#8668,0.75);
#8668 = AXIS2_PLACEMENT_3D('',#8669,#8670,#8671);
#8669 = CARTESIAN_POINT('',(83.918833,-78.083799,0.));
#8670 = DIRECTION('',(-0.,0.,-1.));
#8671 = DIRECTION('',(-0.,-1.,0.));
#8672 = FACE_BOUND('',#8673,.F.);
#8673 = EDGE_LOOP('',(#8674));
#8674 = ORIENTED_EDGE('',*,*,#8675,.T.);
#8675 = EDGE_CURVE('',#8676,#8676,#8678,.T.);
#8676 = VERTEX_POINT('',#8677);
#8677 = CARTESIAN_POINT('',(90.268833,-76.293799,0.));
#8678 = CIRCLE('',#8679,0.75);
#8679 = AXIS2_PLACEMENT_3D('',#8680,#8681,#8682);
#8680 = CARTESIAN_POINT('',(90.268833,-75.543799,0.));
#8681 = DIRECTION('',(-0.,0.,-1.));
#8682 = DIRECTION('',(-0.,-1.,0.));
#8683 = FACE_BOUND('',#8684,.F.);
#8684 = EDGE_LOOP('',(#8685));
#8685 = ORIENTED_EDGE('',*,*,#8686,.T.);
#8686 = EDGE_CURVE('',#8687,#8687,#8689,.T.);
#8687 = VERTEX_POINT('',#8688);
#8688 = CARTESIAN_POINT('',(103.485912,-78.886412,0.));
#8689 = CIRCLE('',#8690,0.75);
#8690 = AXIS2_PLACEMENT_3D('',#8691,#8692,#8693);
#8691 = CARTESIAN_POINT('',(103.485912,-78.136412,0.));
#8692 = DIRECTION('',(-0.,0.,-1.));
#8693 = DIRECTION('',(-0.,-1.,0.));
#8694 = FACE_BOUND('',#8695,.F.);
#8695 = EDGE_LOOP('',(#8696));
#8696 = ORIENTED_EDGE('',*,*,#8697,.T.);
#8697 = EDGE_CURVE('',#8698,#8698,#8700,.T.);
#8698 = VERTEX_POINT('',#8699);
#8699 = CARTESIAN_POINT('',(107.295912,-82.676412,0.));
#8700 = CIRCLE('',#8701,2.);
#8701 = AXIS2_PLACEMENT_3D('',#8702,#8703,#8704);
#8702 = CARTESIAN_POINT('',(107.295912,-80.676412,0.));
#8703 = DIRECTION('',(-0.,0.,-1.));
#8704 = DIRECTION('',(-0.,-1.,0.));
#8705 = FACE_BOUND('',#8706,.F.);
#8706 = EDGE_LOOP('',(#8707));
#8707 = ORIENTED_EDGE('',*,*,#8708,.T.);
#8708 = EDGE_CURVE('',#8709,#8709,#8711,.T.);
#8709 = VERTEX_POINT('',#8710);
#8710 = CARTESIAN_POINT('',(112.375912,-81.526412,0.));
#8711 = CIRCLE('',#8712,0.85);
#8712 = AXIS2_PLACEMENT_3D('',#8713,#8714,#8715);
#8713 = CARTESIAN_POINT('',(112.375912,-80.676412,0.));
#8714 = DIRECTION('',(-0.,0.,-1.));
#8715 = DIRECTION('',(-0.,-1.,0.));
#8716 = FACE_BOUND('',#8717,.F.);
#8717 = EDGE_LOOP('',(#8718));
#8718 = ORIENTED_EDGE('',*,*,#8719,.T.);
#8719 = EDGE_CURVE('',#8720,#8720,#8722,.T.);
#8720 = VERTEX_POINT('',#8721);
#8721 = CARTESIAN_POINT('',(121.914721,-81.560471,0.));
#8722 = CIRCLE('',#8723,0.85);
#8723 = AXIS2_PLACEMENT_3D('',#8724,#8725,#8726);
#8724 = CARTESIAN_POINT('',(121.914721,-80.710471,0.));
#8725 = DIRECTION('',(-0.,0.,-1.));
#8726 = DIRECTION('',(-0.,-1.,0.));
#8727 = FACE_BOUND('',#8728,.F.);
#8728 = EDGE_LOOP('',(#8729));
#8729 = ORIENTED_EDGE('',*,*,#8730,.T.);
#8730 = EDGE_CURVE('',#8731,#8731,#8733,.T.);
#8731 = VERTEX_POINT('',#8732);
#8732 = CARTESIAN_POINT('',(126.994721,-82.710471,0.));
#8733 = CIRCLE('',#8734,2.);
#8734 = AXIS2_PLACEMENT_3D('',#8735,#8736,#8737);
#8735 = CARTESIAN_POINT('',(126.994721,-80.710471,0.));
#8736 = DIRECTION('',(-0.,0.,-1.));
#8737 = DIRECTION('',(-0.,-1.,0.));
#8738 = FACE_BOUND('',#8739,.F.);
#8739 = EDGE_LOOP('',(#8740));
#8740 = ORIENTED_EDGE('',*,*,#8741,.T.);
#8741 = EDGE_CURVE('',#8742,#8742,#8744,.T.);
#8742 = VERTEX_POINT('',#8743);
#8743 = CARTESIAN_POINT('',(109.835912,-76.346412,0.));
#8744 = CIRCLE('',#8745,0.75);
#8745 = AXIS2_PLACEMENT_3D('',#8746,#8747,#8748);
#8746 = CARTESIAN_POINT('',(109.835912,-75.596412,0.));
#8747 = DIRECTION('',(-0.,0.,-1.));
#8748 = DIRECTION('',(-0.,-1.,0.));
#8749 = FACE_BOUND('',#8750,.F.);
#8750 = EDGE_LOOP('',(#8751));
#8751 = ORIENTED_EDGE('',*,*,#8752,.T.);
#8752 = EDGE_CURVE('',#8753,#8753,#8755,.T.);
#8753 = VERTEX_POINT('',#8754);
#8754 = CARTESIAN_POINT('',(123.184721,-78.920471,0.));
#8755 = CIRCLE('',#8756,0.75);
#8756 = AXIS2_PLACEMENT_3D('',#8757,#8758,#8759);
#8757 = CARTESIAN_POINT('',(123.184721,-78.170471,0.));
#8758 = DIRECTION('',(-0.,0.,-1.));
#8759 = DIRECTION('',(-0.,-1.,0.));
#8760 = FACE_BOUND('',#8761,.F.);
#8761 = EDGE_LOOP('',(#8762));
#8762 = ORIENTED_EDGE('',*,*,#8763,.T.);
#8763 = EDGE_CURVE('',#8764,#8764,#8766,.T.);
#8764 = VERTEX_POINT('',#8765);
#8765 = CARTESIAN_POINT('',(129.534721,-76.380471,0.));
#8766 = CIRCLE('',#8767,0.75);
#8767 = AXIS2_PLACEMENT_3D('',#8768,#8769,#8770);
#8768 = CARTESIAN_POINT('',(129.534721,-75.630471,0.));
#8769 = DIRECTION('',(-0.,0.,-1.));
#8770 = DIRECTION('',(-0.,-1.,0.));
#8771 = FACE_BOUND('',#8772,.F.);
#8772 = EDGE_LOOP('',(#8773));
#8773 = ORIENTED_EDGE('',*,*,#8774,.T.);
#8774 = EDGE_CURVE('',#8775,#8775,#8777,.T.);
#8775 = VERTEX_POINT('',#8776);
#8776 = CARTESIAN_POINT('',(32.294647,-58.992386,0.));
#8777 = CIRCLE('',#8778,0.85);
#8778 = AXIS2_PLACEMENT_3D('',#8779,#8780,#8781);
#8779 = CARTESIAN_POINT('',(32.294647,-58.142386,0.));
#8780 = DIRECTION('',(-0.,0.,-1.));
#8781 = DIRECTION('',(-0.,-1.,0.));
#8782 = FACE_BOUND('',#8783,.F.);
#8783 = EDGE_LOOP('',(#8784));
#8784 = ORIENTED_EDGE('',*,*,#8785,.T.);
#8785 = EDGE_CURVE('',#8786,#8786,#8788,.T.);
#8786 = VERTEX_POINT('',#8787);
#8787 = CARTESIAN_POINT('',(37.374647,-60.142386,0.));
#8788 = CIRCLE('',#8789,2.);
#8789 = AXIS2_PLACEMENT_3D('',#8790,#8791,#8792);
#8790 = CARTESIAN_POINT('',(37.374647,-58.142386,0.));
#8791 = DIRECTION('',(-0.,0.,-1.));
#8792 = DIRECTION('',(-0.,-1.,0.));
#8793 = FACE_BOUND('',#8794,.F.);
#8794 = EDGE_LOOP('',(#8795));
#8795 = ORIENTED_EDGE('',*,*,#8796,.T.);
#8796 = EDGE_CURVE('',#8797,#8797,#8799,.T.);
#8797 = VERTEX_POINT('',#8798);
#8798 = CARTESIAN_POINT('',(42.454647,-58.992386,0.));
#8799 = CIRCLE('',#8800,0.85);
#8800 = AXIS2_PLACEMENT_3D('',#8801,#8802,#8803);
#8801 = CARTESIAN_POINT('',(42.454647,-58.142386,0.));
#8802 = DIRECTION('',(-0.,0.,-1.));
#8803 = DIRECTION('',(-0.,-1.,0.));
#8804 = FACE_BOUND('',#8805,.F.);
#8805 = EDGE_LOOP('',(#8806));
#8806 = ORIENTED_EDGE('',*,*,#8807,.T.);
#8807 = EDGE_CURVE('',#8808,#8808,#8810,.T.);
#8808 = VERTEX_POINT('',#8809);
#8809 = CARTESIAN_POINT('',(51.938397,-58.992386,0.));
#8810 = CIRCLE('',#8811,0.85);
#8811 = AXIS2_PLACEMENT_3D('',#8812,#8813,#8814);
#8812 = CARTESIAN_POINT('',(51.938397,-58.142386,0.));
#8813 = DIRECTION('',(-0.,0.,-1.));
#8814 = DIRECTION('',(-0.,-1.,0.));
#8815 = FACE_BOUND('',#8816,.F.);
#8816 = EDGE_LOOP('',(#8817));
#8817 = ORIENTED_EDGE('',*,*,#8818,.T.);
#8818 = EDGE_CURVE('',#8819,#8819,#8821,.T.);
#8819 = VERTEX_POINT('',#8820);
#8820 = CARTESIAN_POINT('',(57.018397,-60.142386,0.));
#8821 = CIRCLE('',#8822,2.);
#8822 = AXIS2_PLACEMENT_3D('',#8823,#8824,#8825);
#8823 = CARTESIAN_POINT('',(57.018397,-58.142386,0.));
#8824 = DIRECTION('',(-0.,0.,-1.));
#8825 = DIRECTION('',(-0.,-1.,0.));
#8826 = FACE_BOUND('',#8827,.F.);
#8827 = EDGE_LOOP('',(#8828));
#8828 = ORIENTED_EDGE('',*,*,#8829,.T.);
#8829 = EDGE_CURVE('',#8830,#8830,#8832,.T.);
#8830 = VERTEX_POINT('',#8831);
#8831 = CARTESIAN_POINT('',(62.098397,-58.992386,0.));
#8832 = CIRCLE('',#8833,0.85);
#8833 = AXIS2_PLACEMENT_3D('',#8834,#8835,#8836);
#8834 = CARTESIAN_POINT('',(62.098397,-58.142386,0.));
#8835 = DIRECTION('',(-0.,0.,-1.));
#8836 = DIRECTION('',(-0.,-1.,0.));
#8837 = FACE_BOUND('',#8838,.F.);
#8838 = EDGE_LOOP('',(#8839));
#8839 = ORIENTED_EDGE('',*,*,#8840,.T.);
#8840 = EDGE_CURVE('',#8841,#8841,#8843,.T.);
#8841 = VERTEX_POINT('',#8842);
#8842 = CARTESIAN_POINT('',(71.582147,-58.992386,0.));
#8843 = CIRCLE('',#8844,0.85);
#8844 = AXIS2_PLACEMENT_3D('',#8845,#8846,#8847);
#8845 = CARTESIAN_POINT('',(71.582147,-58.142386,0.));
#8846 = DIRECTION('',(-0.,0.,-1.));
#8847 = DIRECTION('',(1.671865260612E-14,-1.,-0.));
#8848 = FACE_BOUND('',#8849,.F.);
#8849 = EDGE_LOOP('',(#8850));
#8850 = ORIENTED_EDGE('',*,*,#8851,.T.);
#8851 = EDGE_CURVE('',#8852,#8852,#8854,.T.);
#8852 = VERTEX_POINT('',#8853);
#8853 = CARTESIAN_POINT('',(76.662147,-60.142386,0.));
#8854 = CIRCLE('',#8855,2.);
#8855 = AXIS2_PLACEMENT_3D('',#8856,#8857,#8858);
#8856 = CARTESIAN_POINT('',(76.662147,-58.142386,0.));
#8857 = DIRECTION('',(-0.,0.,-1.));
#8858 = DIRECTION('',(-0.,-1.,0.));
#8859 = FACE_BOUND('',#8860,.F.);
#8860 = EDGE_LOOP('',(#8861));
#8861 = ORIENTED_EDGE('',*,*,#8862,.T.);
#8862 = EDGE_CURVE('',#8863,#8863,#8865,.T.);
#8863 = VERTEX_POINT('',#8864);
#8864 = CARTESIAN_POINT('',(33.564647,-56.352386,0.));
#8865 = CIRCLE('',#8866,0.75);
#8866 = AXIS2_PLACEMENT_3D('',#8867,#8868,#8869);
#8867 = CARTESIAN_POINT('',(33.564647,-55.602386,0.));
#8868 = DIRECTION('',(-0.,0.,-1.));
#8869 = DIRECTION('',(-0.,-1.,0.));
#8870 = FACE_BOUND('',#8871,.F.);
#8871 = EDGE_LOOP('',(#8872));
#8872 = ORIENTED_EDGE('',*,*,#8873,.T.);
#8873 = EDGE_CURVE('',#8874,#8874,#8876,.T.);
#8874 = VERTEX_POINT('',#8875);
#8875 = CARTESIAN_POINT('',(39.914647,-53.812386,0.));
#8876 = CIRCLE('',#8877,0.75);
#8877 = AXIS2_PLACEMENT_3D('',#8878,#8879,#8880);
#8878 = CARTESIAN_POINT('',(39.914647,-53.062386,0.));
#8879 = DIRECTION('',(-0.,0.,-1.));
#8880 = DIRECTION('',(-0.,-1.,0.));
#8881 = FACE_BOUND('',#8882,.F.);
#8882 = EDGE_LOOP('',(#8883));
#8883 = ORIENTED_EDGE('',*,*,#8884,.T.);
#8884 = EDGE_CURVE('',#8885,#8885,#8887,.T.);
#8885 = VERTEX_POINT('',#8886);
#8886 = CARTESIAN_POINT('',(25.499201,-45.048402,0.));
#8887 = CIRCLE('',#8888,1.05);
#8888 = AXIS2_PLACEMENT_3D('',#8889,#8890,#8891);
#8889 = CARTESIAN_POINT('',(25.499201,-43.998402,0.));
#8890 = DIRECTION('',(-0.,0.,-1.));
#8891 = DIRECTION('',(-0.,-1.,0.));
#8892 = FACE_BOUND('',#8893,.F.);
#8893 = EDGE_LOOP('',(#8894));
#8894 = ORIENTED_EDGE('',*,*,#8895,.T.);
#8895 = EDGE_CURVE('',#8896,#8896,#8898,.T.);
#8896 = VERTEX_POINT('',#8897);
#8897 = CARTESIAN_POINT('',(53.208397,-56.352386,0.));
#8898 = CIRCLE('',#8899,0.75);
#8899 = AXIS2_PLACEMENT_3D('',#8900,#8901,#8902);
#8900 = CARTESIAN_POINT('',(53.208397,-55.602386,0.));
#8901 = DIRECTION('',(-0.,0.,-1.));
#8902 = DIRECTION('',(-0.,-1.,0.));
#8903 = FACE_BOUND('',#8904,.F.);
#8904 = EDGE_LOOP('',(#8905));
#8905 = ORIENTED_EDGE('',*,*,#8906,.T.);
#8906 = EDGE_CURVE('',#8907,#8907,#8909,.T.);
#8907 = VERTEX_POINT('',#8908);
#8908 = CARTESIAN_POINT('',(59.558397,-53.812386,0.));
#8909 = CIRCLE('',#8910,0.75);
#8910 = AXIS2_PLACEMENT_3D('',#8911,#8912,#8913);
#8911 = CARTESIAN_POINT('',(59.558397,-53.062386,0.));
#8912 = DIRECTION('',(-0.,0.,-1.));
#8913 = DIRECTION('',(-0.,-1.,0.));
#8914 = FACE_BOUND('',#8915,.F.);
#8915 = EDGE_LOOP('',(#8916));
#8916 = ORIENTED_EDGE('',*,*,#8917,.T.);
#8917 = EDGE_CURVE('',#8918,#8918,#8920,.T.);
#8918 = VERTEX_POINT('',#8919);
#8919 = CARTESIAN_POINT('',(72.852147,-56.352386,0.));
#8920 = CIRCLE('',#8921,0.75);
#8921 = AXIS2_PLACEMENT_3D('',#8922,#8923,#8924);
#8922 = CARTESIAN_POINT('',(72.852147,-55.602386,0.));
#8923 = DIRECTION('',(-0.,0.,-1.));
#8924 = DIRECTION('',(-0.,-1.,0.));
#8925 = FACE_BOUND('',#8926,.F.);
#8926 = EDGE_LOOP('',(#8927));
#8927 = ORIENTED_EDGE('',*,*,#8928,.T.);
#8928 = EDGE_CURVE('',#8929,#8929,#8931,.T.);
#8929 = VERTEX_POINT('',#8930);
#8930 = CARTESIAN_POINT('',(81.742147,-58.992386,0.));
#8931 = CIRCLE('',#8932,0.85);
#8932 = AXIS2_PLACEMENT_3D('',#8933,#8934,#8935);
#8933 = CARTESIAN_POINT('',(81.742147,-58.142386,0.));
#8934 = DIRECTION('',(-0.,0.,-1.));
#8935 = DIRECTION('',(1.671865260612E-14,-1.,-0.));
#8936 = FACE_BOUND('',#8937,.F.);
#8937 = EDGE_LOOP('',(#8938));
#8938 = ORIENTED_EDGE('',*,*,#8939,.T.);
#8939 = EDGE_CURVE('',#8940,#8940,#8942,.T.);
#8940 = VERTEX_POINT('',#8941);
#8941 = CARTESIAN_POINT('',(91.225897,-58.992386,0.));
#8942 = CIRCLE('',#8943,0.85);
#8943 = AXIS2_PLACEMENT_3D('',#8944,#8945,#8946);
#8944 = CARTESIAN_POINT('',(91.225897,-58.142386,0.));
#8945 = DIRECTION('',(-0.,0.,-1.));
#8946 = DIRECTION('',(-0.,-1.,0.));
#8947 = FACE_BOUND('',#8948,.F.);
#8948 = EDGE_LOOP('',(#8949));
#8949 = ORIENTED_EDGE('',*,*,#8950,.T.);
#8950 = EDGE_CURVE('',#8951,#8951,#8953,.T.);
#8951 = VERTEX_POINT('',#8952);
#8952 = CARTESIAN_POINT('',(96.305897,-60.142386,0.));
#8953 = CIRCLE('',#8954,2.);
#8954 = AXIS2_PLACEMENT_3D('',#8955,#8956,#8957);
#8955 = CARTESIAN_POINT('',(96.305897,-58.142386,0.));
#8956 = DIRECTION('',(-0.,0.,-1.));
#8957 = DIRECTION('',(-0.,-1.,0.));
#8958 = FACE_BOUND('',#8959,.F.);
#8959 = EDGE_LOOP('',(#8960));
#8960 = ORIENTED_EDGE('',*,*,#8961,.T.);
#8961 = EDGE_CURVE('',#8962,#8962,#8964,.T.);
#8962 = VERTEX_POINT('',#8963);
#8963 = CARTESIAN_POINT('',(101.385897,-58.992386,0.));
#8964 = CIRCLE('',#8965,0.85);
#8965 = AXIS2_PLACEMENT_3D('',#8966,#8967,#8968);
#8966 = CARTESIAN_POINT('',(101.385897,-58.142386,0.));
#8967 = DIRECTION('',(-0.,0.,-1.));
#8968 = DIRECTION('',(-0.,-1.,0.));
#8969 = FACE_BOUND('',#8970,.F.);
#8970 = EDGE_LOOP('',(#8971));
#8971 = ORIENTED_EDGE('',*,*,#8972,.T.);
#8972 = EDGE_CURVE('',#8973,#8973,#8975,.T.);
#8973 = VERTEX_POINT('',#8974);
#8974 = CARTESIAN_POINT('',(110.869647,-58.992386,0.));
#8975 = CIRCLE('',#8976,0.85);
#8976 = AXIS2_PLACEMENT_3D('',#8977,#8978,#8979);
#8977 = CARTESIAN_POINT('',(110.869647,-58.142386,0.));
#8978 = DIRECTION('',(-0.,0.,-1.));
#8979 = DIRECTION('',(-0.,-1.,0.));
#8980 = FACE_BOUND('',#8981,.F.);
#8981 = EDGE_LOOP('',(#8982));
#8982 = ORIENTED_EDGE('',*,*,#8983,.T.);
#8983 = EDGE_CURVE('',#8984,#8984,#8986,.T.);
#8984 = VERTEX_POINT('',#8985);
#8985 = CARTESIAN_POINT('',(115.949647,-60.142386,0.));
#8986 = CIRCLE('',#8987,2.);
#8987 = AXIS2_PLACEMENT_3D('',#8988,#8989,#8990);
#8988 = CARTESIAN_POINT('',(115.949647,-58.142386,0.));
#8989 = DIRECTION('',(-0.,0.,-1.));
#8990 = DIRECTION('',(-0.,-1.,0.));
#8991 = FACE_BOUND('',#8992,.F.);
#8992 = EDGE_LOOP('',(#8993));
#8993 = ORIENTED_EDGE('',*,*,#8994,.T.);
#8994 = EDGE_CURVE('',#8995,#8995,#8997,.T.);
#8995 = VERTEX_POINT('',#8996);
#8996 = CARTESIAN_POINT('',(121.029647,-58.992386,0.));
#8997 = CIRCLE('',#8998,0.85);
#8998 = AXIS2_PLACEMENT_3D('',#8999,#9000,#9001);
#8999 = CARTESIAN_POINT('',(121.029647,-58.142386,0.));
#9000 = DIRECTION('',(-0.,0.,-1.));
#9001 = DIRECTION('',(-1.671865260612E-14,-1.,0.));
#9002 = FACE_BOUND('',#9003,.F.);
#9003 = EDGE_LOOP('',(#9004));
#9004 = ORIENTED_EDGE('',*,*,#9005,.T.);
#9005 = EDGE_CURVE('',#9006,#9006,#9008,.T.);
#9006 = VERTEX_POINT('',#9007);
#9007 = CARTESIAN_POINT('',(79.202147,-53.812386,0.));
#9008 = CIRCLE('',#9009,0.75);
#9009 = AXIS2_PLACEMENT_3D('',#9010,#9011,#9012);
#9010 = CARTESIAN_POINT('',(79.202147,-53.062386,0.));
#9011 = DIRECTION('',(-0.,0.,-1.));
#9012 = DIRECTION('',(-0.,-1.,0.));
#9013 = FACE_BOUND('',#9014,.F.);
#9014 = EDGE_LOOP('',(#9015));
#9015 = ORIENTED_EDGE('',*,*,#9016,.T.);
#9016 = EDGE_CURVE('',#9017,#9017,#9019,.T.);
#9017 = VERTEX_POINT('',#9018);
#9018 = CARTESIAN_POINT('',(92.495897,-56.352386,0.));
#9019 = CIRCLE('',#9020,0.75);
#9020 = AXIS2_PLACEMENT_3D('',#9021,#9022,#9023);
#9021 = CARTESIAN_POINT('',(92.495897,-55.602386,0.));
#9022 = DIRECTION('',(-0.,0.,-1.));
#9023 = DIRECTION('',(-0.,-1.,0.));
#9024 = FACE_BOUND('',#9025,.F.);
#9025 = EDGE_LOOP('',(#9026));
#9026 = ORIENTED_EDGE('',*,*,#9027,.T.);
#9027 = EDGE_CURVE('',#9028,#9028,#9030,.T.);
#9028 = VERTEX_POINT('',#9029);
#9029 = CARTESIAN_POINT('',(98.845897,-53.812386,0.));
#9030 = CIRCLE('',#9031,0.75);
#9031 = AXIS2_PLACEMENT_3D('',#9032,#9033,#9034);
#9032 = CARTESIAN_POINT('',(98.845897,-53.062386,0.));
#9033 = DIRECTION('',(-0.,0.,-1.));
#9034 = DIRECTION('',(-0.,-1.,0.));
#9035 = FACE_BOUND('',#9036,.F.);
#9036 = EDGE_LOOP('',(#9037));
#9037 = ORIENTED_EDGE('',*,*,#9038,.T.);
#9038 = EDGE_CURVE('',#9039,#9039,#9041,.T.);
#9039 = VERTEX_POINT('',#9040);
#9040 = CARTESIAN_POINT('',(112.139647,-56.352386,0.));
#9041 = CIRCLE('',#9042,0.75);
#9042 = AXIS2_PLACEMENT_3D('',#9043,#9044,#9045);
#9043 = CARTESIAN_POINT('',(112.139647,-55.602386,0.));
#9044 = DIRECTION('',(-0.,0.,-1.));
#9045 = DIRECTION('',(-0.,-1.,0.));
#9046 = FACE_BOUND('',#9047,.F.);
#9047 = EDGE_LOOP('',(#9048));
#9048 = ORIENTED_EDGE('',*,*,#9049,.T.);
#9049 = EDGE_CURVE('',#9050,#9050,#9052,.T.);
#9050 = VERTEX_POINT('',#9051);
#9051 = CARTESIAN_POINT('',(118.489647,-53.812386,0.));
#9052 = CIRCLE('',#9053,0.75);
#9053 = AXIS2_PLACEMENT_3D('',#9054,#9055,#9056);
#9054 = CARTESIAN_POINT('',(118.489647,-53.062386,0.));
#9055 = DIRECTION('',(-0.,0.,-1.));
#9056 = DIRECTION('',(-0.,-1.,0.));
#9057 = FACE_BOUND('',#9058,.F.);
#9058 = EDGE_LOOP('',(#9059));
#9059 = ORIENTED_EDGE('',*,*,#9060,.T.);
#9060 = EDGE_CURVE('',#9061,#9061,#9063,.T.);
#9061 = VERTEX_POINT('',#9062);
#9062 = CARTESIAN_POINT('',(131.61,-100.21,0.));
#9063 = CIRCLE('',#9064,0.75);
#9064 = AXIS2_PLACEMENT_3D('',#9065,#9066,#9067);
#9065 = CARTESIAN_POINT('',(131.61,-99.46,0.));
#9066 = DIRECTION('',(-0.,0.,-1.));
#9067 = DIRECTION('',(-0.,-1.,0.));
#9068 = FACE_BOUND('',#9069,.F.);
#9069 = EDGE_LOOP('',(#9070));
#9070 = ORIENTED_EDGE('',*,*,#9071,.T.);
#9071 = EDGE_CURVE('',#9072,#9072,#9074,.T.);
#9072 = VERTEX_POINT('',#9073);
#9073 = CARTESIAN_POINT('',(137.96,-97.67,0.));
#9074 = CIRCLE('',#9075,0.75);
#9075 = AXIS2_PLACEMENT_3D('',#9076,#9077,#9078);
#9076 = CARTESIAN_POINT('',(137.96,-96.92,0.));
#9077 = DIRECTION('',(-0.,0.,-1.));
#9078 = DIRECTION('',(-0.,-1.,0.));
#9079 = FACE_BOUND('',#9080,.F.);
#9080 = EDGE_LOOP('',(#9081));
#9081 = ORIENTED_EDGE('',*,*,#9082,.T.);
#9082 = EDGE_CURVE('',#9083,#9083,#9085,.T.);
#9083 = VERTEX_POINT('',#9084);
#9084 = CARTESIAN_POINT('',(151.754647,-100.267185,0.));
#9085 = CIRCLE('',#9086,0.75);
#9086 = AXIS2_PLACEMENT_3D('',#9087,#9088,#9089);
#9087 = CARTESIAN_POINT('',(151.754647,-99.517185,0.));
#9088 = DIRECTION('',(-0.,0.,-1.));
#9089 = DIRECTION('',(-0.,-1.,0.));
#9090 = FACE_BOUND('',#9091,.F.);
#9091 = EDGE_LOOP('',(#9092));
#9092 = ORIENTED_EDGE('',*,*,#9093,.T.);
#9093 = EDGE_CURVE('',#9094,#9094,#9096,.T.);
#9094 = VERTEX_POINT('',#9095);
#9095 = CARTESIAN_POINT('',(158.104647,-97.727185,0.));
#9096 = CIRCLE('',#9097,0.75);
#9097 = AXIS2_PLACEMENT_3D('',#9098,#9099,#9100);
#9098 = CARTESIAN_POINT('',(158.104647,-96.977185,0.));
#9099 = DIRECTION('',(-0.,0.,-1.));
#9100 = DIRECTION('',(-0.,-1.,0.));
#9101 = FACE_BOUND('',#9102,.F.);
#9102 = EDGE_LOOP('',(#9103));
#9103 = ORIENTED_EDGE('',*,*,#9104,.T.);
#9104 = EDGE_CURVE('',#9105,#9105,#9107,.T.);
#9105 = VERTEX_POINT('',#9106);
#9106 = CARTESIAN_POINT('',(171.255776,-100.137458,0.));
#9107 = CIRCLE('',#9108,0.75);
#9108 = AXIS2_PLACEMENT_3D('',#9109,#9110,#9111);
#9109 = CARTESIAN_POINT('',(171.255776,-99.387458,0.));
#9110 = DIRECTION('',(-0.,0.,-1.));
#9111 = DIRECTION('',(-0.,-1.,0.));
#9112 = FACE_BOUND('',#9113,.F.);
#9113 = EDGE_LOOP('',(#9114));
#9114 = ORIENTED_EDGE('',*,*,#9115,.T.);
#9115 = EDGE_CURVE('',#9116,#9116,#9118,.T.);
#9116 = VERTEX_POINT('',#9117);
#9117 = CARTESIAN_POINT('',(177.605776,-97.597458,0.));
#9118 = CIRCLE('',#9119,0.75);
#9119 = AXIS2_PLACEMENT_3D('',#9120,#9121,#9122);
#9120 = CARTESIAN_POINT('',(177.605776,-96.847458,0.));
#9121 = DIRECTION('',(-0.,0.,-1.));
#9122 = DIRECTION('',(-0.,-1.,0.));
#9123 = FACE_BOUND('',#9124,.F.);
#9124 = EDGE_LOOP('',(#9125));
#9125 = ORIENTED_EDGE('',*,*,#9126,.T.);
#9126 = EDGE_CURVE('',#9127,#9127,#9129,.T.);
#9127 = VERTEX_POINT('',#9128);
#9128 = CARTESIAN_POINT('',(132.074721,-81.560471,0.));
#9129 = CIRCLE('',#9130,0.85);
#9130 = AXIS2_PLACEMENT_3D('',#9131,#9132,#9133);
#9131 = CARTESIAN_POINT('',(132.074721,-80.710471,0.));
#9132 = DIRECTION('',(-0.,0.,-1.));
#9133 = DIRECTION('',(-0.,-1.,0.));
#9134 = FACE_BOUND('',#9135,.F.);
#9135 = EDGE_LOOP('',(#9136));
#9136 = ORIENTED_EDGE('',*,*,#9137,.T.);
#9137 = EDGE_CURVE('',#9138,#9138,#9140,.T.);
#9138 = VERTEX_POINT('',#9139);
#9139 = CARTESIAN_POINT('',(141.376945,-81.657188,0.));
#9140 = CIRCLE('',#9141,0.85);
#9141 = AXIS2_PLACEMENT_3D('',#9142,#9143,#9144);
#9142 = CARTESIAN_POINT('',(141.376945,-80.807188,0.));
#9143 = DIRECTION('',(-0.,0.,-1.));
#9144 = DIRECTION('',(-0.,-1.,0.));
#9145 = FACE_BOUND('',#9146,.F.);
#9146 = EDGE_LOOP('',(#9147));
#9147 = ORIENTED_EDGE('',*,*,#9148,.T.);
#9148 = EDGE_CURVE('',#9149,#9149,#9151,.T.);
#9149 = VERTEX_POINT('',#9150);
#9150 = CARTESIAN_POINT('',(146.456945,-82.807188,0.));
#9151 = CIRCLE('',#9152,2.);
#9152 = AXIS2_PLACEMENT_3D('',#9153,#9154,#9155);
#9153 = CARTESIAN_POINT('',(146.456945,-80.807188,0.));
#9154 = DIRECTION('',(-0.,0.,-1.));
#9155 = DIRECTION('',(-0.,-1.,0.));
#9156 = FACE_BOUND('',#9157,.F.);
#9157 = EDGE_LOOP('',(#9158));
#9158 = ORIENTED_EDGE('',*,*,#9159,.T.);
#9159 = EDGE_CURVE('',#9160,#9160,#9162,.T.);
#9160 = VERTEX_POINT('',#9161);
#9161 = CARTESIAN_POINT('',(151.536945,-81.657188,0.));
#9162 = CIRCLE('',#9163,0.85);
#9163 = AXIS2_PLACEMENT_3D('',#9164,#9165,#9166);
#9164 = CARTESIAN_POINT('',(151.536945,-80.807188,0.));
#9165 = DIRECTION('',(-0.,0.,-1.));
#9166 = DIRECTION('',(-0.,-1.,0.));
#9167 = FACE_BOUND('',#9168,.F.);
#9168 = EDGE_LOOP('',(#9169));
#9169 = ORIENTED_EDGE('',*,*,#9170,.T.);
#9170 = EDGE_CURVE('',#9171,#9171,#9173,.T.);
#9171 = VERTEX_POINT('',#9172);
#9172 = CARTESIAN_POINT('',(142.646945,-79.017188,0.));
#9173 = CIRCLE('',#9174,0.75);
#9174 = AXIS2_PLACEMENT_3D('',#9175,#9176,#9177);
#9175 = CARTESIAN_POINT('',(142.646945,-78.267188,0.));
#9176 = DIRECTION('',(-0.,0.,-1.));
#9177 = DIRECTION('',(-0.,-1.,0.));
#9178 = FACE_BOUND('',#9179,.F.);
#9179 = EDGE_LOOP('',(#9180));
#9180 = ORIENTED_EDGE('',*,*,#9181,.T.);
#9181 = EDGE_CURVE('',#9182,#9182,#9184,.T.);
#9182 = VERTEX_POINT('',#9183);
#9183 = CARTESIAN_POINT('',(148.996945,-76.477188,0.));
#9184 = CIRCLE('',#9185,0.75);
#9185 = AXIS2_PLACEMENT_3D('',#9186,#9187,#9188);
#9186 = CARTESIAN_POINT('',(148.996945,-75.727188,0.));
#9187 = DIRECTION('',(-0.,0.,-1.));
#9188 = DIRECTION('',(-0.,-1.,0.));
#9189 = FACE_BOUND('',#9190,.F.);
#9190 = EDGE_LOOP('',(#9191));
#9191 = ORIENTED_EDGE('',*,*,#9192,.T.);
#9192 = EDGE_CURVE('',#9193,#9193,#9195,.T.);
#9193 = VERTEX_POINT('',#9194);
#9194 = CARTESIAN_POINT('',(161.15359,-81.476578,0.));
#9195 = CIRCLE('',#9196,0.85);
#9196 = AXIS2_PLACEMENT_3D('',#9197,#9198,#9199);
#9197 = CARTESIAN_POINT('',(161.15359,-80.626578,0.));
#9198 = DIRECTION('',(-0.,0.,-1.));
#9199 = DIRECTION('',(-0.,-1.,0.));
#9200 = FACE_BOUND('',#9201,.F.);
#9201 = EDGE_LOOP('',(#9202));
#9202 = ORIENTED_EDGE('',*,*,#9203,.T.);
#9203 = EDGE_CURVE('',#9204,#9204,#9206,.T.);
#9204 = VERTEX_POINT('',#9205);
#9205 = CARTESIAN_POINT('',(166.23359,-82.626578,0.));
#9206 = CIRCLE('',#9207,2.);
#9207 = AXIS2_PLACEMENT_3D('',#9208,#9209,#9210);
#9208 = CARTESIAN_POINT('',(166.23359,-80.626578,0.));
#9209 = DIRECTION('',(-0.,0.,-1.));
#9210 = DIRECTION('',(-0.,-1.,0.));
#9211 = FACE_BOUND('',#9212,.F.);
#9212 = EDGE_LOOP('',(#9213));
#9213 = ORIENTED_EDGE('',*,*,#9214,.T.);
#9214 = EDGE_CURVE('',#9215,#9215,#9217,.T.);
#9215 = VERTEX_POINT('',#9216);
#9216 = CARTESIAN_POINT('',(171.31359,-81.476578,0.));
#9217 = CIRCLE('',#9218,0.85);
#9218 = AXIS2_PLACEMENT_3D('',#9219,#9220,#9221);
#9219 = CARTESIAN_POINT('',(171.31359,-80.626578,0.));
#9220 = DIRECTION('',(-0.,0.,-1.));
#9221 = DIRECTION('',(-0.,-1.,0.));
#9222 = FACE_BOUND('',#9223,.F.);
#9223 = EDGE_LOOP('',(#9224));
#9224 = ORIENTED_EDGE('',*,*,#9225,.T.);
#9225 = EDGE_CURVE('',#9226,#9226,#9228,.T.);
#9226 = VERTEX_POINT('',#9227);
#9227 = CARTESIAN_POINT('',(180.904647,-81.32002,0.));
#9228 = CIRCLE('',#9229,0.85);
#9229 = AXIS2_PLACEMENT_3D('',#9230,#9231,#9232);
#9230 = CARTESIAN_POINT('',(180.904647,-80.47002,0.));
#9231 = DIRECTION('',(-0.,0.,-1.));
#9232 = DIRECTION('',(-0.,-1.,0.));
#9233 = FACE_BOUND('',#9234,.F.);
#9234 = EDGE_LOOP('',(#9235));
#9235 = ORIENTED_EDGE('',*,*,#9236,.T.);
#9236 = EDGE_CURVE('',#9237,#9237,#9239,.T.);
#9237 = VERTEX_POINT('',#9238);
#9238 = CARTESIAN_POINT('',(162.42359,-78.836578,0.));
#9239 = CIRCLE('',#9240,0.75);
#9240 = AXIS2_PLACEMENT_3D('',#9241,#9242,#9243);
#9241 = CARTESIAN_POINT('',(162.42359,-78.086578,0.));
#9242 = DIRECTION('',(-0.,0.,-1.));
#9243 = DIRECTION('',(-0.,-1.,0.));
#9244 = FACE_BOUND('',#9245,.F.);
#9245 = EDGE_LOOP('',(#9246));
#9246 = ORIENTED_EDGE('',*,*,#9247,.T.);
#9247 = EDGE_CURVE('',#9248,#9248,#9250,.T.);
#9248 = VERTEX_POINT('',#9249);
#9249 = CARTESIAN_POINT('',(168.77359,-76.296578,0.));
#9250 = CIRCLE('',#9251,0.75);
#9251 = AXIS2_PLACEMENT_3D('',#9252,#9253,#9254);
#9252 = CARTESIAN_POINT('',(168.77359,-75.546578,0.));
#9253 = DIRECTION('',(-0.,0.,-1.));
#9254 = DIRECTION('',(-0.,-1.,0.));
#9255 = FACE_BOUND('',#9256,.F.);
#9256 = EDGE_LOOP('',(#9257));
#9257 = ORIENTED_EDGE('',*,*,#9258,.T.);
#9258 = EDGE_CURVE('',#9259,#9259,#9261,.T.);
#9259 = VERTEX_POINT('',#9260);
#9260 = CARTESIAN_POINT('',(182.174647,-78.68002,0.));
#9261 = CIRCLE('',#9262,0.75);
#9262 = AXIS2_PLACEMENT_3D('',#9263,#9264,#9265);
#9263 = CARTESIAN_POINT('',(182.174647,-77.93002,0.));
#9264 = DIRECTION('',(-0.,0.,-1.));
#9265 = DIRECTION('',(-0.,-1.,0.));
#9266 = FACE_BOUND('',#9267,.F.);
#9267 = EDGE_LOOP('',(#9268));
#9268 = ORIENTED_EDGE('',*,*,#9269,.T.);
#9269 = EDGE_CURVE('',#9270,#9270,#9272,.T.);
#9270 = VERTEX_POINT('',#9271);
#9271 = CARTESIAN_POINT('',(190.675661,-100.230471,0.));
#9272 = CIRCLE('',#9273,0.75);
#9273 = AXIS2_PLACEMENT_3D('',#9274,#9275,#9276);
#9274 = CARTESIAN_POINT('',(190.675661,-99.480471,0.));
#9275 = DIRECTION('',(-0.,0.,-1.));
#9276 = DIRECTION('',(-0.,-1.,0.));
#9277 = FACE_BOUND('',#9278,.F.);
#9278 = EDGE_LOOP('',(#9279));
#9279 = ORIENTED_EDGE('',*,*,#9280,.T.);
#9280 = EDGE_CURVE('',#9281,#9281,#9283,.T.);
#9281 = VERTEX_POINT('',#9282);
#9282 = CARTESIAN_POINT('',(197.025661,-97.690471,0.));
#9283 = CIRCLE('',#9284,0.75);
#9284 = AXIS2_PLACEMENT_3D('',#9285,#9286,#9287);
#9285 = CARTESIAN_POINT('',(197.025661,-96.940471,0.));
#9286 = DIRECTION('',(-0.,0.,-1.));
#9287 = DIRECTION('',(-0.,-1.,0.));
#9288 = FACE_BOUND('',#9289,.F.);
#9289 = EDGE_LOOP('',(#9290));
#9290 = ORIENTED_EDGE('',*,*,#9291,.T.);
#9291 = EDGE_CURVE('',#9292,#9292,#9294,.T.);
#9292 = VERTEX_POINT('',#9293);
#9293 = CARTESIAN_POINT('',(210.45883,-100.135325,0.));
#9294 = CIRCLE('',#9295,0.75);
#9295 = AXIS2_PLACEMENT_3D('',#9296,#9297,#9298);
#9296 = CARTESIAN_POINT('',(210.45883,-99.385325,0.));
#9297 = DIRECTION('',(-0.,0.,-1.));
#9298 = DIRECTION('',(-0.,-1.,0.));
#9299 = FACE_BOUND('',#9300,.F.);
#9300 = EDGE_LOOP('',(#9301));
#9301 = ORIENTED_EDGE('',*,*,#9302,.T.);
#9302 = EDGE_CURVE('',#9303,#9303,#9305,.T.);
#9303 = VERTEX_POINT('',#9304);
#9304 = CARTESIAN_POINT('',(216.80883,-97.595325,0.));
#9305 = CIRCLE('',#9306,0.75);
#9306 = AXIS2_PLACEMENT_3D('',#9307,#9308,#9309);
#9307 = CARTESIAN_POINT('',(216.80883,-96.845325,0.));
#9308 = DIRECTION('',(-0.,0.,-1.));
#9309 = DIRECTION('',(-0.,-1.,0.));
#9310 = FACE_BOUND('',#9311,.F.);
#9311 = EDGE_LOOP('',(#9312));
#9312 = ORIENTED_EDGE('',*,*,#9313,.T.);
#9313 = EDGE_CURVE('',#9314,#9314,#9316,.T.);
#9314 = VERTEX_POINT('',#9315);
#9315 = CARTESIAN_POINT('',(185.984647,-82.47002,0.));
#9316 = CIRCLE('',#9317,2.);
#9317 = AXIS2_PLACEMENT_3D('',#9318,#9319,#9320);
#9318 = CARTESIAN_POINT('',(185.984647,-80.47002,0.));
#9319 = DIRECTION('',(-0.,0.,-1.));
#9320 = DIRECTION('',(-0.,-1.,0.));
#9321 = FACE_BOUND('',#9322,.F.);
#9322 = EDGE_LOOP('',(#9323));
#9323 = ORIENTED_EDGE('',*,*,#9324,.T.);
#9324 = EDGE_CURVE('',#9325,#9325,#9327,.T.);
#9325 = VERTEX_POINT('',#9326);
#9326 = CARTESIAN_POINT('',(191.064647,-81.32002,0.));
#9327 = CIRCLE('',#9328,0.85);
#9328 = AXIS2_PLACEMENT_3D('',#9329,#9330,#9331);
#9329 = CARTESIAN_POINT('',(191.064647,-80.47002,0.));
#9330 = DIRECTION('',(-0.,0.,-1.));
#9331 = DIRECTION('',(-0.,-1.,0.));
#9332 = FACE_BOUND('',#9333,.F.);
#9333 = EDGE_LOOP('',(#9334));
#9334 = ORIENTED_EDGE('',*,*,#9335,.T.);
#9335 = EDGE_CURVE('',#9336,#9336,#9338,.T.);
#9336 = VERTEX_POINT('',#9337);
#9337 = CARTESIAN_POINT('',(200.766951,-81.451729,0.));
#9338 = CIRCLE('',#9339,0.85);
#9339 = AXIS2_PLACEMENT_3D('',#9340,#9341,#9342);
#9340 = CARTESIAN_POINT('',(200.766951,-80.601729,0.));
#9341 = DIRECTION('',(-0.,0.,-1.));
#9342 = DIRECTION('',(-0.,-1.,0.));
#9343 = FACE_BOUND('',#9344,.F.);
#9344 = EDGE_LOOP('',(#9345));
#9345 = ORIENTED_EDGE('',*,*,#9346,.T.);
#9346 = EDGE_CURVE('',#9347,#9347,#9349,.T.);
#9347 = VERTEX_POINT('',#9348);
#9348 = CARTESIAN_POINT('',(205.846951,-82.601729,0.));
#9349 = CIRCLE('',#9350,2.);
#9350 = AXIS2_PLACEMENT_3D('',#9351,#9352,#9353);
#9351 = CARTESIAN_POINT('',(205.846951,-80.601729,0.));
#9352 = DIRECTION('',(-0.,0.,-1.));
#9353 = DIRECTION('',(-0.,-1.,0.));
#9354 = FACE_BOUND('',#9355,.F.);
#9355 = EDGE_LOOP('',(#9356));
#9356 = ORIENTED_EDGE('',*,*,#9357,.T.);
#9357 = EDGE_CURVE('',#9358,#9358,#9360,.T.);
#9358 = VERTEX_POINT('',#9359);
#9359 = CARTESIAN_POINT('',(188.524647,-76.14002,0.));
#9360 = CIRCLE('',#9361,0.75);
#9361 = AXIS2_PLACEMENT_3D('',#9362,#9363,#9364);
#9362 = CARTESIAN_POINT('',(188.524647,-75.39002,0.));
#9363 = DIRECTION('',(-0.,0.,-1.));
#9364 = DIRECTION('',(-0.,-1.,0.));
#9365 = FACE_BOUND('',#9366,.F.);
#9366 = EDGE_LOOP('',(#9367));
#9367 = ORIENTED_EDGE('',*,*,#9368,.T.);
#9368 = EDGE_CURVE('',#9369,#9369,#9371,.T.);
#9369 = VERTEX_POINT('',#9370);
#9370 = CARTESIAN_POINT('',(202.036951,-78.811729,0.));
#9371 = CIRCLE('',#9372,0.75);
#9372 = AXIS2_PLACEMENT_3D('',#9373,#9374,#9375);
#9373 = CARTESIAN_POINT('',(202.036951,-78.061729,0.));
#9374 = DIRECTION('',(-0.,0.,-1.));
#9375 = DIRECTION('',(-0.,-1.,0.));
#9376 = FACE_BOUND('',#9377,.F.);
#9377 = EDGE_LOOP('',(#9378));
#9378 = ORIENTED_EDGE('',*,*,#9379,.T.);
#9379 = EDGE_CURVE('',#9380,#9380,#9382,.T.);
#9380 = VERTEX_POINT('',#9381);
#9381 = CARTESIAN_POINT('',(208.386951,-76.271729,0.));
#9382 = CIRCLE('',#9383,0.75);
#9383 = AXIS2_PLACEMENT_3D('',#9384,#9385,#9386);
#9384 = CARTESIAN_POINT('',(208.386951,-75.521729,0.));
#9385 = DIRECTION('',(-0.,0.,-1.));
#9386 = DIRECTION('',(-0.,-1.,0.));
#9387 = FACE_BOUND('',#9388,.F.);
#9388 = EDGE_LOOP('',(#9389));
#9389 = ORIENTED_EDGE('',*,*,#9390,.T.);
#9390 = EDGE_CURVE('',#9391,#9391,#9393,.T.);
#9391 = VERTEX_POINT('',#9392);
#9392 = CARTESIAN_POINT('',(210.926951,-81.451729,0.));
#9393 = CIRCLE('',#9394,0.85);
#9394 = AXIS2_PLACEMENT_3D('',#9395,#9396,#9397);
#9395 = CARTESIAN_POINT('',(210.926951,-80.601729,0.));
#9396 = DIRECTION('',(-0.,0.,-1.));
#9397 = DIRECTION('',(-0.,-1.,0.));
#9398 = FACE_BOUND('',#9399,.F.);
#9399 = EDGE_LOOP('',(#9400));
#9400 = ORIENTED_EDGE('',*,*,#9401,.T.);
#9401 = EDGE_CURVE('',#9402,#9402,#9404,.T.);
#9402 = VERTEX_POINT('',#9403);
#9403 = CARTESIAN_POINT('',(220.344781,-81.287898,0.));
#9404 = CIRCLE('',#9405,0.85);
#9405 = AXIS2_PLACEMENT_3D('',#9406,#9407,#9408);
#9406 = CARTESIAN_POINT('',(220.344781,-80.437898,0.));
#9407 = DIRECTION('',(-0.,0.,-1.));
#9408 = DIRECTION('',(-0.,-1.,0.));
#9409 = FACE_BOUND('',#9410,.F.);
#9410 = EDGE_LOOP('',(#9411));
#9411 = ORIENTED_EDGE('',*,*,#9412,.T.);
#9412 = EDGE_CURVE('',#9413,#9413,#9415,.T.);
#9413 = VERTEX_POINT('',#9414);
#9414 = CARTESIAN_POINT('',(225.424781,-82.437898,0.));
#9415 = CIRCLE('',#9416,2.);
#9416 = AXIS2_PLACEMENT_3D('',#9417,#9418,#9419);
#9417 = CARTESIAN_POINT('',(225.424781,-80.437898,0.));
#9418 = DIRECTION('',(-0.,0.,-1.));
#9419 = DIRECTION('',(-0.,-1.,0.));
#9420 = FACE_BOUND('',#9421,.F.);
#9421 = EDGE_LOOP('',(#9422));
#9422 = ORIENTED_EDGE('',*,*,#9423,.T.);
#9423 = EDGE_CURVE('',#9424,#9424,#9426,.T.);
#9424 = VERTEX_POINT('',#9425);
#9425 = CARTESIAN_POINT('',(230.504781,-81.287898,0.));
#9426 = CIRCLE('',#9427,0.85);
#9427 = AXIS2_PLACEMENT_3D('',#9428,#9429,#9430);
#9428 = CARTESIAN_POINT('',(230.504781,-80.437898,0.));
#9429 = DIRECTION('',(-0.,0.,-1.));
#9430 = DIRECTION('',(-0.,-1.,0.));
#9431 = FACE_BOUND('',#9432,.F.);
#9432 = EDGE_LOOP('',(#9433));
#9433 = ORIENTED_EDGE('',*,*,#9434,.T.);
#9434 = EDGE_CURVE('',#9435,#9435,#9437,.T.);
#9435 = VERTEX_POINT('',#9436);
#9436 = CARTESIAN_POINT('',(221.614781,-78.647898,0.));
#9437 = CIRCLE('',#9438,0.75);
#9438 = AXIS2_PLACEMENT_3D('',#9439,#9440,#9441);
#9439 = CARTESIAN_POINT('',(221.614781,-77.897898,0.));
#9440 = DIRECTION('',(-0.,0.,-1.));
#9441 = DIRECTION('',(-0.,-1.,0.));
#9442 = FACE_BOUND('',#9443,.F.);
#9443 = EDGE_LOOP('',(#9444));
#9444 = ORIENTED_EDGE('',*,*,#9445,.T.);
#9445 = EDGE_CURVE('',#9446,#9446,#9448,.T.);
#9446 = VERTEX_POINT('',#9447);
#9447 = CARTESIAN_POINT('',(227.964781,-76.107898,0.));
#9448 = CIRCLE('',#9449,0.75);
#9449 = AXIS2_PLACEMENT_3D('',#9450,#9451,#9452);
#9450 = CARTESIAN_POINT('',(227.964781,-75.357898,0.));
#9451 = DIRECTION('',(-0.,0.,-1.));
#9452 = DIRECTION('',(-0.,-1.,0.));
#9453 = FACE_BOUND('',#9454,.F.);
#9454 = EDGE_LOOP('',(#9455));
#9455 = ORIENTED_EDGE('',*,*,#9456,.T.);
#9456 = EDGE_CURVE('',#9457,#9457,#9459,.T.);
#9457 = VERTEX_POINT('',#9458);
#9458 = CARTESIAN_POINT('',(130.513397,-58.992386,0.));
#9459 = CIRCLE('',#9460,0.85);
#9460 = AXIS2_PLACEMENT_3D('',#9461,#9462,#9463);
#9461 = CARTESIAN_POINT('',(130.513397,-58.142386,0.));
#9462 = DIRECTION('',(-0.,0.,-1.));
#9463 = DIRECTION('',(-0.,-1.,0.));
#9464 = FACE_BOUND('',#9465,.F.);
#9465 = EDGE_LOOP('',(#9466));
#9466 = ORIENTED_EDGE('',*,*,#9467,.T.);
#9467 = EDGE_CURVE('',#9468,#9468,#9470,.T.);
#9468 = VERTEX_POINT('',#9469);
#9469 = CARTESIAN_POINT('',(135.593397,-60.142386,0.));
#9470 = CIRCLE('',#9471,2.);
#9471 = AXIS2_PLACEMENT_3D('',#9472,#9473,#9474);
#9472 = CARTESIAN_POINT('',(135.593397,-58.142386,0.));
#9473 = DIRECTION('',(-0.,0.,-1.));
#9474 = DIRECTION('',(-0.,-1.,0.));
#9475 = FACE_BOUND('',#9476,.F.);
#9476 = EDGE_LOOP('',(#9477));
#9477 = ORIENTED_EDGE('',*,*,#9478,.T.);
#9478 = EDGE_CURVE('',#9479,#9479,#9481,.T.);
#9479 = VERTEX_POINT('',#9480);
#9480 = CARTESIAN_POINT('',(140.673397,-58.992386,0.));
#9481 = CIRCLE('',#9482,0.85);
#9482 = AXIS2_PLACEMENT_3D('',#9483,#9484,#9485);
#9483 = CARTESIAN_POINT('',(140.673397,-58.142386,0.));
#9484 = DIRECTION('',(-0.,0.,-1.));
#9485 = DIRECTION('',(-0.,-1.,0.));
#9486 = FACE_BOUND('',#9487,.F.);
#9487 = EDGE_LOOP('',(#9488));
#9488 = ORIENTED_EDGE('',*,*,#9489,.T.);
#9489 = EDGE_CURVE('',#9490,#9490,#9492,.T.);
#9490 = VERTEX_POINT('',#9491);
#9491 = CARTESIAN_POINT('',(150.157147,-58.992386,0.));
#9492 = CIRCLE('',#9493,0.85);
#9493 = AXIS2_PLACEMENT_3D('',#9494,#9495,#9496);
#9494 = CARTESIAN_POINT('',(150.157147,-58.142386,0.));
#9495 = DIRECTION('',(-0.,0.,-1.));
#9496 = DIRECTION('',(-0.,-1.,0.));
#9497 = FACE_BOUND('',#9498,.F.);
#9498 = EDGE_LOOP('',(#9499));
#9499 = ORIENTED_EDGE('',*,*,#9500,.T.);
#9500 = EDGE_CURVE('',#9501,#9501,#9503,.T.);
#9501 = VERTEX_POINT('',#9502);
#9502 = CARTESIAN_POINT('',(155.237147,-60.142386,0.));
#9503 = CIRCLE('',#9504,2.);
#9504 = AXIS2_PLACEMENT_3D('',#9505,#9506,#9507);
#9505 = CARTESIAN_POINT('',(155.237147,-58.142386,0.));
#9506 = DIRECTION('',(-0.,0.,-1.));
#9507 = DIRECTION('',(-0.,-1.,0.));
#9508 = FACE_BOUND('',#9509,.F.);
#9509 = EDGE_LOOP('',(#9510));
#9510 = ORIENTED_EDGE('',*,*,#9511,.T.);
#9511 = EDGE_CURVE('',#9512,#9512,#9514,.T.);
#9512 = VERTEX_POINT('',#9513);
#9513 = CARTESIAN_POINT('',(160.317147,-58.992386,0.));
#9514 = CIRCLE('',#9515,0.85);
#9515 = AXIS2_PLACEMENT_3D('',#9516,#9517,#9518);
#9516 = CARTESIAN_POINT('',(160.317147,-58.142386,0.));
#9517 = DIRECTION('',(-0.,0.,-1.));
#9518 = DIRECTION('',(-0.,-1.,0.));
#9519 = FACE_BOUND('',#9520,.F.);
#9520 = EDGE_LOOP('',(#9521));
#9521 = ORIENTED_EDGE('',*,*,#9522,.T.);
#9522 = EDGE_CURVE('',#9523,#9523,#9525,.T.);
#9523 = VERTEX_POINT('',#9524);
#9524 = CARTESIAN_POINT('',(169.800897,-58.992386,0.));
#9525 = CIRCLE('',#9526,0.85);
#9526 = AXIS2_PLACEMENT_3D('',#9527,#9528,#9529);
#9527 = CARTESIAN_POINT('',(169.800897,-58.142386,0.));
#9528 = DIRECTION('',(-0.,0.,-1.));
#9529 = DIRECTION('',(-0.,-1.,0.));
#9530 = FACE_BOUND('',#9531,.F.);
#9531 = EDGE_LOOP('',(#9532));
#9532 = ORIENTED_EDGE('',*,*,#9533,.T.);
#9533 = EDGE_CURVE('',#9534,#9534,#9536,.T.);
#9534 = VERTEX_POINT('',#9535);
#9535 = CARTESIAN_POINT('',(174.880897,-60.142386,0.));
#9536 = CIRCLE('',#9537,2.);
#9537 = AXIS2_PLACEMENT_3D('',#9538,#9539,#9540);
#9538 = CARTESIAN_POINT('',(174.880897,-58.142386,0.));
#9539 = DIRECTION('',(-0.,0.,-1.));
#9540 = DIRECTION('',(-0.,-1.,0.));
#9541 = FACE_BOUND('',#9542,.F.);
#9542 = EDGE_LOOP('',(#9543));
#9543 = ORIENTED_EDGE('',*,*,#9544,.T.);
#9544 = EDGE_CURVE('',#9545,#9545,#9547,.T.);
#9545 = VERTEX_POINT('',#9546);
#9546 = CARTESIAN_POINT('',(179.960897,-58.992386,0.));
#9547 = CIRCLE('',#9548,0.85);
#9548 = AXIS2_PLACEMENT_3D('',#9549,#9550,#9551);
#9549 = CARTESIAN_POINT('',(179.960897,-58.142386,0.));
#9550 = DIRECTION('',(-0.,0.,-1.));
#9551 = DIRECTION('',(-0.,-1.,0.));
#9552 = FACE_BOUND('',#9553,.F.);
#9553 = EDGE_LOOP('',(#9554));
#9554 = ORIENTED_EDGE('',*,*,#9555,.T.);
#9555 = EDGE_CURVE('',#9556,#9556,#9558,.T.);
#9556 = VERTEX_POINT('',#9557);
#9557 = CARTESIAN_POINT('',(131.783397,-56.352386,0.));
#9558 = CIRCLE('',#9559,0.75);
#9559 = AXIS2_PLACEMENT_3D('',#9560,#9561,#9562);
#9560 = CARTESIAN_POINT('',(131.783397,-55.602386,0.));
#9561 = DIRECTION('',(-0.,0.,-1.));
#9562 = DIRECTION('',(-0.,-1.,0.));
#9563 = FACE_BOUND('',#9564,.F.);
#9564 = EDGE_LOOP('',(#9565));
#9565 = ORIENTED_EDGE('',*,*,#9566,.T.);
#9566 = EDGE_CURVE('',#9567,#9567,#9569,.T.);
#9567 = VERTEX_POINT('',#9568);
#9568 = CARTESIAN_POINT('',(138.133397,-53.812386,0.));
#9569 = CIRCLE('',#9570,0.75);
#9570 = AXIS2_PLACEMENT_3D('',#9571,#9572,#9573);
#9571 = CARTESIAN_POINT('',(138.133397,-53.062386,0.));
#9572 = DIRECTION('',(-0.,0.,-1.));
#9573 = DIRECTION('',(-0.,-1.,0.));
#9574 = FACE_BOUND('',#9575,.F.);
#9575 = EDGE_LOOP('',(#9576));
#9576 = ORIENTED_EDGE('',*,*,#9577,.T.);
#9577 = EDGE_CURVE('',#9578,#9578,#9580,.T.);
#9578 = VERTEX_POINT('',#9579);
#9579 = CARTESIAN_POINT('',(151.427147,-56.352386,0.));
#9580 = CIRCLE('',#9581,0.75);
#9581 = AXIS2_PLACEMENT_3D('',#9582,#9583,#9584);
#9582 = CARTESIAN_POINT('',(151.427147,-55.602386,0.));
#9583 = DIRECTION('',(-0.,0.,-1.));
#9584 = DIRECTION('',(-0.,-1.,0.));
#9585 = FACE_BOUND('',#9586,.F.);
#9586 = EDGE_LOOP('',(#9587));
#9587 = ORIENTED_EDGE('',*,*,#9588,.T.);
#9588 = EDGE_CURVE('',#9589,#9589,#9591,.T.);
#9589 = VERTEX_POINT('',#9590);
#9590 = CARTESIAN_POINT('',(157.777147,-53.812386,0.));
#9591 = CIRCLE('',#9592,0.75);
#9592 = AXIS2_PLACEMENT_3D('',#9593,#9594,#9595);
#9593 = CARTESIAN_POINT('',(157.777147,-53.062386,0.));
#9594 = DIRECTION('',(-0.,0.,-1.));
#9595 = DIRECTION('',(-0.,-1.,0.));
#9596 = FACE_BOUND('',#9597,.F.);
#9597 = EDGE_LOOP('',(#9598));
#9598 = ORIENTED_EDGE('',*,*,#9599,.T.);
#9599 = EDGE_CURVE('',#9600,#9600,#9602,.T.);
#9600 = VERTEX_POINT('',#9601);
#9601 = CARTESIAN_POINT('',(171.070897,-56.352386,0.));
#9602 = CIRCLE('',#9603,0.75);
#9603 = AXIS2_PLACEMENT_3D('',#9604,#9605,#9606);
#9604 = CARTESIAN_POINT('',(171.070897,-55.602386,0.));
#9605 = DIRECTION('',(-0.,0.,-1.));
#9606 = DIRECTION('',(-0.,-1.,0.));
#9607 = FACE_BOUND('',#9608,.F.);
#9608 = EDGE_LOOP('',(#9609));
#9609 = ORIENTED_EDGE('',*,*,#9610,.T.);
#9610 = EDGE_CURVE('',#9611,#9611,#9613,.T.);
#9611 = VERTEX_POINT('',#9612);
#9612 = CARTESIAN_POINT('',(177.420897,-53.812386,0.));
#9613 = CIRCLE('',#9614,0.75);
#9614 = AXIS2_PLACEMENT_3D('',#9615,#9616,#9617);
#9615 = CARTESIAN_POINT('',(177.420897,-53.062386,0.));
#9616 = DIRECTION('',(-0.,0.,-1.));
#9617 = DIRECTION('',(-0.,-1.,0.));
#9618 = FACE_BOUND('',#9619,.F.);
#9619 = EDGE_LOOP('',(#9620));
#9620 = ORIENTED_EDGE('',*,*,#9621,.T.);
#9621 = EDGE_CURVE('',#9622,#9622,#9624,.T.);
#9622 = VERTEX_POINT('',#9623);
#9623 = CARTESIAN_POINT('',(189.444647,-58.992386,0.));
#9624 = CIRCLE('',#9625,0.85);
#9625 = AXIS2_PLACEMENT_3D('',#9626,#9627,#9628);
#9626 = CARTESIAN_POINT('',(189.444647,-58.142386,0.));
#9627 = DIRECTION('',(-0.,0.,-1.));
#9628 = DIRECTION('',(-0.,-1.,0.));
#9629 = FACE_BOUND('',#9630,.F.);
#9630 = EDGE_LOOP('',(#9631));
#9631 = ORIENTED_EDGE('',*,*,#9632,.T.);
#9632 = EDGE_CURVE('',#9633,#9633,#9635,.T.);
#9633 = VERTEX_POINT('',#9634);
#9634 = CARTESIAN_POINT('',(194.524647,-60.142386,0.));
#9635 = CIRCLE('',#9636,2.);
#9636 = AXIS2_PLACEMENT_3D('',#9637,#9638,#9639);
#9637 = CARTESIAN_POINT('',(194.524647,-58.142386,0.));
#9638 = DIRECTION('',(-0.,0.,-1.));
#9639 = DIRECTION('',(-0.,-1.,0.));
#9640 = FACE_BOUND('',#9641,.F.);
#9641 = EDGE_LOOP('',(#9642));
#9642 = ORIENTED_EDGE('',*,*,#9643,.T.);
#9643 = EDGE_CURVE('',#9644,#9644,#9646,.T.);
#9644 = VERTEX_POINT('',#9645);
#9645 = CARTESIAN_POINT('',(199.604647,-58.992386,0.));
#9646 = CIRCLE('',#9647,0.85);
#9647 = AXIS2_PLACEMENT_3D('',#9648,#9649,#9650);
#9648 = CARTESIAN_POINT('',(199.604647,-58.142386,0.));
#9649 = DIRECTION('',(-0.,0.,-1.));
#9650 = DIRECTION('',(-0.,-1.,0.));
#9651 = FACE_BOUND('',#9652,.F.);
#9652 = EDGE_LOOP('',(#9653));
#9653 = ORIENTED_EDGE('',*,*,#9654,.T.);
#9654 = EDGE_CURVE('',#9655,#9655,#9657,.T.);
#9655 = VERTEX_POINT('',#9656);
#9656 = CARTESIAN_POINT('',(209.294647,-58.870471,0.));
#9657 = CIRCLE('',#9658,0.85);
#9658 = AXIS2_PLACEMENT_3D('',#9659,#9660,#9661);
#9659 = CARTESIAN_POINT('',(209.294647,-58.020471,0.));
#9660 = DIRECTION('',(-0.,0.,-1.));
#9661 = DIRECTION('',(-0.,-1.,0.));
#9662 = FACE_BOUND('',#9663,.F.);
#9663 = EDGE_LOOP('',(#9664));
#9664 = ORIENTED_EDGE('',*,*,#9665,.T.);
#9665 = EDGE_CURVE('',#9666,#9666,#9668,.T.);
#9666 = VERTEX_POINT('',#9667);
#9667 = CARTESIAN_POINT('',(214.374647,-60.020471,0.));
#9668 = CIRCLE('',#9669,2.);
#9669 = AXIS2_PLACEMENT_3D('',#9670,#9671,#9672);
#9670 = CARTESIAN_POINT('',(214.374647,-58.020471,0.));
#9671 = DIRECTION('',(-0.,0.,-1.));
#9672 = DIRECTION('',(-0.,-1.,0.));
#9673 = FACE_BOUND('',#9674,.F.);
#9674 = EDGE_LOOP('',(#9675));
#9675 = ORIENTED_EDGE('',*,*,#9676,.T.);
#9676 = EDGE_CURVE('',#9677,#9677,#9679,.T.);
#9677 = VERTEX_POINT('',#9678);
#9678 = CARTESIAN_POINT('',(219.454647,-58.870471,0.));
#9679 = CIRCLE('',#9680,0.85);
#9680 = AXIS2_PLACEMENT_3D('',#9681,#9682,#9683);
#9681 = CARTESIAN_POINT('',(219.454647,-58.020471,0.));
#9682 = DIRECTION('',(-0.,0.,-1.));
#9683 = DIRECTION('',(-0.,-1.,0.));
#9684 = FACE_BOUND('',#9685,.F.);
#9685 = EDGE_LOOP('',(#9686));
#9686 = ORIENTED_EDGE('',*,*,#9687,.T.);
#9687 = EDGE_CURVE('',#9688,#9688,#9690,.T.);
#9688 = VERTEX_POINT('',#9689);
#9689 = CARTESIAN_POINT('',(190.714647,-56.352386,0.));
#9690 = CIRCLE('',#9691,0.75);
#9691 = AXIS2_PLACEMENT_3D('',#9692,#9693,#9694);
#9692 = CARTESIAN_POINT('',(190.714647,-55.602386,0.));
#9693 = DIRECTION('',(-0.,0.,-1.));
#9694 = DIRECTION('',(-0.,-1.,0.));
#9695 = FACE_BOUND('',#9696,.F.);
#9696 = EDGE_LOOP('',(#9697));
#9697 = ORIENTED_EDGE('',*,*,#9698,.T.);
#9698 = EDGE_CURVE('',#9699,#9699,#9701,.T.);
#9699 = VERTEX_POINT('',#9700);
#9700 = CARTESIAN_POINT('',(197.064647,-53.812386,0.));
#9701 = CIRCLE('',#9702,0.75);
#9702 = AXIS2_PLACEMENT_3D('',#9703,#9704,#9705);
#9703 = CARTESIAN_POINT('',(197.064647,-53.062386,0.));
#9704 = DIRECTION('',(-0.,0.,-1.));
#9705 = DIRECTION('',(-0.,-1.,0.));
#9706 = FACE_BOUND('',#9707,.F.);
#9707 = EDGE_LOOP('',(#9708));
#9708 = ORIENTED_EDGE('',*,*,#9709,.T.);
#9709 = EDGE_CURVE('',#9710,#9710,#9712,.T.);
#9710 = VERTEX_POINT('',#9711);
#9711 = CARTESIAN_POINT('',(210.564647,-56.230471,0.));
#9712 = CIRCLE('',#9713,0.75);
#9713 = AXIS2_PLACEMENT_3D('',#9714,#9715,#9716);
#9714 = CARTESIAN_POINT('',(210.564647,-55.480471,0.));
#9715 = DIRECTION('',(-0.,0.,-1.));
#9716 = DIRECTION('',(-0.,-1.,0.));
#9717 = FACE_BOUND('',#9718,.F.);
#9718 = EDGE_LOOP('',(#9719));
#9719 = ORIENTED_EDGE('',*,*,#9720,.T.);
#9720 = EDGE_CURVE('',#9721,#9721,#9723,.T.);
#9721 = VERTEX_POINT('',#9722);
#9722 = CARTESIAN_POINT('',(216.914647,-53.690471,0.));
#9723 = CIRCLE('',#9724,0.75);
#9724 = AXIS2_PLACEMENT_3D('',#9725,#9726,#9727);
#9725 = CARTESIAN_POINT('',(216.914647,-52.940471,0.));
#9726 = DIRECTION('',(-0.,0.,-1.));
#9727 = DIRECTION('',(-0.,-1.,0.));
#9728 = FACE_BOUND('',#9729,.F.);
#9729 = EDGE_LOOP('',(#9730));
#9730 = ORIENTED_EDGE('',*,*,#9731,.T.);
#9731 = EDGE_CURVE('',#9732,#9732,#9734,.T.);
#9732 = VERTEX_POINT('',#9733);
#9733 = CARTESIAN_POINT('',(234.5,-45.55,0.));
#9734 = CIRCLE('',#9735,1.05);
#9735 = AXIS2_PLACEMENT_3D('',#9736,#9737,#9738);
#9736 = CARTESIAN_POINT('',(234.5,-44.5,0.));
#9737 = DIRECTION('',(-0.,0.,-1.));
#9738 = DIRECTION('',(-0.,-1.,0.));
#9739 = PLANE('',#9740);
#9740 = AXIS2_PLACEMENT_3D('',#9741,#9742,#9743);
#9741 = CARTESIAN_POINT('',(0.,0.,0.));
#9742 = DIRECTION('',(0.,0.,1.));
#9743 = DIRECTION('',(1.,0.,-0.));
#9744 = ADVANCED_FACE('',(#9745,#9756,#9767,#9778,#9789,#9800,#9811,
    #9822,#9833,#9844,#9855,#9866,#9877,#9888,#9899,#9910,#9921,#9932,
    #9943,#9954,#9965,#9976,#9987,#9998,#10009,#10020,#10031,#10042,
    #10053,#10064,#10075,#10086,#10097,#10108,#10119,#10130,#10141,
    #10152,#10163,#10174,#10185,#10196,#10207,#10218,#10229,#10240,
    #10251,#10262,#10273,#10284,#10295,#10306,#10317,#10328,#10339,
    #10350,#10361,#10372,#10383,#10394,#10405,#10416,#10427,#10438,
    #10449,#10460,#10471,#10482,#10493,#10504,#10515,#10526,#10537,
    #10548,#10559,#10570,#10581,#10592,#10603,#10614,#10625,#10636,
    #10647,#10658,#10669,#10680,#10691,#10702,#10713,#10724,#10735,
    #10746,#10757,#10768,#10779,#10790,#10801,#10812,#10823,#10834,
    #10845,#10856,#10867,#10878,#10889,#10900,#10911,#10922,#10933,
    #10944,#10955,#10966,#10977,#10988,#10999,#11010,#11021,#11032,
    #11043,#11054,#11065,#11076,#11087,#11098,#11109,#11120,#11131,
    #11142,#11153,#11164,#11175,#11186,#11197,#11208,#11219,#11230,
    #11241,#11252,#11263,#11274,#11285,#11296,#11307,#11318,#11329,
    #11340,#11351,#11362,#11373,#11384,#11395,#11406,#11417,#11428,
    #11439,#11450,#11461,#11472,#11483,#11494,#11505,#11516,#11527,
    #11538,#11549,#11560,#11571,#11582,#11593,#11604,#11615,#11626,
    #11637,#11648,#11659,#11670,#11681,#11692,#11703,#11714,#11725,
    #11736,#11747,#11758,#11769,#11780,#11791,#11802,#11813,#11824,
    #11835,#11846,#11857,#11868,#11879,#11890,#11901,#11912,#11923,
    #11934,#11945,#11956,#11967,#11978,#11989,#12000,#12011,#12022,
    #12033,#12044,#12055,#12066,#12077,#12088,#12099,#12110,#12121,
    #12132,#12143,#12154,#12165,#12176,#12187,#12198,#12209,#12220,
    #12231,#12242,#12253,#12264,#12275,#12286,#12297,#12308,#12319,
    #12330,#12341,#12352,#12363,#12374,#12385,#12396,#12407,#12418,
    #12429,#12440,#12451,#12462,#12473,#12484,#12495,#12506,#12517,
    #12528,#12539),#12550,.T.);
#9745 = FACE_BOUND('',#9746,.T.);
#9746 = EDGE_LOOP('',(#9747,#9748,#9749,#9755));
#9747 = ORIENTED_EDGE('',*,*,#6845,.F.);
#9748 = ORIENTED_EDGE('',*,*,#6885,.F.);
#9749 = ORIENTED_EDGE('',*,*,#9750,.F.);
#9750 = EDGE_CURVE('',#6908,#6878,#9751,.T.);
#9751 = LINE('',#9752,#9753);
#9752 = CARTESIAN_POINT('',(23.041201,-41.696668,1.51));
#9753 = VECTOR('',#9754,1.);
#9754 = DIRECTION('',(1.,0.,0.));
#9755 = ORIENTED_EDGE('',*,*,#6907,.F.);
#9756 = FACE_BOUND('',#9757,.T.);
#9757 = EDGE_LOOP('',(#9758));
#9758 = ORIENTED_EDGE('',*,*,#9759,.T.);
#9759 = EDGE_CURVE('',#9760,#9760,#9762,.T.);
#9760 = VERTEX_POINT('',#9761);
#9761 = CARTESIAN_POINT('',(25.5,-156.55,1.51));
#9762 = CIRCLE('',#9763,1.05);
#9763 = AXIS2_PLACEMENT_3D('',#9764,#9765,#9766);
#9764 = CARTESIAN_POINT('',(25.5,-155.5,1.51));
#9765 = DIRECTION('',(-0.,0.,-1.));
#9766 = DIRECTION('',(-0.,-1.,0.));
#9767 = FACE_BOUND('',#9768,.T.);
#9768 = EDGE_LOOP('',(#9769));
#9769 = ORIENTED_EDGE('',*,*,#9770,.T.);
#9770 = EDGE_CURVE('',#9771,#9771,#9773,.T.);
#9771 = VERTEX_POINT('',#9772);
#9772 = CARTESIAN_POINT('',(32.294647,-145.370471,1.51));
#9773 = CIRCLE('',#9774,0.85);
#9774 = AXIS2_PLACEMENT_3D('',#9775,#9776,#9777);
#9775 = CARTESIAN_POINT('',(32.294647,-144.520471,1.51));
#9776 = DIRECTION('',(-0.,0.,-1.));
#9777 = DIRECTION('',(-0.,-1.,0.));
#9778 = FACE_BOUND('',#9779,.T.);
#9779 = EDGE_LOOP('',(#9780));
#9780 = ORIENTED_EDGE('',*,*,#9781,.T.);
#9781 = EDGE_CURVE('',#9782,#9782,#9784,.T.);
#9782 = VERTEX_POINT('',#9783);
#9783 = CARTESIAN_POINT('',(37.374647,-146.520471,1.51));
#9784 = CIRCLE('',#9785,2.);
#9785 = AXIS2_PLACEMENT_3D('',#9786,#9787,#9788);
#9786 = CARTESIAN_POINT('',(37.374647,-144.520471,1.51));
#9787 = DIRECTION('',(-0.,0.,-1.));
#9788 = DIRECTION('',(-0.,-1.,0.));
#9789 = FACE_BOUND('',#9790,.T.);
#9790 = EDGE_LOOP('',(#9791));
#9791 = ORIENTED_EDGE('',*,*,#9792,.T.);
#9792 = EDGE_CURVE('',#9793,#9793,#9795,.T.);
#9793 = VERTEX_POINT('',#9794);
#9794 = CARTESIAN_POINT('',(42.454647,-145.370471,1.51));
#9795 = CIRCLE('',#9796,0.85);
#9796 = AXIS2_PLACEMENT_3D('',#9797,#9798,#9799);
#9797 = CARTESIAN_POINT('',(42.454647,-144.520471,1.51));
#9798 = DIRECTION('',(-0.,0.,-1.));
#9799 = DIRECTION('',(-0.,-1.,0.));
#9800 = FACE_BOUND('',#9801,.T.);
#9801 = EDGE_LOOP('',(#9802));
#9802 = ORIENTED_EDGE('',*,*,#9803,.T.);
#9803 = EDGE_CURVE('',#9804,#9804,#9806,.T.);
#9804 = VERTEX_POINT('',#9805);
#9805 = CARTESIAN_POINT('',(51.810974,-145.005068,1.51));
#9806 = CIRCLE('',#9807,0.85);
#9807 = AXIS2_PLACEMENT_3D('',#9808,#9809,#9810);
#9808 = CARTESIAN_POINT('',(51.810974,-144.155068,1.51));
#9809 = DIRECTION('',(-0.,0.,-1.));
#9810 = DIRECTION('',(-0.,-1.,0.));
#9811 = FACE_BOUND('',#9812,.T.);
#9812 = EDGE_LOOP('',(#9813));
#9813 = ORIENTED_EDGE('',*,*,#9814,.T.);
#9814 = EDGE_CURVE('',#9815,#9815,#9817,.T.);
#9815 = VERTEX_POINT('',#9816);
#9816 = CARTESIAN_POINT('',(56.890974,-146.155068,1.51));
#9817 = CIRCLE('',#9818,2.);
#9818 = AXIS2_PLACEMENT_3D('',#9819,#9820,#9821);
#9819 = CARTESIAN_POINT('',(56.890974,-144.155068,1.51));
#9820 = DIRECTION('',(-0.,0.,-1.));
#9821 = DIRECTION('',(-0.,-1.,0.));
#9822 = FACE_BOUND('',#9823,.T.);
#9823 = EDGE_LOOP('',(#9824));
#9824 = ORIENTED_EDGE('',*,*,#9825,.T.);
#9825 = EDGE_CURVE('',#9826,#9826,#9828,.T.);
#9826 = VERTEX_POINT('',#9827);
#9827 = CARTESIAN_POINT('',(61.970974,-145.005068,1.51));
#9828 = CIRCLE('',#9829,0.85);
#9829 = AXIS2_PLACEMENT_3D('',#9830,#9831,#9832);
#9830 = CARTESIAN_POINT('',(61.970974,-144.155068,1.51));
#9831 = DIRECTION('',(-0.,0.,-1.));
#9832 = DIRECTION('',(-0.,-1.,0.));
#9833 = FACE_BOUND('',#9834,.T.);
#9834 = EDGE_LOOP('',(#9835));
#9835 = ORIENTED_EDGE('',*,*,#9836,.T.);
#9836 = EDGE_CURVE('',#9837,#9837,#9839,.T.);
#9837 = VERTEX_POINT('',#9838);
#9838 = CARTESIAN_POINT('',(71.549802,-145.573792,1.51));
#9839 = CIRCLE('',#9840,0.85);
#9840 = AXIS2_PLACEMENT_3D('',#9841,#9842,#9843);
#9841 = CARTESIAN_POINT('',(71.549802,-144.723792,1.51));
#9842 = DIRECTION('',(-0.,0.,-1.));
#9843 = DIRECTION('',(-0.,-1.,0.));
#9844 = FACE_BOUND('',#9845,.T.);
#9845 = EDGE_LOOP('',(#9846));
#9846 = ORIENTED_EDGE('',*,*,#9847,.T.);
#9847 = EDGE_CURVE('',#9848,#9848,#9850,.T.);
#9848 = VERTEX_POINT('',#9849);
#9849 = CARTESIAN_POINT('',(76.629802,-146.723792,1.51));
#9850 = CIRCLE('',#9851,2.);
#9851 = AXIS2_PLACEMENT_3D('',#9852,#9853,#9854);
#9852 = CARTESIAN_POINT('',(76.629802,-144.723792,1.51));
#9853 = DIRECTION('',(-0.,0.,-1.));
#9854 = DIRECTION('',(-0.,-1.,0.));
#9855 = FACE_BOUND('',#9856,.T.);
#9856 = EDGE_LOOP('',(#9857));
#9857 = ORIENTED_EDGE('',*,*,#9858,.T.);
#9858 = EDGE_CURVE('',#9859,#9859,#9861,.T.);
#9859 = VERTEX_POINT('',#9860);
#9860 = CARTESIAN_POINT('',(33.564647,-142.730471,1.51));
#9861 = CIRCLE('',#9862,0.75);
#9862 = AXIS2_PLACEMENT_3D('',#9863,#9864,#9865);
#9863 = CARTESIAN_POINT('',(33.564647,-141.980471,1.51));
#9864 = DIRECTION('',(-0.,0.,-1.));
#9865 = DIRECTION('',(-0.,-1.,0.));
#9866 = FACE_BOUND('',#9867,.T.);
#9867 = EDGE_LOOP('',(#9868));
#9868 = ORIENTED_EDGE('',*,*,#9869,.T.);
#9869 = EDGE_CURVE('',#9870,#9870,#9872,.T.);
#9870 = VERTEX_POINT('',#9871);
#9871 = CARTESIAN_POINT('',(39.914647,-140.190471,1.51));
#9872 = CIRCLE('',#9873,0.75);
#9873 = AXIS2_PLACEMENT_3D('',#9874,#9875,#9876);
#9874 = CARTESIAN_POINT('',(39.914647,-139.440471,1.51));
#9875 = DIRECTION('',(-0.,0.,-1.));
#9876 = DIRECTION('',(-0.,-1.,0.));
#9877 = FACE_BOUND('',#9878,.T.);
#9878 = EDGE_LOOP('',(#9879));
#9879 = ORIENTED_EDGE('',*,*,#9880,.T.);
#9880 = EDGE_CURVE('',#9881,#9881,#9883,.T.);
#9881 = VERTEX_POINT('',#9882);
#9882 = CARTESIAN_POINT('',(53.080974,-142.365068,1.51));
#9883 = CIRCLE('',#9884,0.75);
#9884 = AXIS2_PLACEMENT_3D('',#9885,#9886,#9887);
#9885 = CARTESIAN_POINT('',(53.080974,-141.615068,1.51));
#9886 = DIRECTION('',(-0.,0.,-1.));
#9887 = DIRECTION('',(-0.,-1.,0.));
#9888 = FACE_BOUND('',#9889,.T.);
#9889 = EDGE_LOOP('',(#9890));
#9890 = ORIENTED_EDGE('',*,*,#9891,.T.);
#9891 = EDGE_CURVE('',#9892,#9892,#9894,.T.);
#9892 = VERTEX_POINT('',#9893);
#9893 = CARTESIAN_POINT('',(59.430974,-139.825068,1.51));
#9894 = CIRCLE('',#9895,0.75);
#9895 = AXIS2_PLACEMENT_3D('',#9896,#9897,#9898);
#9896 = CARTESIAN_POINT('',(59.430974,-139.075068,1.51));
#9897 = DIRECTION('',(-0.,0.,-1.));
#9898 = DIRECTION('',(-0.,-1.,0.));
#9899 = FACE_BOUND('',#9900,.T.);
#9900 = EDGE_LOOP('',(#9901));
#9901 = ORIENTED_EDGE('',*,*,#9902,.T.);
#9902 = EDGE_CURVE('',#9903,#9903,#9905,.T.);
#9903 = VERTEX_POINT('',#9904);
#9904 = CARTESIAN_POINT('',(72.819802,-142.933792,1.51));
#9905 = CIRCLE('',#9906,0.75);
#9906 = AXIS2_PLACEMENT_3D('',#9907,#9908,#9909);
#9907 = CARTESIAN_POINT('',(72.819802,-142.183792,1.51));
#9908 = DIRECTION('',(-0.,0.,-1.));
#9909 = DIRECTION('',(-0.,-1.,0.));
#9910 = FACE_BOUND('',#9911,.T.);
#9911 = EDGE_LOOP('',(#9912));
#9912 = ORIENTED_EDGE('',*,*,#9913,.T.);
#9913 = EDGE_CURVE('',#9914,#9914,#9916,.T.);
#9914 = VERTEX_POINT('',#9915);
#9915 = CARTESIAN_POINT('',(81.709802,-145.573792,1.51));
#9916 = CIRCLE('',#9917,0.85);
#9917 = AXIS2_PLACEMENT_3D('',#9918,#9919,#9920);
#9918 = CARTESIAN_POINT('',(81.709802,-144.723792,1.51));
#9919 = DIRECTION('',(-0.,0.,-1.));
#9920 = DIRECTION('',(-0.,-1.,0.));
#9921 = FACE_BOUND('',#9922,.T.);
#9922 = EDGE_LOOP('',(#9923));
#9923 = ORIENTED_EDGE('',*,*,#9924,.T.);
#9924 = EDGE_CURVE('',#9925,#9925,#9927,.T.);
#9925 = VERTEX_POINT('',#9926);
#9926 = CARTESIAN_POINT('',(91.161773,-145.283131,1.51));
#9927 = CIRCLE('',#9928,0.85);
#9928 = AXIS2_PLACEMENT_3D('',#9929,#9930,#9931);
#9929 = CARTESIAN_POINT('',(91.161773,-144.433131,1.51));
#9930 = DIRECTION('',(-0.,0.,-1.));
#9931 = DIRECTION('',(-1.671865260612E-14,-1.,0.));
#9932 = FACE_BOUND('',#9933,.T.);
#9933 = EDGE_LOOP('',(#9934));
#9934 = ORIENTED_EDGE('',*,*,#9935,.T.);
#9935 = EDGE_CURVE('',#9936,#9936,#9938,.T.);
#9936 = VERTEX_POINT('',#9937);
#9937 = CARTESIAN_POINT('',(96.241773,-146.433131,1.51));
#9938 = CIRCLE('',#9939,2.);
#9939 = AXIS2_PLACEMENT_3D('',#9940,#9941,#9942);
#9940 = CARTESIAN_POINT('',(96.241773,-144.433131,1.51));
#9941 = DIRECTION('',(-0.,0.,-1.));
#9942 = DIRECTION('',(-0.,-1.,0.));
#9943 = FACE_BOUND('',#9944,.T.);
#9944 = EDGE_LOOP('',(#9945));
#9945 = ORIENTED_EDGE('',*,*,#9946,.T.);
#9946 = EDGE_CURVE('',#9947,#9947,#9949,.T.);
#9947 = VERTEX_POINT('',#9948);
#9948 = CARTESIAN_POINT('',(101.321773,-145.283131,1.51));
#9949 = CIRCLE('',#9950,0.85);
#9950 = AXIS2_PLACEMENT_3D('',#9951,#9952,#9953);
#9951 = CARTESIAN_POINT('',(101.321773,-144.433131,1.51));
#9952 = DIRECTION('',(-0.,0.,-1.));
#9953 = DIRECTION('',(-1.671865260612E-14,-1.,0.));
#9954 = FACE_BOUND('',#9955,.T.);
#9955 = EDGE_LOOP('',(#9956));
#9956 = ORIENTED_EDGE('',*,*,#9957,.T.);
#9957 = EDGE_CURVE('',#9958,#9958,#9960,.T.);
#9958 = VERTEX_POINT('',#9959);
#9959 = CARTESIAN_POINT('',(110.592662,-145.122986,1.51));
#9960 = CIRCLE('',#9961,0.85);
#9961 = AXIS2_PLACEMENT_3D('',#9962,#9963,#9964);
#9962 = CARTESIAN_POINT('',(110.592662,-144.272986,1.51));
#9963 = DIRECTION('',(-0.,0.,-1.));
#9964 = DIRECTION('',(1.671865260612E-14,-1.,-0.));
#9965 = FACE_BOUND('',#9966,.T.);
#9966 = EDGE_LOOP('',(#9967));
#9967 = ORIENTED_EDGE('',*,*,#9968,.T.);
#9968 = EDGE_CURVE('',#9969,#9969,#9971,.T.);
#9969 = VERTEX_POINT('',#9970);
#9970 = CARTESIAN_POINT('',(115.672662,-146.272986,1.51));
#9971 = CIRCLE('',#9972,2.);
#9972 = AXIS2_PLACEMENT_3D('',#9973,#9974,#9975);
#9973 = CARTESIAN_POINT('',(115.672662,-144.272986,1.51));
#9974 = DIRECTION('',(-0.,0.,-1.));
#9975 = DIRECTION('',(-0.,-1.,0.));
#9976 = FACE_BOUND('',#9977,.T.);
#9977 = EDGE_LOOP('',(#9978));
#9978 = ORIENTED_EDGE('',*,*,#9979,.T.);
#9979 = EDGE_CURVE('',#9980,#9980,#9982,.T.);
#9980 = VERTEX_POINT('',#9981);
#9981 = CARTESIAN_POINT('',(120.752662,-145.122986,1.51));
#9982 = CIRCLE('',#9983,0.85);
#9983 = AXIS2_PLACEMENT_3D('',#9984,#9985,#9986);
#9984 = CARTESIAN_POINT('',(120.752662,-144.272986,1.51));
#9985 = DIRECTION('',(-0.,0.,-1.));
#9986 = DIRECTION('',(-0.,-1.,0.));
#9987 = FACE_BOUND('',#9988,.T.);
#9988 = EDGE_LOOP('',(#9989));
#9989 = ORIENTED_EDGE('',*,*,#9990,.T.);
#9990 = EDGE_CURVE('',#9991,#9991,#9993,.T.);
#9991 = VERTEX_POINT('',#9992);
#9992 = CARTESIAN_POINT('',(129.883991,-145.086108,1.51));
#9993 = CIRCLE('',#9994,0.85);
#9994 = AXIS2_PLACEMENT_3D('',#9995,#9996,#9997);
#9995 = CARTESIAN_POINT('',(129.883991,-144.236108,1.51));
#9996 = DIRECTION('',(-0.,0.,-1.));
#9997 = DIRECTION('',(3.343730521224E-14,-1.,-0.));
#9998 = FACE_BOUND('',#9999,.T.);
#9999 = EDGE_LOOP('',(#10000));
#10000 = ORIENTED_EDGE('',*,*,#10001,.T.);
#10001 = EDGE_CURVE('',#10002,#10002,#10004,.T.);
#10002 = VERTEX_POINT('',#10003);
#10003 = CARTESIAN_POINT('',(79.169802,-140.393792,1.51));
#10004 = CIRCLE('',#10005,0.75);
#10005 = AXIS2_PLACEMENT_3D('',#10006,#10007,#10008);
#10006 = CARTESIAN_POINT('',(79.169802,-139.643792,1.51));
#10007 = DIRECTION('',(-0.,0.,-1.));
#10008 = DIRECTION('',(-0.,-1.,0.));
#10009 = FACE_BOUND('',#10010,.T.);
#10010 = EDGE_LOOP('',(#10011));
#10011 = ORIENTED_EDGE('',*,*,#10012,.T.);
#10012 = EDGE_CURVE('',#10013,#10013,#10015,.T.);
#10013 = VERTEX_POINT('',#10014);
#10014 = CARTESIAN_POINT('',(92.431773,-142.643131,1.51));
#10015 = CIRCLE('',#10016,0.75);
#10016 = AXIS2_PLACEMENT_3D('',#10017,#10018,#10019);
#10017 = CARTESIAN_POINT('',(92.431773,-141.893131,1.51));
#10018 = DIRECTION('',(-0.,0.,-1.));
#10019 = DIRECTION('',(-0.,-1.,0.));
#10020 = FACE_BOUND('',#10021,.T.);
#10021 = EDGE_LOOP('',(#10022));
#10022 = ORIENTED_EDGE('',*,*,#10023,.T.);
#10023 = EDGE_CURVE('',#10024,#10024,#10026,.T.);
#10024 = VERTEX_POINT('',#10025);
#10025 = CARTESIAN_POINT('',(98.781773,-140.103131,1.51));
#10026 = CIRCLE('',#10027,0.75);
#10027 = AXIS2_PLACEMENT_3D('',#10028,#10029,#10030);
#10028 = CARTESIAN_POINT('',(98.781773,-139.353131,1.51));
#10029 = DIRECTION('',(-0.,0.,-1.));
#10030 = DIRECTION('',(-0.,-1.,0.));
#10031 = FACE_BOUND('',#10032,.T.);
#10032 = EDGE_LOOP('',(#10033));
#10033 = ORIENTED_EDGE('',*,*,#10034,.T.);
#10034 = EDGE_CURVE('',#10035,#10035,#10037,.T.);
#10035 = VERTEX_POINT('',#10036);
#10036 = CARTESIAN_POINT('',(111.862662,-142.482986,1.51));
#10037 = CIRCLE('',#10038,0.75);
#10038 = AXIS2_PLACEMENT_3D('',#10039,#10040,#10041);
#10039 = CARTESIAN_POINT('',(111.862662,-141.732986,1.51));
#10040 = DIRECTION('',(-0.,0.,-1.));
#10041 = DIRECTION('',(-0.,-1.,0.));
#10042 = FACE_BOUND('',#10043,.T.);
#10043 = EDGE_LOOP('',(#10044));
#10044 = ORIENTED_EDGE('',*,*,#10045,.T.);
#10045 = EDGE_CURVE('',#10046,#10046,#10048,.T.);
#10046 = VERTEX_POINT('',#10047);
#10047 = CARTESIAN_POINT('',(118.212662,-139.942986,1.51));
#10048 = CIRCLE('',#10049,0.75);
#10049 = AXIS2_PLACEMENT_3D('',#10050,#10051,#10052);
#10050 = CARTESIAN_POINT('',(118.212662,-139.192986,1.51));
#10051 = DIRECTION('',(-0.,0.,-1.));
#10052 = DIRECTION('',(-0.,-1.,0.));
#10053 = FACE_BOUND('',#10054,.T.);
#10054 = EDGE_LOOP('',(#10055));
#10055 = ORIENTED_EDGE('',*,*,#10056,.T.);
#10056 = EDGE_CURVE('',#10057,#10057,#10059,.T.);
#10057 = VERTEX_POINT('',#10058);
#10058 = CARTESIAN_POINT('',(43.236188,-124.815951,1.51));
#10059 = CIRCLE('',#10060,0.85);
#10060 = AXIS2_PLACEMENT_3D('',#10061,#10062,#10063);
#10061 = CARTESIAN_POINT('',(43.236188,-123.965951,1.51));
#10062 = DIRECTION('',(-0.,0.,-1.));
#10063 = DIRECTION('',(-0.,-1.,0.));
#10064 = FACE_BOUND('',#10065,.T.);
#10065 = EDGE_LOOP('',(#10066));
#10066 = ORIENTED_EDGE('',*,*,#10067,.T.);
#10067 = EDGE_CURVE('',#10068,#10068,#10070,.T.);
#10068 = VERTEX_POINT('',#10069);
#10069 = CARTESIAN_POINT('',(48.316188,-125.965951,1.51));
#10070 = CIRCLE('',#10071,2.);
#10071 = AXIS2_PLACEMENT_3D('',#10072,#10073,#10074);
#10072 = CARTESIAN_POINT('',(48.316188,-123.965951,1.51));
#10073 = DIRECTION('',(-0.,0.,-1.));
#10074 = DIRECTION('',(-0.,-1.,0.));
#10075 = FACE_BOUND('',#10076,.T.);
#10076 = EDGE_LOOP('',(#10077));
#10077 = ORIENTED_EDGE('',*,*,#10078,.T.);
#10078 = EDGE_CURVE('',#10079,#10079,#10081,.T.);
#10079 = VERTEX_POINT('',#10080);
#10080 = CARTESIAN_POINT('',(44.506188,-122.175951,1.51));
#10081 = CIRCLE('',#10082,0.75);
#10082 = AXIS2_PLACEMENT_3D('',#10083,#10084,#10085);
#10083 = CARTESIAN_POINT('',(44.506188,-121.425951,1.51));
#10084 = DIRECTION('',(-0.,0.,-1.));
#10085 = DIRECTION('',(-0.,-1.,0.));
#10086 = FACE_BOUND('',#10087,.T.);
#10087 = EDGE_LOOP('',(#10088));
#10088 = ORIENTED_EDGE('',*,*,#10089,.T.);
#10089 = EDGE_CURVE('',#10090,#10090,#10092,.T.);
#10090 = VERTEX_POINT('',#10091);
#10091 = CARTESIAN_POINT('',(53.396188,-124.815951,1.51));
#10092 = CIRCLE('',#10093,0.85);
#10093 = AXIS2_PLACEMENT_3D('',#10094,#10095,#10096);
#10094 = CARTESIAN_POINT('',(53.396188,-123.965951,1.51));
#10095 = DIRECTION('',(-0.,0.,-1.));
#10096 = DIRECTION('',(8.35932630306E-15,-1.,-0.));
#10097 = FACE_BOUND('',#10098,.T.);
#10098 = EDGE_LOOP('',(#10099));
#10099 = ORIENTED_EDGE('',*,*,#10100,.T.);
#10100 = EDGE_CURVE('',#10101,#10101,#10103,.T.);
#10101 = VERTEX_POINT('',#10102);
#10102 = CARTESIAN_POINT('',(62.83539,-124.58724,1.51));
#10103 = CIRCLE('',#10104,0.85);
#10104 = AXIS2_PLACEMENT_3D('',#10105,#10106,#10107);
#10105 = CARTESIAN_POINT('',(62.83539,-123.73724,1.51));
#10106 = DIRECTION('',(-0.,0.,-1.));
#10107 = DIRECTION('',(-8.35932630306E-15,-1.,0.));
#10108 = FACE_BOUND('',#10109,.T.);
#10109 = EDGE_LOOP('',(#10110));
#10110 = ORIENTED_EDGE('',*,*,#10111,.T.);
#10111 = EDGE_CURVE('',#10112,#10112,#10114,.T.);
#10112 = VERTEX_POINT('',#10113);
#10113 = CARTESIAN_POINT('',(67.91539,-125.73724,1.51));
#10114 = CIRCLE('',#10115,2.);
#10115 = AXIS2_PLACEMENT_3D('',#10116,#10117,#10118);
#10116 = CARTESIAN_POINT('',(67.91539,-123.73724,1.51));
#10117 = DIRECTION('',(-0.,0.,-1.));
#10118 = DIRECTION('',(-0.,-1.,0.));
#10119 = FACE_BOUND('',#10120,.T.);
#10120 = EDGE_LOOP('',(#10121));
#10121 = ORIENTED_EDGE('',*,*,#10122,.T.);
#10122 = EDGE_CURVE('',#10123,#10123,#10125,.T.);
#10123 = VERTEX_POINT('',#10124);
#10124 = CARTESIAN_POINT('',(64.10539,-121.94724,1.51));
#10125 = CIRCLE('',#10126,0.75);
#10126 = AXIS2_PLACEMENT_3D('',#10127,#10128,#10129);
#10127 = CARTESIAN_POINT('',(64.10539,-121.19724,1.51));
#10128 = DIRECTION('',(-0.,0.,-1.));
#10129 = DIRECTION('',(-0.,-1.,0.));
#10130 = FACE_BOUND('',#10131,.T.);
#10131 = EDGE_LOOP('',(#10132));
#10132 = ORIENTED_EDGE('',*,*,#10133,.T.);
#10133 = EDGE_CURVE('',#10134,#10134,#10136,.T.);
#10134 = VERTEX_POINT('',#10135);
#10135 = CARTESIAN_POINT('',(72.99539,-124.58724,1.51));
#10136 = CIRCLE('',#10137,0.85);
#10137 = AXIS2_PLACEMENT_3D('',#10138,#10139,#10140);
#10138 = CARTESIAN_POINT('',(72.99539,-123.73724,1.51));
#10139 = DIRECTION('',(-0.,0.,-1.));
#10140 = DIRECTION('',(-0.,-1.,0.));
#10141 = FACE_BOUND('',#10142,.T.);
#10142 = EDGE_LOOP('',(#10143));
#10143 = ORIENTED_EDGE('',*,*,#10144,.T.);
#10144 = EDGE_CURVE('',#10145,#10145,#10147,.T.);
#10145 = VERTEX_POINT('',#10146);
#10146 = CARTESIAN_POINT('',(50.856188,-119.635951,1.51));
#10147 = CIRCLE('',#10148,0.75);
#10148 = AXIS2_PLACEMENT_3D('',#10149,#10150,#10151);
#10149 = CARTESIAN_POINT('',(50.856188,-118.885951,1.51));
#10150 = DIRECTION('',(-0.,0.,-1.));
#10151 = DIRECTION('',(-0.,-1.,0.));
#10152 = FACE_BOUND('',#10153,.T.);
#10153 = EDGE_LOOP('',(#10154));
#10154 = ORIENTED_EDGE('',*,*,#10155,.T.);
#10155 = EDGE_CURVE('',#10156,#10156,#10158,.T.);
#10156 = VERTEX_POINT('',#10157);
#10157 = CARTESIAN_POINT('',(70.45539,-119.40724,1.51));
#10158 = CIRCLE('',#10159,0.75);
#10159 = AXIS2_PLACEMENT_3D('',#10160,#10161,#10162);
#10160 = CARTESIAN_POINT('',(70.45539,-118.65724,1.51));
#10161 = DIRECTION('',(-0.,0.,-1.));
#10162 = DIRECTION('',(-0.,-1.,0.));
#10163 = FACE_BOUND('',#10164,.T.);
#10164 = EDGE_LOOP('',(#10165));
#10165 = ORIENTED_EDGE('',*,*,#10166,.T.);
#10166 = EDGE_CURVE('',#10167,#10167,#10169,.T.);
#10167 = VERTEX_POINT('',#10168);
#10168 = CARTESIAN_POINT('',(32.443777,-102.907185,1.51));
#10169 = CIRCLE('',#10170,0.85);
#10170 = AXIS2_PLACEMENT_3D('',#10171,#10172,#10173);
#10171 = CARTESIAN_POINT('',(32.443777,-102.057185,1.51));
#10172 = DIRECTION('',(-0.,0.,-1.));
#10173 = DIRECTION('',(-0.,-1.,0.));
#10174 = FACE_BOUND('',#10175,.T.);
#10175 = EDGE_LOOP('',(#10176));
#10176 = ORIENTED_EDGE('',*,*,#10177,.T.);
#10177 = EDGE_CURVE('',#10178,#10178,#10180,.T.);
#10178 = VERTEX_POINT('',#10179);
#10179 = CARTESIAN_POINT('',(37.523777,-104.057185,1.51));
#10180 = CIRCLE('',#10181,2.);
#10181 = AXIS2_PLACEMENT_3D('',#10182,#10183,#10184);
#10182 = CARTESIAN_POINT('',(37.523777,-102.057185,1.51));
#10183 = DIRECTION('',(-0.,0.,-1.));
#10184 = DIRECTION('',(-0.,-1.,0.));
#10185 = FACE_BOUND('',#10186,.T.);
#10186 = EDGE_LOOP('',(#10187));
#10187 = ORIENTED_EDGE('',*,*,#10188,.T.);
#10188 = EDGE_CURVE('',#10189,#10189,#10191,.T.);
#10189 = VERTEX_POINT('',#10190);
#10190 = CARTESIAN_POINT('',(42.603777,-102.907185,1.51));
#10191 = CIRCLE('',#10192,0.85);
#10192 = AXIS2_PLACEMENT_3D('',#10193,#10194,#10195);
#10193 = CARTESIAN_POINT('',(42.603777,-102.057185,1.51));
#10194 = DIRECTION('',(-0.,0.,-1.));
#10195 = DIRECTION('',(-0.,-1.,0.));
#10196 = FACE_BOUND('',#10197,.T.);
#10197 = EDGE_LOOP('',(#10198));
#10198 = ORIENTED_EDGE('',*,*,#10199,.T.);
#10199 = EDGE_CURVE('',#10200,#10200,#10202,.T.);
#10200 = VERTEX_POINT('',#10201);
#10201 = CARTESIAN_POINT('',(51.941373,-103.018753,1.51));
#10202 = CIRCLE('',#10203,0.85);
#10203 = AXIS2_PLACEMENT_3D('',#10204,#10205,#10206);
#10204 = CARTESIAN_POINT('',(51.941373,-102.168753,1.51));
#10205 = DIRECTION('',(-0.,0.,-1.));
#10206 = DIRECTION('',(-0.,-1.,0.));
#10207 = FACE_BOUND('',#10208,.T.);
#10208 = EDGE_LOOP('',(#10209));
#10209 = ORIENTED_EDGE('',*,*,#10210,.T.);
#10210 = EDGE_CURVE('',#10211,#10211,#10213,.T.);
#10211 = VERTEX_POINT('',#10212);
#10212 = CARTESIAN_POINT('',(57.021373,-104.168753,1.51));
#10213 = CIRCLE('',#10214,2.);
#10214 = AXIS2_PLACEMENT_3D('',#10215,#10216,#10217);
#10215 = CARTESIAN_POINT('',(57.021373,-102.168753,1.51));
#10216 = DIRECTION('',(-0.,0.,-1.));
#10217 = DIRECTION('',(-0.,-1.,0.));
#10218 = FACE_BOUND('',#10219,.T.);
#10219 = EDGE_LOOP('',(#10220));
#10220 = ORIENTED_EDGE('',*,*,#10221,.T.);
#10221 = EDGE_CURVE('',#10222,#10222,#10224,.T.);
#10222 = VERTEX_POINT('',#10223);
#10223 = CARTESIAN_POINT('',(62.101373,-103.018753,1.51));
#10224 = CIRCLE('',#10225,0.85);
#10225 = AXIS2_PLACEMENT_3D('',#10226,#10227,#10228);
#10226 = CARTESIAN_POINT('',(62.101373,-102.168753,1.51));
#10227 = DIRECTION('',(-0.,0.,-1.));
#10228 = DIRECTION('',(8.35932630306E-15,-1.,-0.));
#10229 = FACE_BOUND('',#10230,.T.);
#10230 = EDGE_LOOP('',(#10231));
#10231 = ORIENTED_EDGE('',*,*,#10232,.T.);
#10232 = EDGE_CURVE('',#10233,#10233,#10235,.T.);
#10233 = VERTEX_POINT('',#10234);
#10234 = CARTESIAN_POINT('',(71.721748,-102.907185,1.51));
#10235 = CIRCLE('',#10236,0.85);
#10236 = AXIS2_PLACEMENT_3D('',#10237,#10238,#10239);
#10237 = CARTESIAN_POINT('',(71.721748,-102.057185,1.51));
#10238 = DIRECTION('',(-0.,0.,-1.));
#10239 = DIRECTION('',(1.671865260612E-14,-1.,-0.));
#10240 = FACE_BOUND('',#10241,.T.);
#10241 = EDGE_LOOP('',(#10242));
#10242 = ORIENTED_EDGE('',*,*,#10243,.T.);
#10243 = EDGE_CURVE('',#10244,#10244,#10246,.T.);
#10244 = VERTEX_POINT('',#10245);
#10245 = CARTESIAN_POINT('',(76.801748,-104.057185,1.51));
#10246 = CIRCLE('',#10247,2.);
#10247 = AXIS2_PLACEMENT_3D('',#10248,#10249,#10250);
#10248 = CARTESIAN_POINT('',(76.801748,-102.057185,1.51));
#10249 = DIRECTION('',(-0.,0.,-1.));
#10250 = DIRECTION('',(-0.,-1.,0.));
#10251 = FACE_BOUND('',#10252,.T.);
#10252 = EDGE_LOOP('',(#10253));
#10253 = ORIENTED_EDGE('',*,*,#10254,.T.);
#10254 = EDGE_CURVE('',#10255,#10255,#10257,.T.);
#10255 = VERTEX_POINT('',#10256);
#10256 = CARTESIAN_POINT('',(82.41207,-124.751232,1.51));
#10257 = CIRCLE('',#10258,0.85);
#10258 = AXIS2_PLACEMENT_3D('',#10259,#10260,#10261);
#10259 = CARTESIAN_POINT('',(82.41207,-123.901232,1.51));
#10260 = DIRECTION('',(-0.,0.,-1.));
#10261 = DIRECTION('',(-0.,-1.,0.));
#10262 = FACE_BOUND('',#10263,.T.);
#10263 = EDGE_LOOP('',(#10264));
#10264 = ORIENTED_EDGE('',*,*,#10265,.T.);
#10265 = EDGE_CURVE('',#10266,#10266,#10268,.T.);
#10266 = VERTEX_POINT('',#10267);
#10267 = CARTESIAN_POINT('',(83.68207,-122.111232,1.51));
#10268 = CIRCLE('',#10269,0.75);
#10269 = AXIS2_PLACEMENT_3D('',#10270,#10271,#10272);
#10270 = CARTESIAN_POINT('',(83.68207,-121.361232,1.51));
#10271 = DIRECTION('',(-0.,0.,-1.));
#10272 = DIRECTION('',(-0.,-1.,0.));
#10273 = FACE_BOUND('',#10274,.T.);
#10274 = EDGE_LOOP('',(#10275));
#10275 = ORIENTED_EDGE('',*,*,#10276,.T.);
#10276 = EDGE_CURVE('',#10277,#10277,#10279,.T.);
#10277 = VERTEX_POINT('',#10278);
#10278 = CARTESIAN_POINT('',(87.49207,-125.901232,1.51));
#10279 = CIRCLE('',#10280,2.);
#10280 = AXIS2_PLACEMENT_3D('',#10281,#10282,#10283);
#10281 = CARTESIAN_POINT('',(87.49207,-123.901232,1.51));
#10282 = DIRECTION('',(-0.,0.,-1.));
#10283 = DIRECTION('',(-0.,-1.,0.));
#10284 = FACE_BOUND('',#10285,.T.);
#10285 = EDGE_LOOP('',(#10286));
#10286 = ORIENTED_EDGE('',*,*,#10287,.T.);
#10287 = EDGE_CURVE('',#10288,#10288,#10290,.T.);
#10288 = VERTEX_POINT('',#10289);
#10289 = CARTESIAN_POINT('',(92.57207,-124.751232,1.51));
#10290 = CIRCLE('',#10291,0.85);
#10291 = AXIS2_PLACEMENT_3D('',#10292,#10293,#10294);
#10292 = CARTESIAN_POINT('',(92.57207,-123.901232,1.51));
#10293 = DIRECTION('',(-0.,0.,-1.));
#10294 = DIRECTION('',(-0.,-1.,0.));
#10295 = FACE_BOUND('',#10296,.T.);
#10296 = EDGE_LOOP('',(#10297));
#10297 = ORIENTED_EDGE('',*,*,#10298,.T.);
#10298 = EDGE_CURVE('',#10299,#10299,#10301,.T.);
#10299 = VERTEX_POINT('',#10300);
#10300 = CARTESIAN_POINT('',(102.144193,-124.651051,1.51));
#10301 = CIRCLE('',#10302,0.85);
#10302 = AXIS2_PLACEMENT_3D('',#10303,#10304,#10305);
#10303 = CARTESIAN_POINT('',(102.144193,-123.801051,1.51));
#10304 = DIRECTION('',(-0.,0.,-1.));
#10305 = DIRECTION('',(-0.,-1.,0.));
#10306 = FACE_BOUND('',#10307,.T.);
#10307 = EDGE_LOOP('',(#10308));
#10308 = ORIENTED_EDGE('',*,*,#10309,.T.);
#10309 = EDGE_CURVE('',#10310,#10310,#10312,.T.);
#10310 = VERTEX_POINT('',#10311);
#10311 = CARTESIAN_POINT('',(103.414193,-122.011051,1.51));
#10312 = CIRCLE('',#10313,0.75);
#10313 = AXIS2_PLACEMENT_3D('',#10314,#10315,#10316);
#10314 = CARTESIAN_POINT('',(103.414193,-121.261051,1.51));
#10315 = DIRECTION('',(-0.,0.,-1.));
#10316 = DIRECTION('',(-0.,-1.,0.));
#10317 = FACE_BOUND('',#10318,.T.);
#10318 = EDGE_LOOP('',(#10319));
#10319 = ORIENTED_EDGE('',*,*,#10320,.T.);
#10320 = EDGE_CURVE('',#10321,#10321,#10323,.T.);
#10321 = VERTEX_POINT('',#10322);
#10322 = CARTESIAN_POINT('',(90.03207,-119.571232,1.51));
#10323 = CIRCLE('',#10324,0.75);
#10324 = AXIS2_PLACEMENT_3D('',#10325,#10326,#10327);
#10325 = CARTESIAN_POINT('',(90.03207,-118.821232,1.51));
#10326 = DIRECTION('',(-0.,0.,-1.));
#10327 = DIRECTION('',(-0.,-1.,0.));
#10328 = FACE_BOUND('',#10329,.T.);
#10329 = EDGE_LOOP('',(#10330));
#10330 = ORIENTED_EDGE('',*,*,#10331,.T.);
#10331 = EDGE_CURVE('',#10332,#10332,#10334,.T.);
#10332 = VERTEX_POINT('',#10333);
#10333 = CARTESIAN_POINT('',(107.224193,-125.801051,1.51));
#10334 = CIRCLE('',#10335,2.);
#10335 = AXIS2_PLACEMENT_3D('',#10336,#10337,#10338);
#10336 = CARTESIAN_POINT('',(107.224193,-123.801051,1.51));
#10337 = DIRECTION('',(-0.,0.,-1.));
#10338 = DIRECTION('',(-0.,-1.,0.));
#10339 = FACE_BOUND('',#10340,.T.);
#10340 = EDGE_LOOP('',(#10341));
#10341 = ORIENTED_EDGE('',*,*,#10342,.T.);
#10342 = EDGE_CURVE('',#10343,#10343,#10345,.T.);
#10343 = VERTEX_POINT('',#10344);
#10344 = CARTESIAN_POINT('',(112.304193,-124.651051,1.51));
#10345 = CIRCLE('',#10346,0.85);
#10346 = AXIS2_PLACEMENT_3D('',#10347,#10348,#10349);
#10347 = CARTESIAN_POINT('',(112.304193,-123.801051,1.51));
#10348 = DIRECTION('',(-0.,0.,-1.));
#10349 = DIRECTION('',(-0.,-1.,0.));
#10350 = FACE_BOUND('',#10351,.T.);
#10351 = EDGE_LOOP('',(#10352));
#10352 = ORIENTED_EDGE('',*,*,#10353,.T.);
#10353 = EDGE_CURVE('',#10354,#10354,#10356,.T.);
#10354 = VERTEX_POINT('',#10355);
#10355 = CARTESIAN_POINT('',(121.94247,-124.385969,1.51));
#10356 = CIRCLE('',#10357,0.85);
#10357 = AXIS2_PLACEMENT_3D('',#10358,#10359,#10360);
#10358 = CARTESIAN_POINT('',(121.94247,-123.535969,1.51));
#10359 = DIRECTION('',(-0.,0.,-1.));
#10360 = DIRECTION('',(-0.,-1.,0.));
#10361 = FACE_BOUND('',#10362,.T.);
#10362 = EDGE_LOOP('',(#10363));
#10363 = ORIENTED_EDGE('',*,*,#10364,.T.);
#10364 = EDGE_CURVE('',#10365,#10365,#10367,.T.);
#10365 = VERTEX_POINT('',#10366);
#10366 = CARTESIAN_POINT('',(127.02247,-125.535969,1.51));
#10367 = CIRCLE('',#10368,2.);
#10368 = AXIS2_PLACEMENT_3D('',#10369,#10370,#10371);
#10369 = CARTESIAN_POINT('',(127.02247,-123.535969,1.51));
#10370 = DIRECTION('',(-0.,0.,-1.));
#10371 = DIRECTION('',(-0.,-1.,0.));
#10372 = FACE_BOUND('',#10373,.T.);
#10373 = EDGE_LOOP('',(#10374));
#10374 = ORIENTED_EDGE('',*,*,#10375,.T.);
#10375 = EDGE_CURVE('',#10376,#10376,#10378,.T.);
#10376 = VERTEX_POINT('',#10377);
#10377 = CARTESIAN_POINT('',(109.764193,-119.471051,1.51));
#10378 = CIRCLE('',#10379,0.75);
#10379 = AXIS2_PLACEMENT_3D('',#10380,#10381,#10382);
#10380 = CARTESIAN_POINT('',(109.764193,-118.721051,1.51));
#10381 = DIRECTION('',(-0.,0.,-1.));
#10382 = DIRECTION('',(-0.,-1.,0.));
#10383 = FACE_BOUND('',#10384,.T.);
#10384 = EDGE_LOOP('',(#10385));
#10385 = ORIENTED_EDGE('',*,*,#10386,.T.);
#10386 = EDGE_CURVE('',#10387,#10387,#10389,.T.);
#10387 = VERTEX_POINT('',#10388);
#10388 = CARTESIAN_POINT('',(123.21247,-121.745969,1.51));
#10389 = CIRCLE('',#10390,0.75);
#10390 = AXIS2_PLACEMENT_3D('',#10391,#10392,#10393);
#10391 = CARTESIAN_POINT('',(123.21247,-120.995969,1.51));
#10392 = DIRECTION('',(-0.,0.,-1.));
#10393 = DIRECTION('',(-0.,-1.,0.));
#10394 = FACE_BOUND('',#10395,.T.);
#10395 = EDGE_LOOP('',(#10396));
#10396 = ORIENTED_EDGE('',*,*,#10397,.T.);
#10397 = EDGE_CURVE('',#10398,#10398,#10400,.T.);
#10398 = VERTEX_POINT('',#10399);
#10399 = CARTESIAN_POINT('',(129.56247,-119.205969,1.51));
#10400 = CIRCLE('',#10401,0.75);
#10401 = AXIS2_PLACEMENT_3D('',#10402,#10403,#10404);
#10402 = CARTESIAN_POINT('',(129.56247,-118.455969,1.51));
#10403 = DIRECTION('',(-0.,0.,-1.));
#10404 = DIRECTION('',(-0.,-1.,0.));
#10405 = FACE_BOUND('',#10406,.T.);
#10406 = EDGE_LOOP('',(#10407));
#10407 = ORIENTED_EDGE('',*,*,#10408,.T.);
#10408 = EDGE_CURVE('',#10409,#10409,#10411,.T.);
#10409 = VERTEX_POINT('',#10410);
#10410 = CARTESIAN_POINT('',(81.881748,-102.907185,1.51));
#10411 = CIRCLE('',#10412,0.85);
#10412 = AXIS2_PLACEMENT_3D('',#10413,#10414,#10415);
#10413 = CARTESIAN_POINT('',(81.881748,-102.057185,1.51));
#10414 = DIRECTION('',(-0.,0.,-1.));
#10415 = DIRECTION('',(1.671865260612E-14,-1.,-0.));
#10416 = FACE_BOUND('',#10417,.T.);
#10417 = EDGE_LOOP('',(#10418));
#10418 = ORIENTED_EDGE('',*,*,#10419,.T.);
#10419 = EDGE_CURVE('',#10420,#10420,#10422,.T.);
#10420 = VERTEX_POINT('',#10421);
#10421 = CARTESIAN_POINT('',(91.110734,-102.907185,1.51));
#10422 = CIRCLE('',#10423,0.85);
#10423 = AXIS2_PLACEMENT_3D('',#10424,#10425,#10426);
#10424 = CARTESIAN_POINT('',(91.110734,-102.057185,1.51));
#10425 = DIRECTION('',(-0.,0.,-1.));
#10426 = DIRECTION('',(-1.671865260612E-14,-1.,0.));
#10427 = FACE_BOUND('',#10428,.T.);
#10428 = EDGE_LOOP('',(#10429));
#10429 = ORIENTED_EDGE('',*,*,#10430,.T.);
#10430 = EDGE_CURVE('',#10431,#10431,#10433,.T.);
#10431 = VERTEX_POINT('',#10432);
#10432 = CARTESIAN_POINT('',(96.190734,-104.057185,1.51));
#10433 = CIRCLE('',#10434,2.);
#10434 = AXIS2_PLACEMENT_3D('',#10435,#10436,#10437);
#10435 = CARTESIAN_POINT('',(96.190734,-102.057185,1.51));
#10436 = DIRECTION('',(-0.,0.,-1.));
#10437 = DIRECTION('',(-0.,-1.,0.));
#10438 = FACE_BOUND('',#10439,.T.);
#10439 = EDGE_LOOP('',(#10440));
#10440 = ORIENTED_EDGE('',*,*,#10441,.T.);
#10441 = EDGE_CURVE('',#10442,#10442,#10444,.T.);
#10442 = VERTEX_POINT('',#10443);
#10443 = CARTESIAN_POINT('',(101.270734,-102.907185,1.51));
#10444 = CIRCLE('',#10445,0.85);
#10445 = AXIS2_PLACEMENT_3D('',#10446,#10447,#10448);
#10446 = CARTESIAN_POINT('',(101.270734,-102.057185,1.51));
#10447 = DIRECTION('',(-0.,0.,-1.));
#10448 = DIRECTION('',(-0.,-1.,0.));
#10449 = FACE_BOUND('',#10450,.T.);
#10450 = EDGE_LOOP('',(#10451));
#10451 = ORIENTED_EDGE('',*,*,#10452,.T.);
#10452 = EDGE_CURVE('',#10453,#10453,#10455,.T.);
#10453 = VERTEX_POINT('',#10454);
#10454 = CARTESIAN_POINT('',(110.904647,-102.907185,1.51));
#10455 = CIRCLE('',#10456,0.85);
#10456 = AXIS2_PLACEMENT_3D('',#10457,#10458,#10459);
#10457 = CARTESIAN_POINT('',(110.904647,-102.057185,1.51));
#10458 = DIRECTION('',(-0.,0.,-1.));
#10459 = DIRECTION('',(-1.671865260612E-14,-1.,0.));
#10460 = FACE_BOUND('',#10461,.T.);
#10461 = EDGE_LOOP('',(#10462));
#10462 = ORIENTED_EDGE('',*,*,#10463,.T.);
#10463 = EDGE_CURVE('',#10464,#10464,#10466,.T.);
#10464 = VERTEX_POINT('',#10465);
#10465 = CARTESIAN_POINT('',(115.984647,-104.057185,1.51));
#10466 = CIRCLE('',#10467,2.);
#10467 = AXIS2_PLACEMENT_3D('',#10468,#10469,#10470);
#10468 = CARTESIAN_POINT('',(115.984647,-102.057185,1.51));
#10469 = DIRECTION('',(-0.,0.,-1.));
#10470 = DIRECTION('',(-0.,-1.,0.));
#10471 = FACE_BOUND('',#10472,.T.);
#10472 = EDGE_LOOP('',(#10473));
#10473 = ORIENTED_EDGE('',*,*,#10474,.T.);
#10474 = EDGE_CURVE('',#10475,#10475,#10477,.T.);
#10475 = VERTEX_POINT('',#10476);
#10476 = CARTESIAN_POINT('',(121.064647,-102.907185,1.51));
#10477 = CIRCLE('',#10478,0.85);
#10478 = AXIS2_PLACEMENT_3D('',#10479,#10480,#10481);
#10479 = CARTESIAN_POINT('',(121.064647,-102.057185,1.51));
#10480 = DIRECTION('',(-0.,0.,-1.));
#10481 = DIRECTION('',(-1.671865260612E-14,-1.,0.));
#10482 = FACE_BOUND('',#10483,.T.);
#10483 = EDGE_LOOP('',(#10484));
#10484 = ORIENTED_EDGE('',*,*,#10485,.T.);
#10485 = EDGE_CURVE('',#10486,#10486,#10488,.T.);
#10486 = VERTEX_POINT('',#10487);
#10487 = CARTESIAN_POINT('',(134.963991,-146.236108,1.51));
#10488 = CIRCLE('',#10489,2.);
#10489 = AXIS2_PLACEMENT_3D('',#10490,#10491,#10492);
#10490 = CARTESIAN_POINT('',(134.963991,-144.236108,1.51));
#10491 = DIRECTION('',(-0.,0.,-1.));
#10492 = DIRECTION('',(-0.,-1.,0.));
#10493 = FACE_BOUND('',#10494,.T.);
#10494 = EDGE_LOOP('',(#10495));
#10495 = ORIENTED_EDGE('',*,*,#10496,.T.);
#10496 = EDGE_CURVE('',#10497,#10497,#10499,.T.);
#10497 = VERTEX_POINT('',#10498);
#10498 = CARTESIAN_POINT('',(140.043991,-145.086108,1.51));
#10499 = CIRCLE('',#10500,0.85);
#10500 = AXIS2_PLACEMENT_3D('',#10501,#10502,#10503);
#10501 = CARTESIAN_POINT('',(140.043991,-144.236108,1.51));
#10502 = DIRECTION('',(-0.,0.,-1.));
#10503 = DIRECTION('',(-0.,-1.,0.));
#10504 = FACE_BOUND('',#10505,.T.);
#10505 = EDGE_LOOP('',(#10506));
#10506 = ORIENTED_EDGE('',*,*,#10507,.T.);
#10507 = EDGE_CURVE('',#10508,#10508,#10510,.T.);
#10508 = VERTEX_POINT('',#10509);
#10509 = CARTESIAN_POINT('',(149.444647,-144.810709,1.51));
#10510 = CIRCLE('',#10511,0.85);
#10511 = AXIS2_PLACEMENT_3D('',#10512,#10513,#10514);
#10512 = CARTESIAN_POINT('',(149.444647,-143.960709,1.51));
#10513 = DIRECTION('',(-0.,0.,-1.));
#10514 = DIRECTION('',(-0.,-1.,0.));
#10515 = FACE_BOUND('',#10516,.T.);
#10516 = EDGE_LOOP('',(#10517));
#10517 = ORIENTED_EDGE('',*,*,#10518,.T.);
#10518 = EDGE_CURVE('',#10519,#10519,#10521,.T.);
#10519 = VERTEX_POINT('',#10520);
#10520 = CARTESIAN_POINT('',(154.524647,-145.960709,1.51));
#10521 = CIRCLE('',#10522,2.);
#10522 = AXIS2_PLACEMENT_3D('',#10523,#10524,#10525);
#10523 = CARTESIAN_POINT('',(154.524647,-143.960709,1.51));
#10524 = DIRECTION('',(-0.,0.,-1.));
#10525 = DIRECTION('',(-0.,-1.,0.));
#10526 = FACE_BOUND('',#10527,.T.);
#10527 = EDGE_LOOP('',(#10528));
#10528 = ORIENTED_EDGE('',*,*,#10529,.T.);
#10529 = EDGE_CURVE('',#10530,#10530,#10532,.T.);
#10530 = VERTEX_POINT('',#10531);
#10531 = CARTESIAN_POINT('',(159.604647,-144.810709,1.51));
#10532 = CIRCLE('',#10533,0.85);
#10533 = AXIS2_PLACEMENT_3D('',#10534,#10535,#10536);
#10534 = CARTESIAN_POINT('',(159.604647,-143.960709,1.51));
#10535 = DIRECTION('',(-0.,0.,-1.));
#10536 = DIRECTION('',(-0.,-1.,0.));
#10537 = FACE_BOUND('',#10538,.T.);
#10538 = EDGE_LOOP('',(#10539));
#10539 = ORIENTED_EDGE('',*,*,#10540,.T.);
#10540 = EDGE_CURVE('',#10541,#10541,#10543,.T.);
#10541 = VERTEX_POINT('',#10542);
#10542 = CARTESIAN_POINT('',(169.054666,-144.872624,1.51));
#10543 = CIRCLE('',#10544,0.85);
#10544 = AXIS2_PLACEMENT_3D('',#10545,#10546,#10547);
#10545 = CARTESIAN_POINT('',(169.054666,-144.022624,1.51));
#10546 = DIRECTION('',(-0.,0.,-1.));
#10547 = DIRECTION('',(-0.,-1.,0.));
#10548 = FACE_BOUND('',#10549,.T.);
#10549 = EDGE_LOOP('',(#10550));
#10550 = ORIENTED_EDGE('',*,*,#10551,.T.);
#10551 = EDGE_CURVE('',#10552,#10552,#10554,.T.);
#10552 = VERTEX_POINT('',#10553);
#10553 = CARTESIAN_POINT('',(174.134666,-146.022624,1.51));
#10554 = CIRCLE('',#10555,2.);
#10555 = AXIS2_PLACEMENT_3D('',#10556,#10557,#10558);
#10556 = CARTESIAN_POINT('',(174.134666,-144.022624,1.51));
#10557 = DIRECTION('',(-0.,0.,-1.));
#10558 = DIRECTION('',(-0.,-1.,0.));
#10559 = FACE_BOUND('',#10560,.T.);
#10560 = EDGE_LOOP('',(#10561));
#10561 = ORIENTED_EDGE('',*,*,#10562,.T.);
#10562 = EDGE_CURVE('',#10563,#10563,#10565,.T.);
#10563 = VERTEX_POINT('',#10564);
#10564 = CARTESIAN_POINT('',(179.214666,-144.872624,1.51));
#10565 = CIRCLE('',#10566,0.85);
#10566 = AXIS2_PLACEMENT_3D('',#10567,#10568,#10569);
#10567 = CARTESIAN_POINT('',(179.214666,-144.022624,1.51));
#10568 = DIRECTION('',(-0.,0.,-1.));
#10569 = DIRECTION('',(-0.,-1.,0.));
#10570 = FACE_BOUND('',#10571,.T.);
#10571 = EDGE_LOOP('',(#10572));
#10572 = ORIENTED_EDGE('',*,*,#10573,.T.);
#10573 = EDGE_CURVE('',#10574,#10574,#10576,.T.);
#10574 = VERTEX_POINT('',#10575);
#10575 = CARTESIAN_POINT('',(131.153991,-142.446108,1.51));
#10576 = CIRCLE('',#10577,0.75);
#10577 = AXIS2_PLACEMENT_3D('',#10578,#10579,#10580);
#10578 = CARTESIAN_POINT('',(131.153991,-141.696108,1.51));
#10579 = DIRECTION('',(-0.,0.,-1.));
#10580 = DIRECTION('',(-0.,-1.,0.));
#10581 = FACE_BOUND('',#10582,.T.);
#10582 = EDGE_LOOP('',(#10583));
#10583 = ORIENTED_EDGE('',*,*,#10584,.T.);
#10584 = EDGE_CURVE('',#10585,#10585,#10587,.T.);
#10585 = VERTEX_POINT('',#10586);
#10586 = CARTESIAN_POINT('',(137.503991,-139.906108,1.51));
#10587 = CIRCLE('',#10588,0.75);
#10588 = AXIS2_PLACEMENT_3D('',#10589,#10590,#10591);
#10589 = CARTESIAN_POINT('',(137.503991,-139.156108,1.51));
#10590 = DIRECTION('',(-0.,0.,-1.));
#10591 = DIRECTION('',(-0.,-1.,0.));
#10592 = FACE_BOUND('',#10593,.T.);
#10593 = EDGE_LOOP('',(#10594));
#10594 = ORIENTED_EDGE('',*,*,#10595,.T.);
#10595 = EDGE_CURVE('',#10596,#10596,#10598,.T.);
#10596 = VERTEX_POINT('',#10597);
#10597 = CARTESIAN_POINT('',(150.714647,-142.170709,1.51));
#10598 = CIRCLE('',#10599,0.75);
#10599 = AXIS2_PLACEMENT_3D('',#10600,#10601,#10602);
#10600 = CARTESIAN_POINT('',(150.714647,-141.420709,1.51));
#10601 = DIRECTION('',(-0.,0.,-1.));
#10602 = DIRECTION('',(-0.,-1.,0.));
#10603 = FACE_BOUND('',#10604,.T.);
#10604 = EDGE_LOOP('',(#10605));
#10605 = ORIENTED_EDGE('',*,*,#10606,.T.);
#10606 = EDGE_CURVE('',#10607,#10607,#10609,.T.);
#10607 = VERTEX_POINT('',#10608);
#10608 = CARTESIAN_POINT('',(157.064647,-139.630709,1.51));
#10609 = CIRCLE('',#10610,0.75);
#10610 = AXIS2_PLACEMENT_3D('',#10611,#10612,#10613);
#10611 = CARTESIAN_POINT('',(157.064647,-138.880709,1.51));
#10612 = DIRECTION('',(-0.,0.,-1.));
#10613 = DIRECTION('',(-0.,-1.,0.));
#10614 = FACE_BOUND('',#10615,.T.);
#10615 = EDGE_LOOP('',(#10616));
#10616 = ORIENTED_EDGE('',*,*,#10617,.T.);
#10617 = EDGE_CURVE('',#10618,#10618,#10620,.T.);
#10618 = VERTEX_POINT('',#10619);
#10619 = CARTESIAN_POINT('',(170.324666,-142.232624,1.51));
#10620 = CIRCLE('',#10621,0.75);
#10621 = AXIS2_PLACEMENT_3D('',#10622,#10623,#10624);
#10622 = CARTESIAN_POINT('',(170.324666,-141.482624,1.51));
#10623 = DIRECTION('',(-0.,0.,-1.));
#10624 = DIRECTION('',(-0.,-1.,0.));
#10625 = FACE_BOUND('',#10626,.T.);
#10626 = EDGE_LOOP('',(#10627));
#10627 = ORIENTED_EDGE('',*,*,#10628,.T.);
#10628 = EDGE_CURVE('',#10629,#10629,#10631,.T.);
#10629 = VERTEX_POINT('',#10630);
#10630 = CARTESIAN_POINT('',(176.674666,-139.692624,1.51));
#10631 = CIRCLE('',#10632,0.75);
#10632 = AXIS2_PLACEMENT_3D('',#10633,#10634,#10635);
#10633 = CARTESIAN_POINT('',(176.674666,-138.942624,1.51));
#10634 = DIRECTION('',(-0.,0.,-1.));
#10635 = DIRECTION('',(-0.,-1.,0.));
#10636 = FACE_BOUND('',#10637,.T.);
#10637 = EDGE_LOOP('',(#10638));
#10638 = ORIENTED_EDGE('',*,*,#10639,.T.);
#10639 = EDGE_CURVE('',#10640,#10640,#10642,.T.);
#10640 = VERTEX_POINT('',#10641);
#10641 = CARTESIAN_POINT('',(188.509391,-144.963338,1.51));
#10642 = CIRCLE('',#10643,0.85);
#10643 = AXIS2_PLACEMENT_3D('',#10644,#10645,#10646);
#10644 = CARTESIAN_POINT('',(188.509391,-144.113338,1.51));
#10645 = DIRECTION('',(-0.,0.,-1.));
#10646 = DIRECTION('',(-0.,-1.,0.));
#10647 = FACE_BOUND('',#10648,.T.);
#10648 = EDGE_LOOP('',(#10649));
#10649 = ORIENTED_EDGE('',*,*,#10650,.T.);
#10650 = EDGE_CURVE('',#10651,#10651,#10653,.T.);
#10651 = VERTEX_POINT('',#10652);
#10652 = CARTESIAN_POINT('',(193.589391,-146.113338,1.51));
#10653 = CIRCLE('',#10654,2.);
#10654 = AXIS2_PLACEMENT_3D('',#10655,#10656,#10657);
#10655 = CARTESIAN_POINT('',(193.589391,-144.113338,1.51));
#10656 = DIRECTION('',(-0.,0.,-1.));
#10657 = DIRECTION('',(-0.,-1.,0.));
#10658 = FACE_BOUND('',#10659,.T.);
#10659 = EDGE_LOOP('',(#10660));
#10660 = ORIENTED_EDGE('',*,*,#10661,.T.);
#10661 = EDGE_CURVE('',#10662,#10662,#10664,.T.);
#10662 = VERTEX_POINT('',#10663);
#10663 = CARTESIAN_POINT('',(198.669391,-144.963338,1.51));
#10664 = CIRCLE('',#10665,0.85);
#10665 = AXIS2_PLACEMENT_3D('',#10666,#10667,#10668);
#10666 = CARTESIAN_POINT('',(198.669391,-144.113338,1.51));
#10667 = DIRECTION('',(-0.,0.,-1.));
#10668 = DIRECTION('',(-3.343730521224E-14,-1.,0.));
#10669 = FACE_BOUND('',#10670,.T.);
#10670 = EDGE_LOOP('',(#10671));
#10671 = ORIENTED_EDGE('',*,*,#10672,.T.);
#10672 = EDGE_CURVE('',#10673,#10673,#10675,.T.);
#10673 = VERTEX_POINT('',#10674);
#10674 = CARTESIAN_POINT('',(208.236259,-144.942404,1.51));
#10675 = CIRCLE('',#10676,0.85);
#10676 = AXIS2_PLACEMENT_3D('',#10677,#10678,#10679);
#10677 = CARTESIAN_POINT('',(208.236259,-144.092404,1.51));
#10678 = DIRECTION('',(-0.,0.,-1.));
#10679 = DIRECTION('',(-3.343730521224E-14,-1.,0.));
#10680 = FACE_BOUND('',#10681,.T.);
#10681 = EDGE_LOOP('',(#10682));
#10682 = ORIENTED_EDGE('',*,*,#10683,.T.);
#10683 = EDGE_CURVE('',#10684,#10684,#10686,.T.);
#10684 = VERTEX_POINT('',#10685);
#10685 = CARTESIAN_POINT('',(233.5,-156.05,1.51));
#10686 = CIRCLE('',#10687,1.05);
#10687 = AXIS2_PLACEMENT_3D('',#10688,#10689,#10690);
#10688 = CARTESIAN_POINT('',(233.5,-155.,1.51));
#10689 = DIRECTION('',(-0.,0.,-1.));
#10690 = DIRECTION('',(-0.,-1.,0.));
#10691 = FACE_BOUND('',#10692,.T.);
#10692 = EDGE_LOOP('',(#10693));
#10693 = ORIENTED_EDGE('',*,*,#10694,.T.);
#10694 = EDGE_CURVE('',#10695,#10695,#10697,.T.);
#10695 = VERTEX_POINT('',#10696);
#10696 = CARTESIAN_POINT('',(213.316259,-146.092404,1.51));
#10697 = CIRCLE('',#10698,2.);
#10698 = AXIS2_PLACEMENT_3D('',#10699,#10700,#10701);
#10699 = CARTESIAN_POINT('',(213.316259,-144.092404,1.51));
#10700 = DIRECTION('',(-0.,0.,-1.));
#10701 = DIRECTION('',(-0.,-1.,0.));
#10702 = FACE_BOUND('',#10703,.T.);
#10703 = EDGE_LOOP('',(#10704));
#10704 = ORIENTED_EDGE('',*,*,#10705,.T.);
#10705 = EDGE_CURVE('',#10706,#10706,#10708,.T.);
#10706 = VERTEX_POINT('',#10707);
#10707 = CARTESIAN_POINT('',(218.396259,-144.942404,1.51));
#10708 = CIRCLE('',#10709,0.85);
#10709 = AXIS2_PLACEMENT_3D('',#10710,#10711,#10712);
#10710 = CARTESIAN_POINT('',(218.396259,-144.092404,1.51));
#10711 = DIRECTION('',(-0.,0.,-1.));
#10712 = DIRECTION('',(-0.,-1.,0.));
#10713 = FACE_BOUND('',#10714,.T.);
#10714 = EDGE_LOOP('',(#10715));
#10715 = ORIENTED_EDGE('',*,*,#10716,.T.);
#10716 = EDGE_CURVE('',#10717,#10717,#10719,.T.);
#10717 = VERTEX_POINT('',#10718);
#10718 = CARTESIAN_POINT('',(189.779391,-142.323338,1.51));
#10719 = CIRCLE('',#10720,0.75);
#10720 = AXIS2_PLACEMENT_3D('',#10721,#10722,#10723);
#10721 = CARTESIAN_POINT('',(189.779391,-141.573338,1.51));
#10722 = DIRECTION('',(-0.,0.,-1.));
#10723 = DIRECTION('',(-0.,-1.,0.));
#10724 = FACE_BOUND('',#10725,.T.);
#10725 = EDGE_LOOP('',(#10726));
#10726 = ORIENTED_EDGE('',*,*,#10727,.T.);
#10727 = EDGE_CURVE('',#10728,#10728,#10730,.T.);
#10728 = VERTEX_POINT('',#10729);
#10729 = CARTESIAN_POINT('',(196.129391,-139.783338,1.51));
#10730 = CIRCLE('',#10731,0.75);
#10731 = AXIS2_PLACEMENT_3D('',#10732,#10733,#10734);
#10732 = CARTESIAN_POINT('',(196.129391,-139.033338,1.51));
#10733 = DIRECTION('',(-0.,0.,-1.));
#10734 = DIRECTION('',(-0.,-1.,0.));
#10735 = FACE_BOUND('',#10736,.T.);
#10736 = EDGE_LOOP('',(#10737));
#10737 = ORIENTED_EDGE('',*,*,#10738,.T.);
#10738 = EDGE_CURVE('',#10739,#10739,#10741,.T.);
#10739 = VERTEX_POINT('',#10740);
#10740 = CARTESIAN_POINT('',(209.506259,-142.302404,1.51));
#10741 = CIRCLE('',#10742,0.75);
#10742 = AXIS2_PLACEMENT_3D('',#10743,#10744,#10745);
#10743 = CARTESIAN_POINT('',(209.506259,-141.552404,1.51));
#10744 = DIRECTION('',(-0.,0.,-1.));
#10745 = DIRECTION('',(-0.,-1.,0.));
#10746 = FACE_BOUND('',#10747,.T.);
#10747 = EDGE_LOOP('',(#10748));
#10748 = ORIENTED_EDGE('',*,*,#10749,.T.);
#10749 = EDGE_CURVE('',#10750,#10750,#10752,.T.);
#10750 = VERTEX_POINT('',#10751);
#10751 = CARTESIAN_POINT('',(215.856259,-139.762404,1.51));
#10752 = CIRCLE('',#10753,0.75);
#10753 = AXIS2_PLACEMENT_3D('',#10754,#10755,#10756);
#10754 = CARTESIAN_POINT('',(215.856259,-139.012404,1.51));
#10755 = DIRECTION('',(-0.,0.,-1.));
#10756 = DIRECTION('',(-0.,-1.,0.));
#10757 = FACE_BOUND('',#10758,.T.);
#10758 = EDGE_LOOP('',(#10759));
#10759 = ORIENTED_EDGE('',*,*,#10760,.T.);
#10760 = EDGE_CURVE('',#10761,#10761,#10763,.T.);
#10761 = VERTEX_POINT('',#10762);
#10762 = CARTESIAN_POINT('',(132.10247,-124.385969,1.51));
#10763 = CIRCLE('',#10764,0.85);
#10764 = AXIS2_PLACEMENT_3D('',#10765,#10766,#10767);
#10765 = CARTESIAN_POINT('',(132.10247,-123.535969,1.51));
#10766 = DIRECTION('',(-0.,0.,-1.));
#10767 = DIRECTION('',(3.343730521224E-14,-1.,-0.));
#10768 = FACE_BOUND('',#10769,.T.);
#10769 = EDGE_LOOP('',(#10770));
#10770 = ORIENTED_EDGE('',*,*,#10771,.T.);
#10771 = EDGE_CURVE('',#10772,#10772,#10774,.T.);
#10772 = VERTEX_POINT('',#10773);
#10773 = CARTESIAN_POINT('',(141.427296,-124.40524,1.51));
#10774 = CIRCLE('',#10775,0.85);
#10775 = AXIS2_PLACEMENT_3D('',#10776,#10777,#10778);
#10776 = CARTESIAN_POINT('',(141.427296,-123.55524,1.51));
#10777 = DIRECTION('',(-0.,0.,-1.));
#10778 = DIRECTION('',(-0.,-1.,0.));
#10779 = FACE_BOUND('',#10780,.T.);
#10780 = EDGE_LOOP('',(#10781));
#10781 = ORIENTED_EDGE('',*,*,#10782,.T.);
#10782 = EDGE_CURVE('',#10783,#10783,#10785,.T.);
#10783 = VERTEX_POINT('',#10784);
#10784 = CARTESIAN_POINT('',(146.507296,-125.55524,1.51));
#10785 = CIRCLE('',#10786,2.);
#10786 = AXIS2_PLACEMENT_3D('',#10787,#10788,#10789);
#10787 = CARTESIAN_POINT('',(146.507296,-123.55524,1.51));
#10788 = DIRECTION('',(-0.,0.,-1.));
#10789 = DIRECTION('',(-0.,-1.,0.));
#10790 = FACE_BOUND('',#10791,.T.);
#10791 = EDGE_LOOP('',(#10792));
#10792 = ORIENTED_EDGE('',*,*,#10793,.T.);
#10793 = EDGE_CURVE('',#10794,#10794,#10796,.T.);
#10794 = VERTEX_POINT('',#10795);
#10795 = CARTESIAN_POINT('',(151.587296,-124.40524,1.51));
#10796 = CIRCLE('',#10797,0.85);
#10797 = AXIS2_PLACEMENT_3D('',#10798,#10799,#10800);
#10798 = CARTESIAN_POINT('',(151.587296,-123.55524,1.51));
#10799 = DIRECTION('',(-0.,0.,-1.));
#10800 = DIRECTION('',(3.343730521224E-14,-1.,-0.));
#10801 = FACE_BOUND('',#10802,.T.);
#10802 = EDGE_LOOP('',(#10803));
#10803 = ORIENTED_EDGE('',*,*,#10804,.T.);
#10804 = EDGE_CURVE('',#10805,#10805,#10807,.T.);
#10805 = VERTEX_POINT('',#10806);
#10806 = CARTESIAN_POINT('',(142.697296,-121.76524,1.51));
#10807 = CIRCLE('',#10808,0.75);
#10808 = AXIS2_PLACEMENT_3D('',#10809,#10810,#10811);
#10809 = CARTESIAN_POINT('',(142.697296,-121.01524,1.51));
#10810 = DIRECTION('',(-0.,0.,-1.));
#10811 = DIRECTION('',(-0.,-1.,0.));
#10812 = FACE_BOUND('',#10813,.T.);
#10813 = EDGE_LOOP('',(#10814));
#10814 = ORIENTED_EDGE('',*,*,#10815,.T.);
#10815 = EDGE_CURVE('',#10816,#10816,#10818,.T.);
#10816 = VERTEX_POINT('',#10817);
#10817 = CARTESIAN_POINT('',(149.047296,-119.22524,1.51));
#10818 = CIRCLE('',#10819,0.75);
#10819 = AXIS2_PLACEMENT_3D('',#10820,#10821,#10822);
#10820 = CARTESIAN_POINT('',(149.047296,-118.47524,1.51));
#10821 = DIRECTION('',(-0.,0.,-1.));
#10822 = DIRECTION('',(-0.,-1.,0.));
#10823 = FACE_BOUND('',#10824,.T.);
#10824 = EDGE_LOOP('',(#10825));
#10825 = ORIENTED_EDGE('',*,*,#10826,.T.);
#10826 = EDGE_CURVE('',#10827,#10827,#10829,.T.);
#10827 = VERTEX_POINT('',#10828);
#10828 = CARTESIAN_POINT('',(161.139557,-124.644232,1.51));
#10829 = CIRCLE('',#10830,0.85);
#10830 = AXIS2_PLACEMENT_3D('',#10831,#10832,#10833);
#10831 = CARTESIAN_POINT('',(161.139557,-123.794232,1.51));
#10832 = DIRECTION('',(-0.,0.,-1.));
#10833 = DIRECTION('',(-0.,-1.,0.));
#10834 = FACE_BOUND('',#10835,.T.);
#10835 = EDGE_LOOP('',(#10836));
#10836 = ORIENTED_EDGE('',*,*,#10837,.T.);
#10837 = EDGE_CURVE('',#10838,#10838,#10840,.T.);
#10838 = VERTEX_POINT('',#10839);
#10839 = CARTESIAN_POINT('',(162.409557,-122.004232,1.51));
#10840 = CIRCLE('',#10841,0.75);
#10841 = AXIS2_PLACEMENT_3D('',#10842,#10843,#10844);
#10842 = CARTESIAN_POINT('',(162.409557,-121.254232,1.51));
#10843 = DIRECTION('',(-0.,0.,-1.));
#10844 = DIRECTION('',(-0.,-1.,0.));
#10845 = FACE_BOUND('',#10846,.T.);
#10846 = EDGE_LOOP('',(#10847));
#10847 = ORIENTED_EDGE('',*,*,#10848,.T.);
#10848 = EDGE_CURVE('',#10849,#10849,#10851,.T.);
#10849 = VERTEX_POINT('',#10850);
#10850 = CARTESIAN_POINT('',(166.219557,-125.794232,1.51));
#10851 = CIRCLE('',#10852,2.);
#10852 = AXIS2_PLACEMENT_3D('',#10853,#10854,#10855);
#10853 = CARTESIAN_POINT('',(166.219557,-123.794232,1.51));
#10854 = DIRECTION('',(-0.,0.,-1.));
#10855 = DIRECTION('',(-0.,-1.,0.));
#10856 = FACE_BOUND('',#10857,.T.);
#10857 = EDGE_LOOP('',(#10858));
#10858 = ORIENTED_EDGE('',*,*,#10859,.T.);
#10859 = EDGE_CURVE('',#10860,#10860,#10862,.T.);
#10860 = VERTEX_POINT('',#10861);
#10861 = CARTESIAN_POINT('',(171.299557,-124.644232,1.51));
#10862 = CIRCLE('',#10863,0.85);
#10863 = AXIS2_PLACEMENT_3D('',#10864,#10865,#10866);
#10864 = CARTESIAN_POINT('',(171.299557,-123.794232,1.51));
#10865 = DIRECTION('',(-0.,0.,-1.));
#10866 = DIRECTION('',(-0.,-1.,0.));
#10867 = FACE_BOUND('',#10868,.T.);
#10868 = EDGE_LOOP('',(#10869));
#10869 = ORIENTED_EDGE('',*,*,#10870,.T.);
#10870 = EDGE_CURVE('',#10871,#10871,#10873,.T.);
#10871 = VERTEX_POINT('',#10872);
#10872 = CARTESIAN_POINT('',(180.683026,-124.543789,1.51));
#10873 = CIRCLE('',#10874,0.85);
#10874 = AXIS2_PLACEMENT_3D('',#10875,#10876,#10877);
#10875 = CARTESIAN_POINT('',(180.683026,-123.693789,1.51));
#10876 = DIRECTION('',(-0.,0.,-1.));
#10877 = DIRECTION('',(3.343730521224E-14,-1.,-0.));
#10878 = FACE_BOUND('',#10879,.T.);
#10879 = EDGE_LOOP('',(#10880));
#10880 = ORIENTED_EDGE('',*,*,#10881,.T.);
#10881 = EDGE_CURVE('',#10882,#10882,#10884,.T.);
#10882 = VERTEX_POINT('',#10883);
#10883 = CARTESIAN_POINT('',(181.953026,-121.903789,1.51));
#10884 = CIRCLE('',#10885,0.75);
#10885 = AXIS2_PLACEMENT_3D('',#10886,#10887,#10888);
#10886 = CARTESIAN_POINT('',(181.953026,-121.153789,1.51));
#10887 = DIRECTION('',(-0.,0.,-1.));
#10888 = DIRECTION('',(-0.,-1.,0.));
#10889 = FACE_BOUND('',#10890,.T.);
#10890 = EDGE_LOOP('',(#10891));
#10891 = ORIENTED_EDGE('',*,*,#10892,.T.);
#10892 = EDGE_CURVE('',#10893,#10893,#10895,.T.);
#10893 = VERTEX_POINT('',#10894);
#10894 = CARTESIAN_POINT('',(168.759557,-119.464232,1.51));
#10895 = CIRCLE('',#10896,0.75);
#10896 = AXIS2_PLACEMENT_3D('',#10897,#10898,#10899);
#10897 = CARTESIAN_POINT('',(168.759557,-118.714232,1.51));
#10898 = DIRECTION('',(-0.,0.,-1.));
#10899 = DIRECTION('',(-0.,-1.,0.));
#10900 = FACE_BOUND('',#10901,.T.);
#10901 = EDGE_LOOP('',(#10902));
#10902 = ORIENTED_EDGE('',*,*,#10903,.T.);
#10903 = EDGE_CURVE('',#10904,#10904,#10906,.T.);
#10904 = VERTEX_POINT('',#10905);
#10905 = CARTESIAN_POINT('',(130.34,-102.85,1.51));
#10906 = CIRCLE('',#10907,0.85);
#10907 = AXIS2_PLACEMENT_3D('',#10908,#10909,#10910);
#10908 = CARTESIAN_POINT('',(130.34,-102.,1.51));
#10909 = DIRECTION('',(-0.,0.,-1.));
#10910 = DIRECTION('',(-0.,-1.,0.));
#10911 = FACE_BOUND('',#10912,.T.);
#10912 = EDGE_LOOP('',(#10913));
#10913 = ORIENTED_EDGE('',*,*,#10914,.T.);
#10914 = EDGE_CURVE('',#10915,#10915,#10917,.T.);
#10915 = VERTEX_POINT('',#10916);
#10916 = CARTESIAN_POINT('',(135.42,-104.,1.51));
#10917 = CIRCLE('',#10918,2.);
#10918 = AXIS2_PLACEMENT_3D('',#10919,#10920,#10921);
#10919 = CARTESIAN_POINT('',(135.42,-102.,1.51));
#10920 = DIRECTION('',(-0.,0.,-1.));
#10921 = DIRECTION('',(-0.,-1.,0.));
#10922 = FACE_BOUND('',#10923,.T.);
#10923 = EDGE_LOOP('',(#10924));
#10924 = ORIENTED_EDGE('',*,*,#10925,.T.);
#10925 = EDGE_CURVE('',#10926,#10926,#10928,.T.);
#10926 = VERTEX_POINT('',#10927);
#10927 = CARTESIAN_POINT('',(140.5,-102.85,1.51));
#10928 = CIRCLE('',#10929,0.85);
#10929 = AXIS2_PLACEMENT_3D('',#10930,#10931,#10932);
#10930 = CARTESIAN_POINT('',(140.5,-102.,1.51));
#10931 = DIRECTION('',(-0.,0.,-1.));
#10932 = DIRECTION('',(-0.,-1.,0.));
#10933 = FACE_BOUND('',#10934,.T.);
#10934 = EDGE_LOOP('',(#10935));
#10935 = ORIENTED_EDGE('',*,*,#10936,.T.);
#10936 = EDGE_CURVE('',#10937,#10937,#10939,.T.);
#10937 = VERTEX_POINT('',#10938);
#10938 = CARTESIAN_POINT('',(150.484647,-102.907185,1.51));
#10939 = CIRCLE('',#10940,0.85);
#10940 = AXIS2_PLACEMENT_3D('',#10941,#10942,#10943);
#10941 = CARTESIAN_POINT('',(150.484647,-102.057185,1.51));
#10942 = DIRECTION('',(-0.,0.,-1.));
#10943 = DIRECTION('',(-0.,-1.,0.));
#10944 = FACE_BOUND('',#10945,.T.);
#10945 = EDGE_LOOP('',(#10946));
#10946 = ORIENTED_EDGE('',*,*,#10947,.T.);
#10947 = EDGE_CURVE('',#10948,#10948,#10950,.T.);
#10948 = VERTEX_POINT('',#10949);
#10949 = CARTESIAN_POINT('',(155.564647,-104.057185,1.51));
#10950 = CIRCLE('',#10951,2.);
#10951 = AXIS2_PLACEMENT_3D('',#10952,#10953,#10954);
#10952 = CARTESIAN_POINT('',(155.564647,-102.057185,1.51));
#10953 = DIRECTION('',(-0.,0.,-1.));
#10954 = DIRECTION('',(-0.,-1.,0.));
#10955 = FACE_BOUND('',#10956,.T.);
#10956 = EDGE_LOOP('',(#10957));
#10957 = ORIENTED_EDGE('',*,*,#10958,.T.);
#10958 = EDGE_CURVE('',#10959,#10959,#10961,.T.);
#10959 = VERTEX_POINT('',#10960);
#10960 = CARTESIAN_POINT('',(160.644647,-102.907185,1.51));
#10961 = CIRCLE('',#10962,0.85);
#10962 = AXIS2_PLACEMENT_3D('',#10963,#10964,#10965);
#10963 = CARTESIAN_POINT('',(160.644647,-102.057185,1.51));
#10964 = DIRECTION('',(-0.,0.,-1.));
#10965 = DIRECTION('',(-0.,-1.,0.));
#10966 = FACE_BOUND('',#10967,.T.);
#10967 = EDGE_LOOP('',(#10968));
#10968 = ORIENTED_EDGE('',*,*,#10969,.T.);
#10969 = EDGE_CURVE('',#10970,#10970,#10972,.T.);
#10970 = VERTEX_POINT('',#10971);
#10971 = CARTESIAN_POINT('',(169.985776,-102.777458,1.51));
#10972 = CIRCLE('',#10973,0.85);
#10973 = AXIS2_PLACEMENT_3D('',#10974,#10975,#10976);
#10974 = CARTESIAN_POINT('',(169.985776,-101.927458,1.51));
#10975 = DIRECTION('',(-0.,0.,-1.));
#10976 = DIRECTION('',(-0.,-1.,0.));
#10977 = FACE_BOUND('',#10978,.T.);
#10978 = EDGE_LOOP('',(#10979));
#10979 = ORIENTED_EDGE('',*,*,#10980,.T.);
#10980 = EDGE_CURVE('',#10981,#10981,#10983,.T.);
#10981 = VERTEX_POINT('',#10982);
#10982 = CARTESIAN_POINT('',(175.065776,-103.927458,1.51));
#10983 = CIRCLE('',#10984,2.);
#10984 = AXIS2_PLACEMENT_3D('',#10985,#10986,#10987);
#10985 = CARTESIAN_POINT('',(175.065776,-101.927458,1.51));
#10986 = DIRECTION('',(-0.,0.,-1.));
#10987 = DIRECTION('',(-0.,-1.,0.));
#10988 = FACE_BOUND('',#10989,.T.);
#10989 = EDGE_LOOP('',(#10990));
#10990 = ORIENTED_EDGE('',*,*,#10991,.T.);
#10991 = EDGE_CURVE('',#10992,#10992,#10994,.T.);
#10992 = VERTEX_POINT('',#10993);
#10993 = CARTESIAN_POINT('',(180.145776,-102.777458,1.51));
#10994 = CIRCLE('',#10995,0.85);
#10995 = AXIS2_PLACEMENT_3D('',#10996,#10997,#10998);
#10996 = CARTESIAN_POINT('',(180.145776,-101.927458,1.51));
#10997 = DIRECTION('',(-0.,0.,-1.));
#10998 = DIRECTION('',(-0.,-1.,0.));
#10999 = FACE_BOUND('',#11000,.T.);
#11000 = EDGE_LOOP('',(#11001));
#11001 = ORIENTED_EDGE('',*,*,#11002,.T.);
#11002 = EDGE_CURVE('',#11003,#11003,#11005,.T.);
#11003 = VERTEX_POINT('',#11004);
#11004 = CARTESIAN_POINT('',(185.763026,-125.693789,1.51));
#11005 = CIRCLE('',#11006,2.);
#11006 = AXIS2_PLACEMENT_3D('',#11007,#11008,#11009);
#11007 = CARTESIAN_POINT('',(185.763026,-123.693789,1.51));
#11008 = DIRECTION('',(-0.,0.,-1.));
#11009 = DIRECTION('',(-0.,-1.,0.));
#11010 = FACE_BOUND('',#11011,.T.);
#11011 = EDGE_LOOP('',(#11012));
#11012 = ORIENTED_EDGE('',*,*,#11013,.T.);
#11013 = EDGE_CURVE('',#11014,#11014,#11016,.T.);
#11014 = VERTEX_POINT('',#11015);
#11015 = CARTESIAN_POINT('',(190.843026,-124.543789,1.51));
#11016 = CIRCLE('',#11017,0.85);
#11017 = AXIS2_PLACEMENT_3D('',#11018,#11019,#11020);
#11018 = CARTESIAN_POINT('',(190.843026,-123.693789,1.51));
#11019 = DIRECTION('',(-0.,0.,-1.));
#11020 = DIRECTION('',(-0.,-1.,0.));
#11021 = FACE_BOUND('',#11022,.T.);
#11022 = EDGE_LOOP('',(#11023));
#11023 = ORIENTED_EDGE('',*,*,#11024,.T.);
#11024 = EDGE_CURVE('',#11025,#11025,#11027,.T.);
#11025 = VERTEX_POINT('',#11026);
#11026 = CARTESIAN_POINT('',(200.398313,-124.384792,1.51));
#11027 = CIRCLE('',#11028,0.85);
#11028 = AXIS2_PLACEMENT_3D('',#11029,#11030,#11031);
#11029 = CARTESIAN_POINT('',(200.398313,-123.534792,1.51));
#11030 = DIRECTION('',(-0.,0.,-1.));
#11031 = DIRECTION('',(-0.,-1.,0.));
#11032 = FACE_BOUND('',#11033,.T.);
#11033 = EDGE_LOOP('',(#11034));
#11034 = ORIENTED_EDGE('',*,*,#11035,.T.);
#11035 = EDGE_CURVE('',#11036,#11036,#11038,.T.);
#11036 = VERTEX_POINT('',#11037);
#11037 = CARTESIAN_POINT('',(205.478313,-125.534792,1.51));
#11038 = CIRCLE('',#11039,2.);
#11039 = AXIS2_PLACEMENT_3D('',#11040,#11041,#11042);
#11040 = CARTESIAN_POINT('',(205.478313,-123.534792,1.51));
#11041 = DIRECTION('',(-0.,0.,-1.));
#11042 = DIRECTION('',(-0.,-1.,0.));
#11043 = FACE_BOUND('',#11044,.T.);
#11044 = EDGE_LOOP('',(#11045));
#11045 = ORIENTED_EDGE('',*,*,#11046,.T.);
#11046 = EDGE_CURVE('',#11047,#11047,#11049,.T.);
#11047 = VERTEX_POINT('',#11048);
#11048 = CARTESIAN_POINT('',(188.303026,-119.363789,1.51));
#11049 = CIRCLE('',#11050,0.75);
#11050 = AXIS2_PLACEMENT_3D('',#11051,#11052,#11053);
#11051 = CARTESIAN_POINT('',(188.303026,-118.613789,1.51));
#11052 = DIRECTION('',(-0.,0.,-1.));
#11053 = DIRECTION('',(-0.,-1.,0.));
#11054 = FACE_BOUND('',#11055,.T.);
#11055 = EDGE_LOOP('',(#11056));
#11056 = ORIENTED_EDGE('',*,*,#11057,.T.);
#11057 = EDGE_CURVE('',#11058,#11058,#11060,.T.);
#11058 = VERTEX_POINT('',#11059);
#11059 = CARTESIAN_POINT('',(201.668313,-121.744792,1.51));
#11060 = CIRCLE('',#11061,0.75);
#11061 = AXIS2_PLACEMENT_3D('',#11062,#11063,#11064);
#11062 = CARTESIAN_POINT('',(201.668313,-120.994792,1.51));
#11063 = DIRECTION('',(-0.,0.,-1.));
#11064 = DIRECTION('',(-0.,-1.,0.));
#11065 = FACE_BOUND('',#11066,.T.);
#11066 = EDGE_LOOP('',(#11067));
#11067 = ORIENTED_EDGE('',*,*,#11068,.T.);
#11068 = EDGE_CURVE('',#11069,#11069,#11071,.T.);
#11069 = VERTEX_POINT('',#11070);
#11070 = CARTESIAN_POINT('',(208.018313,-119.204792,1.51));
#11071 = CIRCLE('',#11072,0.75);
#11072 = AXIS2_PLACEMENT_3D('',#11073,#11074,#11075);
#11073 = CARTESIAN_POINT('',(208.018313,-118.454792,1.51));
#11074 = DIRECTION('',(-0.,0.,-1.));
#11075 = DIRECTION('',(-0.,-1.,0.));
#11076 = FACE_BOUND('',#11077,.T.);
#11077 = EDGE_LOOP('',(#11078));
#11078 = ORIENTED_EDGE('',*,*,#11079,.T.);
#11079 = EDGE_CURVE('',#11080,#11080,#11082,.T.);
#11080 = VERTEX_POINT('',#11081);
#11081 = CARTESIAN_POINT('',(210.558313,-124.384792,1.51));
#11082 = CIRCLE('',#11083,0.85);
#11083 = AXIS2_PLACEMENT_3D('',#11084,#11085,#11086);
#11084 = CARTESIAN_POINT('',(210.558313,-123.534792,1.51));
#11085 = DIRECTION('',(-0.,0.,-1.));
#11086 = DIRECTION('',(-0.,-1.,0.));
#11087 = FACE_BOUND('',#11088,.T.);
#11088 = EDGE_LOOP('',(#11089));
#11089 = ORIENTED_EDGE('',*,*,#11090,.T.);
#11090 = EDGE_CURVE('',#11091,#11091,#11093,.T.);
#11091 = VERTEX_POINT('',#11092);
#11092 = CARTESIAN_POINT('',(219.842986,-124.225764,1.51));
#11093 = CIRCLE('',#11094,0.85);
#11094 = AXIS2_PLACEMENT_3D('',#11095,#11096,#11097);
#11095 = CARTESIAN_POINT('',(219.842986,-123.375764,1.51));
#11096 = DIRECTION('',(-0.,0.,-1.));
#11097 = DIRECTION('',(-0.,-1.,0.));
#11098 = FACE_BOUND('',#11099,.T.);
#11099 = EDGE_LOOP('',(#11100));
#11100 = ORIENTED_EDGE('',*,*,#11101,.T.);
#11101 = EDGE_CURVE('',#11102,#11102,#11104,.T.);
#11102 = VERTEX_POINT('',#11103);
#11103 = CARTESIAN_POINT('',(224.922986,-125.375764,1.51));
#11104 = CIRCLE('',#11105,2.);
#11105 = AXIS2_PLACEMENT_3D('',#11106,#11107,#11108);
#11106 = CARTESIAN_POINT('',(224.922986,-123.375764,1.51));
#11107 = DIRECTION('',(-0.,0.,-1.));
#11108 = DIRECTION('',(-0.,-1.,0.));
#11109 = FACE_BOUND('',#11110,.T.);
#11110 = EDGE_LOOP('',(#11111));
#11111 = ORIENTED_EDGE('',*,*,#11112,.T.);
#11112 = EDGE_CURVE('',#11113,#11113,#11115,.T.);
#11113 = VERTEX_POINT('',#11114);
#11114 = CARTESIAN_POINT('',(230.002986,-124.225764,1.51));
#11115 = CIRCLE('',#11116,0.85);
#11116 = AXIS2_PLACEMENT_3D('',#11117,#11118,#11119);
#11117 = CARTESIAN_POINT('',(230.002986,-123.375764,1.51));
#11118 = DIRECTION('',(-0.,0.,-1.));
#11119 = DIRECTION('',(-0.,-1.,0.));
#11120 = FACE_BOUND('',#11121,.T.);
#11121 = EDGE_LOOP('',(#11122));
#11122 = ORIENTED_EDGE('',*,*,#11123,.T.);
#11123 = EDGE_CURVE('',#11124,#11124,#11126,.T.);
#11124 = VERTEX_POINT('',#11125);
#11125 = CARTESIAN_POINT('',(221.112986,-121.585764,1.51));
#11126 = CIRCLE('',#11127,0.75);
#11127 = AXIS2_PLACEMENT_3D('',#11128,#11129,#11130);
#11128 = CARTESIAN_POINT('',(221.112986,-120.835764,1.51));
#11129 = DIRECTION('',(-0.,0.,-1.));
#11130 = DIRECTION('',(-0.,-1.,0.));
#11131 = FACE_BOUND('',#11132,.T.);
#11132 = EDGE_LOOP('',(#11133));
#11133 = ORIENTED_EDGE('',*,*,#11134,.T.);
#11134 = EDGE_CURVE('',#11135,#11135,#11137,.T.);
#11135 = VERTEX_POINT('',#11136);
#11136 = CARTESIAN_POINT('',(227.462986,-119.045764,1.51));
#11137 = CIRCLE('',#11138,0.75);
#11138 = AXIS2_PLACEMENT_3D('',#11139,#11140,#11141);
#11139 = CARTESIAN_POINT('',(227.462986,-118.295764,1.51));
#11140 = DIRECTION('',(-0.,0.,-1.));
#11141 = DIRECTION('',(-0.,-1.,0.));
#11142 = FACE_BOUND('',#11143,.T.);
#11143 = EDGE_LOOP('',(#11144));
#11144 = ORIENTED_EDGE('',*,*,#11145,.T.);
#11145 = EDGE_CURVE('',#11146,#11146,#11148,.T.);
#11146 = VERTEX_POINT('',#11147);
#11147 = CARTESIAN_POINT('',(189.405661,-102.870471,1.51));
#11148 = CIRCLE('',#11149,0.85);
#11149 = AXIS2_PLACEMENT_3D('',#11150,#11151,#11152);
#11150 = CARTESIAN_POINT('',(189.405661,-102.020471,1.51));
#11151 = DIRECTION('',(-0.,0.,-1.));
#11152 = DIRECTION('',(-0.,-1.,0.));
#11153 = FACE_BOUND('',#11154,.T.);
#11154 = EDGE_LOOP('',(#11155));
#11155 = ORIENTED_EDGE('',*,*,#11156,.T.);
#11156 = EDGE_CURVE('',#11157,#11157,#11159,.T.);
#11157 = VERTEX_POINT('',#11158);
#11158 = CARTESIAN_POINT('',(194.485661,-104.020471,1.51));
#11159 = CIRCLE('',#11160,2.);
#11160 = AXIS2_PLACEMENT_3D('',#11161,#11162,#11163);
#11161 = CARTESIAN_POINT('',(194.485661,-102.020471,1.51));
#11162 = DIRECTION('',(-0.,0.,-1.));
#11163 = DIRECTION('',(-0.,-1.,0.));
#11164 = FACE_BOUND('',#11165,.T.);
#11165 = EDGE_LOOP('',(#11166));
#11166 = ORIENTED_EDGE('',*,*,#11167,.T.);
#11167 = EDGE_CURVE('',#11168,#11168,#11170,.T.);
#11168 = VERTEX_POINT('',#11169);
#11169 = CARTESIAN_POINT('',(199.565661,-102.870471,1.51));
#11170 = CIRCLE('',#11171,0.85);
#11171 = AXIS2_PLACEMENT_3D('',#11172,#11173,#11174);
#11172 = CARTESIAN_POINT('',(199.565661,-102.020471,1.51));
#11173 = DIRECTION('',(-0.,0.,-1.));
#11174 = DIRECTION('',(-0.,-1.,0.));
#11175 = FACE_BOUND('',#11176,.T.);
#11176 = EDGE_LOOP('',(#11177));
#11177 = ORIENTED_EDGE('',*,*,#11178,.T.);
#11178 = EDGE_CURVE('',#11179,#11179,#11181,.T.);
#11179 = VERTEX_POINT('',#11180);
#11180 = CARTESIAN_POINT('',(209.18883,-102.775325,1.51));
#11181 = CIRCLE('',#11182,0.85);
#11182 = AXIS2_PLACEMENT_3D('',#11183,#11184,#11185);
#11183 = CARTESIAN_POINT('',(209.18883,-101.925325,1.51));
#11184 = DIRECTION('',(-0.,0.,-1.));
#11185 = DIRECTION('',(-0.,-1.,0.));
#11186 = FACE_BOUND('',#11187,.T.);
#11187 = EDGE_LOOP('',(#11188));
#11188 = ORIENTED_EDGE('',*,*,#11189,.T.);
#11189 = EDGE_CURVE('',#11190,#11190,#11192,.T.);
#11190 = VERTEX_POINT('',#11191);
#11191 = CARTESIAN_POINT('',(214.26883,-103.925325,1.51));
#11192 = CIRCLE('',#11193,2.);
#11193 = AXIS2_PLACEMENT_3D('',#11194,#11195,#11196);
#11194 = CARTESIAN_POINT('',(214.26883,-101.925325,1.51));
#11195 = DIRECTION('',(-0.,0.,-1.));
#11196 = DIRECTION('',(-0.,-1.,0.));
#11197 = FACE_BOUND('',#11198,.T.);
#11198 = EDGE_LOOP('',(#11199));
#11199 = ORIENTED_EDGE('',*,*,#11200,.T.);
#11200 = EDGE_CURVE('',#11201,#11201,#11203,.T.);
#11201 = VERTEX_POINT('',#11202);
#11202 = CARTESIAN_POINT('',(219.34883,-102.775325,1.51));
#11203 = CIRCLE('',#11204,0.85);
#11204 = AXIS2_PLACEMENT_3D('',#11205,#11206,#11207);
#11205 = CARTESIAN_POINT('',(219.34883,-101.925325,1.51));
#11206 = DIRECTION('',(-0.,0.,-1.));
#11207 = DIRECTION('',(-0.,-1.,0.));
#11208 = FACE_BOUND('',#11209,.T.);
#11209 = EDGE_LOOP('',(#11210));
#11210 = ORIENTED_EDGE('',*,*,#11211,.T.);
#11211 = EDGE_CURVE('',#11212,#11212,#11214,.T.);
#11212 = VERTEX_POINT('',#11213);
#11213 = CARTESIAN_POINT('',(33.713777,-100.267185,1.51));
#11214 = CIRCLE('',#11215,0.75);
#11215 = AXIS2_PLACEMENT_3D('',#11216,#11217,#11218);
#11216 = CARTESIAN_POINT('',(33.713777,-99.517185,1.51));
#11217 = DIRECTION('',(-0.,0.,-1.));
#11218 = DIRECTION('',(-0.,-1.,0.));
#11219 = FACE_BOUND('',#11220,.T.);
#11220 = EDGE_LOOP('',(#11221));
#11221 = ORIENTED_EDGE('',*,*,#11222,.T.);
#11222 = EDGE_CURVE('',#11223,#11223,#11225,.T.);
#11223 = VERTEX_POINT('',#11224);
#11224 = CARTESIAN_POINT('',(40.063777,-97.727185,1.51));
#11225 = CIRCLE('',#11226,0.75);
#11226 = AXIS2_PLACEMENT_3D('',#11227,#11228,#11229);
#11227 = CARTESIAN_POINT('',(40.063777,-96.977185,1.51));
#11228 = DIRECTION('',(-0.,0.,-1.));
#11229 = DIRECTION('',(-0.,-1.,0.));
#11230 = FACE_BOUND('',#11231,.T.);
#11231 = EDGE_LOOP('',(#11232));
#11232 = ORIENTED_EDGE('',*,*,#11233,.T.);
#11233 = EDGE_CURVE('',#11234,#11234,#11236,.T.);
#11234 = VERTEX_POINT('',#11235);
#11235 = CARTESIAN_POINT('',(53.211373,-100.378753,1.51));
#11236 = CIRCLE('',#11237,0.75);
#11237 = AXIS2_PLACEMENT_3D('',#11238,#11239,#11240);
#11238 = CARTESIAN_POINT('',(53.211373,-99.628753,1.51));
#11239 = DIRECTION('',(-0.,0.,-1.));
#11240 = DIRECTION('',(-0.,-1.,0.));
#11241 = FACE_BOUND('',#11242,.T.);
#11242 = EDGE_LOOP('',(#11243));
#11243 = ORIENTED_EDGE('',*,*,#11244,.T.);
#11244 = EDGE_CURVE('',#11245,#11245,#11247,.T.);
#11245 = VERTEX_POINT('',#11246);
#11246 = CARTESIAN_POINT('',(59.561373,-97.838753,1.51));
#11247 = CIRCLE('',#11248,0.75);
#11248 = AXIS2_PLACEMENT_3D('',#11249,#11250,#11251);
#11249 = CARTESIAN_POINT('',(59.561373,-97.088753,1.51));
#11250 = DIRECTION('',(-0.,0.,-1.));
#11251 = DIRECTION('',(-0.,-1.,0.));
#11252 = FACE_BOUND('',#11253,.T.);
#11253 = EDGE_LOOP('',(#11254));
#11254 = ORIENTED_EDGE('',*,*,#11255,.T.);
#11255 = EDGE_CURVE('',#11256,#11256,#11258,.T.);
#11256 = VERTEX_POINT('',#11257);
#11257 = CARTESIAN_POINT('',(72.991748,-100.267185,1.51));
#11258 = CIRCLE('',#11259,0.75);
#11259 = AXIS2_PLACEMENT_3D('',#11260,#11261,#11262);
#11260 = CARTESIAN_POINT('',(72.991748,-99.517185,1.51));
#11261 = DIRECTION('',(-0.,0.,-1.));
#11262 = DIRECTION('',(-0.,-1.,0.));
#11263 = FACE_BOUND('',#11264,.T.);
#11264 = EDGE_LOOP('',(#11265));
#11265 = ORIENTED_EDGE('',*,*,#11266,.T.);
#11266 = EDGE_CURVE('',#11267,#11267,#11269,.T.);
#11267 = VERTEX_POINT('',#11268);
#11268 = CARTESIAN_POINT('',(43.294647,-81.370471,1.51));
#11269 = CIRCLE('',#11270,0.85);
#11270 = AXIS2_PLACEMENT_3D('',#11271,#11272,#11273);
#11271 = CARTESIAN_POINT('',(43.294647,-80.520471,1.51));
#11272 = DIRECTION('',(-0.,0.,-1.));
#11273 = DIRECTION('',(-0.,-1.,0.));
#11274 = FACE_BOUND('',#11275,.T.);
#11275 = EDGE_LOOP('',(#11276));
#11276 = ORIENTED_EDGE('',*,*,#11277,.T.);
#11277 = EDGE_CURVE('',#11278,#11278,#11280,.T.);
#11278 = VERTEX_POINT('',#11279);
#11279 = CARTESIAN_POINT('',(48.374647,-82.520471,1.51));
#11280 = CIRCLE('',#11281,2.);
#11281 = AXIS2_PLACEMENT_3D('',#11282,#11283,#11284);
#11282 = CARTESIAN_POINT('',(48.374647,-80.520471,1.51));
#11283 = DIRECTION('',(-0.,0.,-1.));
#11284 = DIRECTION('',(-0.,-1.,0.));
#11285 = FACE_BOUND('',#11286,.T.);
#11286 = EDGE_LOOP('',(#11287));
#11287 = ORIENTED_EDGE('',*,*,#11288,.T.);
#11288 = EDGE_CURVE('',#11289,#11289,#11291,.T.);
#11289 = VERTEX_POINT('',#11290);
#11290 = CARTESIAN_POINT('',(44.564647,-78.730471,1.51));
#11291 = CIRCLE('',#11292,0.75);
#11292 = AXIS2_PLACEMENT_3D('',#11293,#11294,#11295);
#11293 = CARTESIAN_POINT('',(44.564647,-77.980471,1.51));
#11294 = DIRECTION('',(-0.,0.,-1.));
#11295 = DIRECTION('',(-0.,-1.,0.));
#11296 = FACE_BOUND('',#11297,.T.);
#11297 = EDGE_LOOP('',(#11298));
#11298 = ORIENTED_EDGE('',*,*,#11299,.T.);
#11299 = EDGE_CURVE('',#11300,#11300,#11302,.T.);
#11300 = VERTEX_POINT('',#11301);
#11301 = CARTESIAN_POINT('',(53.454647,-81.370471,1.51));
#11302 = CIRCLE('',#11303,0.85);
#11303 = AXIS2_PLACEMENT_3D('',#11304,#11305,#11306);
#11304 = CARTESIAN_POINT('',(53.454647,-80.520471,1.51));
#11305 = DIRECTION('',(-0.,0.,-1.));
#11306 = DIRECTION('',(-0.,-1.,0.));
#11307 = FACE_BOUND('',#11308,.T.);
#11308 = EDGE_LOOP('',(#11309));
#11309 = ORIENTED_EDGE('',*,*,#11310,.T.);
#11310 = EDGE_CURVE('',#11311,#11311,#11313,.T.);
#11311 = VERTEX_POINT('',#11312);
#11312 = CARTESIAN_POINT('',(62.980581,-81.473799,1.51));
#11313 = CIRCLE('',#11314,0.85);
#11314 = AXIS2_PLACEMENT_3D('',#11315,#11316,#11317);
#11315 = CARTESIAN_POINT('',(62.980581,-80.623799,1.51));
#11316 = DIRECTION('',(-0.,0.,-1.));
#11317 = DIRECTION('',(-0.,-1.,0.));
#11318 = FACE_BOUND('',#11319,.T.);
#11319 = EDGE_LOOP('',(#11320));
#11320 = ORIENTED_EDGE('',*,*,#11321,.T.);
#11321 = EDGE_CURVE('',#11322,#11322,#11324,.T.);
#11322 = VERTEX_POINT('',#11323);
#11323 = CARTESIAN_POINT('',(68.060581,-82.623799,1.51));
#11324 = CIRCLE('',#11325,2.);
#11325 = AXIS2_PLACEMENT_3D('',#11326,#11327,#11328);
#11326 = CARTESIAN_POINT('',(68.060581,-80.623799,1.51));
#11327 = DIRECTION('',(-0.,0.,-1.));
#11328 = DIRECTION('',(-0.,-1.,0.));
#11329 = FACE_BOUND('',#11330,.T.);
#11330 = EDGE_LOOP('',(#11331));
#11331 = ORIENTED_EDGE('',*,*,#11332,.T.);
#11332 = EDGE_CURVE('',#11333,#11333,#11335,.T.);
#11333 = VERTEX_POINT('',#11334);
#11334 = CARTESIAN_POINT('',(73.140581,-81.473799,1.51));
#11335 = CIRCLE('',#11336,0.85);
#11336 = AXIS2_PLACEMENT_3D('',#11337,#11338,#11339);
#11337 = CARTESIAN_POINT('',(73.140581,-80.623799,1.51));
#11338 = DIRECTION('',(-0.,0.,-1.));
#11339 = DIRECTION('',(-0.,-1.,0.));
#11340 = FACE_BOUND('',#11341,.T.);
#11341 = EDGE_LOOP('',(#11342));
#11342 = ORIENTED_EDGE('',*,*,#11343,.T.);
#11343 = EDGE_CURVE('',#11344,#11344,#11346,.T.);
#11344 = VERTEX_POINT('',#11345);
#11345 = CARTESIAN_POINT('',(50.914647,-76.190471,1.51));
#11346 = CIRCLE('',#11347,0.75);
#11347 = AXIS2_PLACEMENT_3D('',#11348,#11349,#11350);
#11348 = CARTESIAN_POINT('',(50.914647,-75.440471,1.51));
#11349 = DIRECTION('',(-0.,0.,-1.));
#11350 = DIRECTION('',(-0.,-1.,0.));
#11351 = FACE_BOUND('',#11352,.T.);
#11352 = EDGE_LOOP('',(#11353));
#11353 = ORIENTED_EDGE('',*,*,#11354,.T.);
#11354 = EDGE_CURVE('',#11355,#11355,#11357,.T.);
#11355 = VERTEX_POINT('',#11356);
#11356 = CARTESIAN_POINT('',(64.250581,-78.833799,1.51));
#11357 = CIRCLE('',#11358,0.75);
#11358 = AXIS2_PLACEMENT_3D('',#11359,#11360,#11361);
#11359 = CARTESIAN_POINT('',(64.250581,-78.083799,1.51));
#11360 = DIRECTION('',(-0.,0.,-1.));
#11361 = DIRECTION('',(-0.,-1.,0.));
#11362 = FACE_BOUND('',#11363,.T.);
#11363 = EDGE_LOOP('',(#11364));
#11364 = ORIENTED_EDGE('',*,*,#11365,.T.);
#11365 = EDGE_CURVE('',#11366,#11366,#11368,.T.);
#11366 = VERTEX_POINT('',#11367);
#11367 = CARTESIAN_POINT('',(70.600581,-76.293799,1.51));
#11368 = CIRCLE('',#11369,0.75);
#11369 = AXIS2_PLACEMENT_3D('',#11370,#11371,#11372);
#11370 = CARTESIAN_POINT('',(70.600581,-75.543799,1.51));
#11371 = DIRECTION('',(-0.,0.,-1.));
#11372 = DIRECTION('',(-0.,-1.,0.));
#11373 = FACE_BOUND('',#11374,.T.);
#11374 = EDGE_LOOP('',(#11375));
#11375 = ORIENTED_EDGE('',*,*,#11376,.T.);
#11376 = EDGE_CURVE('',#11377,#11377,#11379,.T.);
#11377 = VERTEX_POINT('',#11378);
#11378 = CARTESIAN_POINT('',(79.341748,-97.727185,1.51));
#11379 = CIRCLE('',#11380,0.75);
#11380 = AXIS2_PLACEMENT_3D('',#11381,#11382,#11383);
#11381 = CARTESIAN_POINT('',(79.341748,-96.977185,1.51));
#11382 = DIRECTION('',(-0.,0.,-1.));
#11383 = DIRECTION('',(-0.,-1.,0.));
#11384 = FACE_BOUND('',#11385,.T.);
#11385 = EDGE_LOOP('',(#11386));
#11386 = ORIENTED_EDGE('',*,*,#11387,.T.);
#11387 = EDGE_CURVE('',#11388,#11388,#11390,.T.);
#11388 = VERTEX_POINT('',#11389);
#11389 = CARTESIAN_POINT('',(92.380734,-100.267185,1.51));
#11390 = CIRCLE('',#11391,0.75);
#11391 = AXIS2_PLACEMENT_3D('',#11392,#11393,#11394);
#11392 = CARTESIAN_POINT('',(92.380734,-99.517185,1.51));
#11393 = DIRECTION('',(-0.,0.,-1.));
#11394 = DIRECTION('',(-0.,-1.,0.));
#11395 = FACE_BOUND('',#11396,.T.);
#11396 = EDGE_LOOP('',(#11397));
#11397 = ORIENTED_EDGE('',*,*,#11398,.T.);
#11398 = EDGE_CURVE('',#11399,#11399,#11401,.T.);
#11399 = VERTEX_POINT('',#11400);
#11400 = CARTESIAN_POINT('',(98.730734,-97.727185,1.51));
#11401 = CIRCLE('',#11402,0.75);
#11402 = AXIS2_PLACEMENT_3D('',#11403,#11404,#11405);
#11403 = CARTESIAN_POINT('',(98.730734,-96.977185,1.51));
#11404 = DIRECTION('',(-0.,0.,-1.));
#11405 = DIRECTION('',(-0.,-1.,0.));
#11406 = FACE_BOUND('',#11407,.T.);
#11407 = EDGE_LOOP('',(#11408));
#11408 = ORIENTED_EDGE('',*,*,#11409,.T.);
#11409 = EDGE_CURVE('',#11410,#11410,#11412,.T.);
#11410 = VERTEX_POINT('',#11411);
#11411 = CARTESIAN_POINT('',(112.174647,-100.267185,1.51));
#11412 = CIRCLE('',#11413,0.75);
#11413 = AXIS2_PLACEMENT_3D('',#11414,#11415,#11416);
#11414 = CARTESIAN_POINT('',(112.174647,-99.517185,1.51));
#11415 = DIRECTION('',(-0.,0.,-1.));
#11416 = DIRECTION('',(-0.,-1.,0.));
#11417 = FACE_BOUND('',#11418,.T.);
#11418 = EDGE_LOOP('',(#11419));
#11419 = ORIENTED_EDGE('',*,*,#11420,.T.);
#11420 = EDGE_CURVE('',#11421,#11421,#11423,.T.);
#11421 = VERTEX_POINT('',#11422);
#11422 = CARTESIAN_POINT('',(118.524647,-97.727185,1.51));
#11423 = CIRCLE('',#11424,0.75);
#11424 = AXIS2_PLACEMENT_3D('',#11425,#11426,#11427);
#11425 = CARTESIAN_POINT('',(118.524647,-96.977185,1.51));
#11426 = DIRECTION('',(-0.,0.,-1.));
#11427 = DIRECTION('',(-0.,-1.,0.));
#11428 = FACE_BOUND('',#11429,.T.);
#11429 = EDGE_LOOP('',(#11430));
#11430 = ORIENTED_EDGE('',*,*,#11431,.T.);
#11431 = EDGE_CURVE('',#11432,#11432,#11434,.T.);
#11432 = VERTEX_POINT('',#11433);
#11433 = CARTESIAN_POINT('',(82.648833,-81.473799,1.51));
#11434 = CIRCLE('',#11435,0.85);
#11435 = AXIS2_PLACEMENT_3D('',#11436,#11437,#11438);
#11436 = CARTESIAN_POINT('',(82.648833,-80.623799,1.51));
#11437 = DIRECTION('',(-0.,0.,-1.));
#11438 = DIRECTION('',(-0.,-1.,0.));
#11439 = FACE_BOUND('',#11440,.T.);
#11440 = EDGE_LOOP('',(#11441));
#11441 = ORIENTED_EDGE('',*,*,#11442,.T.);
#11442 = EDGE_CURVE('',#11443,#11443,#11445,.T.);
#11443 = VERTEX_POINT('',#11444);
#11444 = CARTESIAN_POINT('',(87.728833,-82.623799,1.51));
#11445 = CIRCLE('',#11446,2.);
#11446 = AXIS2_PLACEMENT_3D('',#11447,#11448,#11449);
#11447 = CARTESIAN_POINT('',(87.728833,-80.623799,1.51));
#11448 = DIRECTION('',(-0.,0.,-1.));
#11449 = DIRECTION('',(-0.,-1.,0.));
#11450 = FACE_BOUND('',#11451,.T.);
#11451 = EDGE_LOOP('',(#11452));
#11452 = ORIENTED_EDGE('',*,*,#11453,.T.);
#11453 = EDGE_CURVE('',#11454,#11454,#11456,.T.);
#11454 = VERTEX_POINT('',#11455);
#11455 = CARTESIAN_POINT('',(92.808833,-81.473799,1.51));
#11456 = CIRCLE('',#11457,0.85);
#11457 = AXIS2_PLACEMENT_3D('',#11458,#11459,#11460);
#11458 = CARTESIAN_POINT('',(92.808833,-80.623799,1.51));
#11459 = DIRECTION('',(-0.,0.,-1.));
#11460 = DIRECTION('',(1.671865260612E-14,-1.,-0.));
#11461 = FACE_BOUND('',#11462,.T.);
#11462 = EDGE_LOOP('',(#11463));
#11463 = ORIENTED_EDGE('',*,*,#11464,.T.);
#11464 = EDGE_CURVE('',#11465,#11465,#11467,.T.);
#11465 = VERTEX_POINT('',#11466);
#11466 = CARTESIAN_POINT('',(102.215912,-81.526412,1.51));
#11467 = CIRCLE('',#11468,0.85);
#11468 = AXIS2_PLACEMENT_3D('',#11469,#11470,#11471);
#11469 = CARTESIAN_POINT('',(102.215912,-80.676412,1.51));
#11470 = DIRECTION('',(-0.,0.,-1.));
#11471 = DIRECTION('',(-0.,-1.,0.));
#11472 = FACE_BOUND('',#11473,.T.);
#11473 = EDGE_LOOP('',(#11474));
#11474 = ORIENTED_EDGE('',*,*,#11475,.T.);
#11475 = EDGE_CURVE('',#11476,#11476,#11478,.T.);
#11476 = VERTEX_POINT('',#11477);
#11477 = CARTESIAN_POINT('',(83.918833,-78.833799,1.51));
#11478 = CIRCLE('',#11479,0.75);
#11479 = AXIS2_PLACEMENT_3D('',#11480,#11481,#11482);
#11480 = CARTESIAN_POINT('',(83.918833,-78.083799,1.51));
#11481 = DIRECTION('',(-0.,0.,-1.));
#11482 = DIRECTION('',(-0.,-1.,0.));
#11483 = FACE_BOUND('',#11484,.T.);
#11484 = EDGE_LOOP('',(#11485));
#11485 = ORIENTED_EDGE('',*,*,#11486,.T.);
#11486 = EDGE_CURVE('',#11487,#11487,#11489,.T.);
#11487 = VERTEX_POINT('',#11488);
#11488 = CARTESIAN_POINT('',(90.268833,-76.293799,1.51));
#11489 = CIRCLE('',#11490,0.75);
#11490 = AXIS2_PLACEMENT_3D('',#11491,#11492,#11493);
#11491 = CARTESIAN_POINT('',(90.268833,-75.543799,1.51));
#11492 = DIRECTION('',(-0.,0.,-1.));
#11493 = DIRECTION('',(-0.,-1.,0.));
#11494 = FACE_BOUND('',#11495,.T.);
#11495 = EDGE_LOOP('',(#11496));
#11496 = ORIENTED_EDGE('',*,*,#11497,.T.);
#11497 = EDGE_CURVE('',#11498,#11498,#11500,.T.);
#11498 = VERTEX_POINT('',#11499);
#11499 = CARTESIAN_POINT('',(103.485912,-78.886412,1.51));
#11500 = CIRCLE('',#11501,0.75);
#11501 = AXIS2_PLACEMENT_3D('',#11502,#11503,#11504);
#11502 = CARTESIAN_POINT('',(103.485912,-78.136412,1.51));
#11503 = DIRECTION('',(-0.,0.,-1.));
#11504 = DIRECTION('',(-0.,-1.,0.));
#11505 = FACE_BOUND('',#11506,.T.);
#11506 = EDGE_LOOP('',(#11507));
#11507 = ORIENTED_EDGE('',*,*,#11508,.T.);
#11508 = EDGE_CURVE('',#11509,#11509,#11511,.T.);
#11509 = VERTEX_POINT('',#11510);
#11510 = CARTESIAN_POINT('',(107.295912,-82.676412,1.51));
#11511 = CIRCLE('',#11512,2.);
#11512 = AXIS2_PLACEMENT_3D('',#11513,#11514,#11515);
#11513 = CARTESIAN_POINT('',(107.295912,-80.676412,1.51));
#11514 = DIRECTION('',(-0.,0.,-1.));
#11515 = DIRECTION('',(-0.,-1.,0.));
#11516 = FACE_BOUND('',#11517,.T.);
#11517 = EDGE_LOOP('',(#11518));
#11518 = ORIENTED_EDGE('',*,*,#11519,.T.);
#11519 = EDGE_CURVE('',#11520,#11520,#11522,.T.);
#11520 = VERTEX_POINT('',#11521);
#11521 = CARTESIAN_POINT('',(112.375912,-81.526412,1.51));
#11522 = CIRCLE('',#11523,0.85);
#11523 = AXIS2_PLACEMENT_3D('',#11524,#11525,#11526);
#11524 = CARTESIAN_POINT('',(112.375912,-80.676412,1.51));
#11525 = DIRECTION('',(-0.,0.,-1.));
#11526 = DIRECTION('',(-0.,-1.,0.));
#11527 = FACE_BOUND('',#11528,.T.);
#11528 = EDGE_LOOP('',(#11529));
#11529 = ORIENTED_EDGE('',*,*,#11530,.T.);
#11530 = EDGE_CURVE('',#11531,#11531,#11533,.T.);
#11531 = VERTEX_POINT('',#11532);
#11532 = CARTESIAN_POINT('',(121.914721,-81.560471,1.51));
#11533 = CIRCLE('',#11534,0.85);
#11534 = AXIS2_PLACEMENT_3D('',#11535,#11536,#11537);
#11535 = CARTESIAN_POINT('',(121.914721,-80.710471,1.51));
#11536 = DIRECTION('',(-0.,0.,-1.));
#11537 = DIRECTION('',(-0.,-1.,0.));
#11538 = FACE_BOUND('',#11539,.T.);
#11539 = EDGE_LOOP('',(#11540));
#11540 = ORIENTED_EDGE('',*,*,#11541,.T.);
#11541 = EDGE_CURVE('',#11542,#11542,#11544,.T.);
#11542 = VERTEX_POINT('',#11543);
#11543 = CARTESIAN_POINT('',(126.994721,-82.710471,1.51));
#11544 = CIRCLE('',#11545,2.);
#11545 = AXIS2_PLACEMENT_3D('',#11546,#11547,#11548);
#11546 = CARTESIAN_POINT('',(126.994721,-80.710471,1.51));
#11547 = DIRECTION('',(-0.,0.,-1.));
#11548 = DIRECTION('',(-0.,-1.,0.));
#11549 = FACE_BOUND('',#11550,.T.);
#11550 = EDGE_LOOP('',(#11551));
#11551 = ORIENTED_EDGE('',*,*,#11552,.T.);
#11552 = EDGE_CURVE('',#11553,#11553,#11555,.T.);
#11553 = VERTEX_POINT('',#11554);
#11554 = CARTESIAN_POINT('',(109.835912,-76.346412,1.51));
#11555 = CIRCLE('',#11556,0.75);
#11556 = AXIS2_PLACEMENT_3D('',#11557,#11558,#11559);
#11557 = CARTESIAN_POINT('',(109.835912,-75.596412,1.51));
#11558 = DIRECTION('',(-0.,0.,-1.));
#11559 = DIRECTION('',(-0.,-1.,0.));
#11560 = FACE_BOUND('',#11561,.T.);
#11561 = EDGE_LOOP('',(#11562));
#11562 = ORIENTED_EDGE('',*,*,#11563,.T.);
#11563 = EDGE_CURVE('',#11564,#11564,#11566,.T.);
#11564 = VERTEX_POINT('',#11565);
#11565 = CARTESIAN_POINT('',(123.184721,-78.920471,1.51));
#11566 = CIRCLE('',#11567,0.75);
#11567 = AXIS2_PLACEMENT_3D('',#11568,#11569,#11570);
#11568 = CARTESIAN_POINT('',(123.184721,-78.170471,1.51));
#11569 = DIRECTION('',(-0.,0.,-1.));
#11570 = DIRECTION('',(-0.,-1.,0.));
#11571 = FACE_BOUND('',#11572,.T.);
#11572 = EDGE_LOOP('',(#11573));
#11573 = ORIENTED_EDGE('',*,*,#11574,.T.);
#11574 = EDGE_CURVE('',#11575,#11575,#11577,.T.);
#11575 = VERTEX_POINT('',#11576);
#11576 = CARTESIAN_POINT('',(129.534721,-76.380471,1.51));
#11577 = CIRCLE('',#11578,0.75);
#11578 = AXIS2_PLACEMENT_3D('',#11579,#11580,#11581);
#11579 = CARTESIAN_POINT('',(129.534721,-75.630471,1.51));
#11580 = DIRECTION('',(-0.,0.,-1.));
#11581 = DIRECTION('',(-0.,-1.,0.));
#11582 = FACE_BOUND('',#11583,.T.);
#11583 = EDGE_LOOP('',(#11584));
#11584 = ORIENTED_EDGE('',*,*,#11585,.T.);
#11585 = EDGE_CURVE('',#11586,#11586,#11588,.T.);
#11586 = VERTEX_POINT('',#11587);
#11587 = CARTESIAN_POINT('',(32.294647,-58.992386,1.51));
#11588 = CIRCLE('',#11589,0.85);
#11589 = AXIS2_PLACEMENT_3D('',#11590,#11591,#11592);
#11590 = CARTESIAN_POINT('',(32.294647,-58.142386,1.51));
#11591 = DIRECTION('',(-0.,0.,-1.));
#11592 = DIRECTION('',(-0.,-1.,0.));
#11593 = FACE_BOUND('',#11594,.T.);
#11594 = EDGE_LOOP('',(#11595));
#11595 = ORIENTED_EDGE('',*,*,#11596,.T.);
#11596 = EDGE_CURVE('',#11597,#11597,#11599,.T.);
#11597 = VERTEX_POINT('',#11598);
#11598 = CARTESIAN_POINT('',(37.374647,-60.142386,1.51));
#11599 = CIRCLE('',#11600,2.);
#11600 = AXIS2_PLACEMENT_3D('',#11601,#11602,#11603);
#11601 = CARTESIAN_POINT('',(37.374647,-58.142386,1.51));
#11602 = DIRECTION('',(-0.,0.,-1.));
#11603 = DIRECTION('',(-0.,-1.,0.));
#11604 = FACE_BOUND('',#11605,.T.);
#11605 = EDGE_LOOP('',(#11606));
#11606 = ORIENTED_EDGE('',*,*,#11607,.T.);
#11607 = EDGE_CURVE('',#11608,#11608,#11610,.T.);
#11608 = VERTEX_POINT('',#11609);
#11609 = CARTESIAN_POINT('',(42.454647,-58.992386,1.51));
#11610 = CIRCLE('',#11611,0.85);
#11611 = AXIS2_PLACEMENT_3D('',#11612,#11613,#11614);
#11612 = CARTESIAN_POINT('',(42.454647,-58.142386,1.51));
#11613 = DIRECTION('',(-0.,0.,-1.));
#11614 = DIRECTION('',(-0.,-1.,0.));
#11615 = FACE_BOUND('',#11616,.T.);
#11616 = EDGE_LOOP('',(#11617));
#11617 = ORIENTED_EDGE('',*,*,#11618,.T.);
#11618 = EDGE_CURVE('',#11619,#11619,#11621,.T.);
#11619 = VERTEX_POINT('',#11620);
#11620 = CARTESIAN_POINT('',(51.938397,-58.992386,1.51));
#11621 = CIRCLE('',#11622,0.85);
#11622 = AXIS2_PLACEMENT_3D('',#11623,#11624,#11625);
#11623 = CARTESIAN_POINT('',(51.938397,-58.142386,1.51));
#11624 = DIRECTION('',(-0.,0.,-1.));
#11625 = DIRECTION('',(-0.,-1.,0.));
#11626 = FACE_BOUND('',#11627,.T.);
#11627 = EDGE_LOOP('',(#11628));
#11628 = ORIENTED_EDGE('',*,*,#11629,.T.);
#11629 = EDGE_CURVE('',#11630,#11630,#11632,.T.);
#11630 = VERTEX_POINT('',#11631);
#11631 = CARTESIAN_POINT('',(57.018397,-60.142386,1.51));
#11632 = CIRCLE('',#11633,2.);
#11633 = AXIS2_PLACEMENT_3D('',#11634,#11635,#11636);
#11634 = CARTESIAN_POINT('',(57.018397,-58.142386,1.51));
#11635 = DIRECTION('',(-0.,0.,-1.));
#11636 = DIRECTION('',(-0.,-1.,0.));
#11637 = FACE_BOUND('',#11638,.T.);
#11638 = EDGE_LOOP('',(#11639));
#11639 = ORIENTED_EDGE('',*,*,#11640,.T.);
#11640 = EDGE_CURVE('',#11641,#11641,#11643,.T.);
#11641 = VERTEX_POINT('',#11642);
#11642 = CARTESIAN_POINT('',(62.098397,-58.992386,1.51));
#11643 = CIRCLE('',#11644,0.85);
#11644 = AXIS2_PLACEMENT_3D('',#11645,#11646,#11647);
#11645 = CARTESIAN_POINT('',(62.098397,-58.142386,1.51));
#11646 = DIRECTION('',(-0.,0.,-1.));
#11647 = DIRECTION('',(-0.,-1.,0.));
#11648 = FACE_BOUND('',#11649,.T.);
#11649 = EDGE_LOOP('',(#11650));
#11650 = ORIENTED_EDGE('',*,*,#11651,.T.);
#11651 = EDGE_CURVE('',#11652,#11652,#11654,.T.);
#11652 = VERTEX_POINT('',#11653);
#11653 = CARTESIAN_POINT('',(71.582147,-58.992386,1.51));
#11654 = CIRCLE('',#11655,0.85);
#11655 = AXIS2_PLACEMENT_3D('',#11656,#11657,#11658);
#11656 = CARTESIAN_POINT('',(71.582147,-58.142386,1.51));
#11657 = DIRECTION('',(-0.,0.,-1.));
#11658 = DIRECTION('',(1.671865260612E-14,-1.,-0.));
#11659 = FACE_BOUND('',#11660,.T.);
#11660 = EDGE_LOOP('',(#11661));
#11661 = ORIENTED_EDGE('',*,*,#11662,.T.);
#11662 = EDGE_CURVE('',#11663,#11663,#11665,.T.);
#11663 = VERTEX_POINT('',#11664);
#11664 = CARTESIAN_POINT('',(76.662147,-60.142386,1.51));
#11665 = CIRCLE('',#11666,2.);
#11666 = AXIS2_PLACEMENT_3D('',#11667,#11668,#11669);
#11667 = CARTESIAN_POINT('',(76.662147,-58.142386,1.51));
#11668 = DIRECTION('',(-0.,0.,-1.));
#11669 = DIRECTION('',(-0.,-1.,0.));
#11670 = FACE_BOUND('',#11671,.T.);
#11671 = EDGE_LOOP('',(#11672));
#11672 = ORIENTED_EDGE('',*,*,#11673,.T.);
#11673 = EDGE_CURVE('',#11674,#11674,#11676,.T.);
#11674 = VERTEX_POINT('',#11675);
#11675 = CARTESIAN_POINT('',(33.564647,-56.352386,1.51));
#11676 = CIRCLE('',#11677,0.75);
#11677 = AXIS2_PLACEMENT_3D('',#11678,#11679,#11680);
#11678 = CARTESIAN_POINT('',(33.564647,-55.602386,1.51));
#11679 = DIRECTION('',(-0.,0.,-1.));
#11680 = DIRECTION('',(-0.,-1.,0.));
#11681 = FACE_BOUND('',#11682,.T.);
#11682 = EDGE_LOOP('',(#11683));
#11683 = ORIENTED_EDGE('',*,*,#11684,.T.);
#11684 = EDGE_CURVE('',#11685,#11685,#11687,.T.);
#11685 = VERTEX_POINT('',#11686);
#11686 = CARTESIAN_POINT('',(39.914647,-53.812386,1.51));
#11687 = CIRCLE('',#11688,0.75);
#11688 = AXIS2_PLACEMENT_3D('',#11689,#11690,#11691);
#11689 = CARTESIAN_POINT('',(39.914647,-53.062386,1.51));
#11690 = DIRECTION('',(-0.,0.,-1.));
#11691 = DIRECTION('',(-0.,-1.,0.));
#11692 = FACE_BOUND('',#11693,.T.);
#11693 = EDGE_LOOP('',(#11694));
#11694 = ORIENTED_EDGE('',*,*,#11695,.T.);
#11695 = EDGE_CURVE('',#11696,#11696,#11698,.T.);
#11696 = VERTEX_POINT('',#11697);
#11697 = CARTESIAN_POINT('',(25.499201,-45.048402,1.51));
#11698 = CIRCLE('',#11699,1.05);
#11699 = AXIS2_PLACEMENT_3D('',#11700,#11701,#11702);
#11700 = CARTESIAN_POINT('',(25.499201,-43.998402,1.51));
#11701 = DIRECTION('',(-0.,0.,-1.));
#11702 = DIRECTION('',(-0.,-1.,0.));
#11703 = FACE_BOUND('',#11704,.T.);
#11704 = EDGE_LOOP('',(#11705));
#11705 = ORIENTED_EDGE('',*,*,#11706,.T.);
#11706 = EDGE_CURVE('',#11707,#11707,#11709,.T.);
#11707 = VERTEX_POINT('',#11708);
#11708 = CARTESIAN_POINT('',(53.208397,-56.352386,1.51));
#11709 = CIRCLE('',#11710,0.75);
#11710 = AXIS2_PLACEMENT_3D('',#11711,#11712,#11713);
#11711 = CARTESIAN_POINT('',(53.208397,-55.602386,1.51));
#11712 = DIRECTION('',(-0.,0.,-1.));
#11713 = DIRECTION('',(-0.,-1.,0.));
#11714 = FACE_BOUND('',#11715,.T.);
#11715 = EDGE_LOOP('',(#11716));
#11716 = ORIENTED_EDGE('',*,*,#11717,.T.);
#11717 = EDGE_CURVE('',#11718,#11718,#11720,.T.);
#11718 = VERTEX_POINT('',#11719);
#11719 = CARTESIAN_POINT('',(59.558397,-53.812386,1.51));
#11720 = CIRCLE('',#11721,0.75);
#11721 = AXIS2_PLACEMENT_3D('',#11722,#11723,#11724);
#11722 = CARTESIAN_POINT('',(59.558397,-53.062386,1.51));
#11723 = DIRECTION('',(-0.,0.,-1.));
#11724 = DIRECTION('',(-0.,-1.,0.));
#11725 = FACE_BOUND('',#11726,.T.);
#11726 = EDGE_LOOP('',(#11727));
#11727 = ORIENTED_EDGE('',*,*,#11728,.T.);
#11728 = EDGE_CURVE('',#11729,#11729,#11731,.T.);
#11729 = VERTEX_POINT('',#11730);
#11730 = CARTESIAN_POINT('',(72.852147,-56.352386,1.51));
#11731 = CIRCLE('',#11732,0.75);
#11732 = AXIS2_PLACEMENT_3D('',#11733,#11734,#11735);
#11733 = CARTESIAN_POINT('',(72.852147,-55.602386,1.51));
#11734 = DIRECTION('',(-0.,0.,-1.));
#11735 = DIRECTION('',(-0.,-1.,0.));
#11736 = FACE_BOUND('',#11737,.T.);
#11737 = EDGE_LOOP('',(#11738));
#11738 = ORIENTED_EDGE('',*,*,#11739,.T.);
#11739 = EDGE_CURVE('',#11740,#11740,#11742,.T.);
#11740 = VERTEX_POINT('',#11741);
#11741 = CARTESIAN_POINT('',(81.742147,-58.992386,1.51));
#11742 = CIRCLE('',#11743,0.85);
#11743 = AXIS2_PLACEMENT_3D('',#11744,#11745,#11746);
#11744 = CARTESIAN_POINT('',(81.742147,-58.142386,1.51));
#11745 = DIRECTION('',(-0.,0.,-1.));
#11746 = DIRECTION('',(1.671865260612E-14,-1.,-0.));
#11747 = FACE_BOUND('',#11748,.T.);
#11748 = EDGE_LOOP('',(#11749));
#11749 = ORIENTED_EDGE('',*,*,#11750,.T.);
#11750 = EDGE_CURVE('',#11751,#11751,#11753,.T.);
#11751 = VERTEX_POINT('',#11752);
#11752 = CARTESIAN_POINT('',(91.225897,-58.992386,1.51));
#11753 = CIRCLE('',#11754,0.85);
#11754 = AXIS2_PLACEMENT_3D('',#11755,#11756,#11757);
#11755 = CARTESIAN_POINT('',(91.225897,-58.142386,1.51));
#11756 = DIRECTION('',(-0.,0.,-1.));
#11757 = DIRECTION('',(-0.,-1.,0.));
#11758 = FACE_BOUND('',#11759,.T.);
#11759 = EDGE_LOOP('',(#11760));
#11760 = ORIENTED_EDGE('',*,*,#11761,.T.);
#11761 = EDGE_CURVE('',#11762,#11762,#11764,.T.);
#11762 = VERTEX_POINT('',#11763);
#11763 = CARTESIAN_POINT('',(96.305897,-60.142386,1.51));
#11764 = CIRCLE('',#11765,2.);
#11765 = AXIS2_PLACEMENT_3D('',#11766,#11767,#11768);
#11766 = CARTESIAN_POINT('',(96.305897,-58.142386,1.51));
#11767 = DIRECTION('',(-0.,0.,-1.));
#11768 = DIRECTION('',(-0.,-1.,0.));
#11769 = FACE_BOUND('',#11770,.T.);
#11770 = EDGE_LOOP('',(#11771));
#11771 = ORIENTED_EDGE('',*,*,#11772,.T.);
#11772 = EDGE_CURVE('',#11773,#11773,#11775,.T.);
#11773 = VERTEX_POINT('',#11774);
#11774 = CARTESIAN_POINT('',(101.385897,-58.992386,1.51));
#11775 = CIRCLE('',#11776,0.85);
#11776 = AXIS2_PLACEMENT_3D('',#11777,#11778,#11779);
#11777 = CARTESIAN_POINT('',(101.385897,-58.142386,1.51));
#11778 = DIRECTION('',(-0.,0.,-1.));
#11779 = DIRECTION('',(-0.,-1.,0.));
#11780 = FACE_BOUND('',#11781,.T.);
#11781 = EDGE_LOOP('',(#11782));
#11782 = ORIENTED_EDGE('',*,*,#11783,.T.);
#11783 = EDGE_CURVE('',#11784,#11784,#11786,.T.);
#11784 = VERTEX_POINT('',#11785);
#11785 = CARTESIAN_POINT('',(110.869647,-58.992386,1.51));
#11786 = CIRCLE('',#11787,0.85);
#11787 = AXIS2_PLACEMENT_3D('',#11788,#11789,#11790);
#11788 = CARTESIAN_POINT('',(110.869647,-58.142386,1.51));
#11789 = DIRECTION('',(-0.,0.,-1.));
#11790 = DIRECTION('',(-0.,-1.,0.));
#11791 = FACE_BOUND('',#11792,.T.);
#11792 = EDGE_LOOP('',(#11793));
#11793 = ORIENTED_EDGE('',*,*,#11794,.T.);
#11794 = EDGE_CURVE('',#11795,#11795,#11797,.T.);
#11795 = VERTEX_POINT('',#11796);
#11796 = CARTESIAN_POINT('',(115.949647,-60.142386,1.51));
#11797 = CIRCLE('',#11798,2.);
#11798 = AXIS2_PLACEMENT_3D('',#11799,#11800,#11801);
#11799 = CARTESIAN_POINT('',(115.949647,-58.142386,1.51));
#11800 = DIRECTION('',(-0.,0.,-1.));
#11801 = DIRECTION('',(-0.,-1.,0.));
#11802 = FACE_BOUND('',#11803,.T.);
#11803 = EDGE_LOOP('',(#11804));
#11804 = ORIENTED_EDGE('',*,*,#11805,.T.);
#11805 = EDGE_CURVE('',#11806,#11806,#11808,.T.);
#11806 = VERTEX_POINT('',#11807);
#11807 = CARTESIAN_POINT('',(121.029647,-58.992386,1.51));
#11808 = CIRCLE('',#11809,0.85);
#11809 = AXIS2_PLACEMENT_3D('',#11810,#11811,#11812);
#11810 = CARTESIAN_POINT('',(121.029647,-58.142386,1.51));
#11811 = DIRECTION('',(-0.,0.,-1.));
#11812 = DIRECTION('',(-1.671865260612E-14,-1.,0.));
#11813 = FACE_BOUND('',#11814,.T.);
#11814 = EDGE_LOOP('',(#11815));
#11815 = ORIENTED_EDGE('',*,*,#11816,.T.);
#11816 = EDGE_CURVE('',#11817,#11817,#11819,.T.);
#11817 = VERTEX_POINT('',#11818);
#11818 = CARTESIAN_POINT('',(79.202147,-53.812386,1.51));
#11819 = CIRCLE('',#11820,0.75);
#11820 = AXIS2_PLACEMENT_3D('',#11821,#11822,#11823);
#11821 = CARTESIAN_POINT('',(79.202147,-53.062386,1.51));
#11822 = DIRECTION('',(-0.,0.,-1.));
#11823 = DIRECTION('',(-0.,-1.,0.));
#11824 = FACE_BOUND('',#11825,.T.);
#11825 = EDGE_LOOP('',(#11826));
#11826 = ORIENTED_EDGE('',*,*,#11827,.T.);
#11827 = EDGE_CURVE('',#11828,#11828,#11830,.T.);
#11828 = VERTEX_POINT('',#11829);
#11829 = CARTESIAN_POINT('',(92.495897,-56.352386,1.51));
#11830 = CIRCLE('',#11831,0.75);
#11831 = AXIS2_PLACEMENT_3D('',#11832,#11833,#11834);
#11832 = CARTESIAN_POINT('',(92.495897,-55.602386,1.51));
#11833 = DIRECTION('',(-0.,0.,-1.));
#11834 = DIRECTION('',(-0.,-1.,0.));
#11835 = FACE_BOUND('',#11836,.T.);
#11836 = EDGE_LOOP('',(#11837));
#11837 = ORIENTED_EDGE('',*,*,#11838,.T.);
#11838 = EDGE_CURVE('',#11839,#11839,#11841,.T.);
#11839 = VERTEX_POINT('',#11840);
#11840 = CARTESIAN_POINT('',(98.845897,-53.812386,1.51));
#11841 = CIRCLE('',#11842,0.75);
#11842 = AXIS2_PLACEMENT_3D('',#11843,#11844,#11845);
#11843 = CARTESIAN_POINT('',(98.845897,-53.062386,1.51));
#11844 = DIRECTION('',(-0.,0.,-1.));
#11845 = DIRECTION('',(-0.,-1.,0.));
#11846 = FACE_BOUND('',#11847,.T.);
#11847 = EDGE_LOOP('',(#11848));
#11848 = ORIENTED_EDGE('',*,*,#11849,.T.);
#11849 = EDGE_CURVE('',#11850,#11850,#11852,.T.);
#11850 = VERTEX_POINT('',#11851);
#11851 = CARTESIAN_POINT('',(112.139647,-56.352386,1.51));
#11852 = CIRCLE('',#11853,0.75);
#11853 = AXIS2_PLACEMENT_3D('',#11854,#11855,#11856);
#11854 = CARTESIAN_POINT('',(112.139647,-55.602386,1.51));
#11855 = DIRECTION('',(-0.,0.,-1.));
#11856 = DIRECTION('',(-0.,-1.,0.));
#11857 = FACE_BOUND('',#11858,.T.);
#11858 = EDGE_LOOP('',(#11859));
#11859 = ORIENTED_EDGE('',*,*,#11860,.T.);
#11860 = EDGE_CURVE('',#11861,#11861,#11863,.T.);
#11861 = VERTEX_POINT('',#11862);
#11862 = CARTESIAN_POINT('',(118.489647,-53.812386,1.51));
#11863 = CIRCLE('',#11864,0.75);
#11864 = AXIS2_PLACEMENT_3D('',#11865,#11866,#11867);
#11865 = CARTESIAN_POINT('',(118.489647,-53.062386,1.51));
#11866 = DIRECTION('',(-0.,0.,-1.));
#11867 = DIRECTION('',(-0.,-1.,0.));
#11868 = FACE_BOUND('',#11869,.T.);
#11869 = EDGE_LOOP('',(#11870));
#11870 = ORIENTED_EDGE('',*,*,#11871,.T.);
#11871 = EDGE_CURVE('',#11872,#11872,#11874,.T.);
#11872 = VERTEX_POINT('',#11873);
#11873 = CARTESIAN_POINT('',(131.61,-100.21,1.51));
#11874 = CIRCLE('',#11875,0.75);
#11875 = AXIS2_PLACEMENT_3D('',#11876,#11877,#11878);
#11876 = CARTESIAN_POINT('',(131.61,-99.46,1.51));
#11877 = DIRECTION('',(-0.,0.,-1.));
#11878 = DIRECTION('',(-0.,-1.,0.));
#11879 = FACE_BOUND('',#11880,.T.);
#11880 = EDGE_LOOP('',(#11881));
#11881 = ORIENTED_EDGE('',*,*,#11882,.T.);
#11882 = EDGE_CURVE('',#11883,#11883,#11885,.T.);
#11883 = VERTEX_POINT('',#11884);
#11884 = CARTESIAN_POINT('',(137.96,-97.67,1.51));
#11885 = CIRCLE('',#11886,0.75);
#11886 = AXIS2_PLACEMENT_3D('',#11887,#11888,#11889);
#11887 = CARTESIAN_POINT('',(137.96,-96.92,1.51));
#11888 = DIRECTION('',(-0.,0.,-1.));
#11889 = DIRECTION('',(-0.,-1.,0.));
#11890 = FACE_BOUND('',#11891,.T.);
#11891 = EDGE_LOOP('',(#11892));
#11892 = ORIENTED_EDGE('',*,*,#11893,.T.);
#11893 = EDGE_CURVE('',#11894,#11894,#11896,.T.);
#11894 = VERTEX_POINT('',#11895);
#11895 = CARTESIAN_POINT('',(151.754647,-100.267185,1.51));
#11896 = CIRCLE('',#11897,0.75);
#11897 = AXIS2_PLACEMENT_3D('',#11898,#11899,#11900);
#11898 = CARTESIAN_POINT('',(151.754647,-99.517185,1.51));
#11899 = DIRECTION('',(-0.,0.,-1.));
#11900 = DIRECTION('',(-0.,-1.,0.));
#11901 = FACE_BOUND('',#11902,.T.);
#11902 = EDGE_LOOP('',(#11903));
#11903 = ORIENTED_EDGE('',*,*,#11904,.T.);
#11904 = EDGE_CURVE('',#11905,#11905,#11907,.T.);
#11905 = VERTEX_POINT('',#11906);
#11906 = CARTESIAN_POINT('',(158.104647,-97.727185,1.51));
#11907 = CIRCLE('',#11908,0.75);
#11908 = AXIS2_PLACEMENT_3D('',#11909,#11910,#11911);
#11909 = CARTESIAN_POINT('',(158.104647,-96.977185,1.51));
#11910 = DIRECTION('',(-0.,0.,-1.));
#11911 = DIRECTION('',(-0.,-1.,0.));
#11912 = FACE_BOUND('',#11913,.T.);
#11913 = EDGE_LOOP('',(#11914));
#11914 = ORIENTED_EDGE('',*,*,#11915,.T.);
#11915 = EDGE_CURVE('',#11916,#11916,#11918,.T.);
#11916 = VERTEX_POINT('',#11917);
#11917 = CARTESIAN_POINT('',(171.255776,-100.137458,1.51));
#11918 = CIRCLE('',#11919,0.75);
#11919 = AXIS2_PLACEMENT_3D('',#11920,#11921,#11922);
#11920 = CARTESIAN_POINT('',(171.255776,-99.387458,1.51));
#11921 = DIRECTION('',(-0.,0.,-1.));
#11922 = DIRECTION('',(-0.,-1.,0.));
#11923 = FACE_BOUND('',#11924,.T.);
#11924 = EDGE_LOOP('',(#11925));
#11925 = ORIENTED_EDGE('',*,*,#11926,.T.);
#11926 = EDGE_CURVE('',#11927,#11927,#11929,.T.);
#11927 = VERTEX_POINT('',#11928);
#11928 = CARTESIAN_POINT('',(177.605776,-97.597458,1.51));
#11929 = CIRCLE('',#11930,0.75);
#11930 = AXIS2_PLACEMENT_3D('',#11931,#11932,#11933);
#11931 = CARTESIAN_POINT('',(177.605776,-96.847458,1.51));
#11932 = DIRECTION('',(-0.,0.,-1.));
#11933 = DIRECTION('',(-0.,-1.,0.));
#11934 = FACE_BOUND('',#11935,.T.);
#11935 = EDGE_LOOP('',(#11936));
#11936 = ORIENTED_EDGE('',*,*,#11937,.T.);
#11937 = EDGE_CURVE('',#11938,#11938,#11940,.T.);
#11938 = VERTEX_POINT('',#11939);
#11939 = CARTESIAN_POINT('',(132.074721,-81.560471,1.51));
#11940 = CIRCLE('',#11941,0.85);
#11941 = AXIS2_PLACEMENT_3D('',#11942,#11943,#11944);
#11942 = CARTESIAN_POINT('',(132.074721,-80.710471,1.51));
#11943 = DIRECTION('',(-0.,0.,-1.));
#11944 = DIRECTION('',(-0.,-1.,0.));
#11945 = FACE_BOUND('',#11946,.T.);
#11946 = EDGE_LOOP('',(#11947));
#11947 = ORIENTED_EDGE('',*,*,#11948,.T.);
#11948 = EDGE_CURVE('',#11949,#11949,#11951,.T.);
#11949 = VERTEX_POINT('',#11950);
#11950 = CARTESIAN_POINT('',(141.376945,-81.657188,1.51));
#11951 = CIRCLE('',#11952,0.85);
#11952 = AXIS2_PLACEMENT_3D('',#11953,#11954,#11955);
#11953 = CARTESIAN_POINT('',(141.376945,-80.807188,1.51));
#11954 = DIRECTION('',(-0.,0.,-1.));
#11955 = DIRECTION('',(-0.,-1.,0.));
#11956 = FACE_BOUND('',#11957,.T.);
#11957 = EDGE_LOOP('',(#11958));
#11958 = ORIENTED_EDGE('',*,*,#11959,.T.);
#11959 = EDGE_CURVE('',#11960,#11960,#11962,.T.);
#11960 = VERTEX_POINT('',#11961);
#11961 = CARTESIAN_POINT('',(146.456945,-82.807188,1.51));
#11962 = CIRCLE('',#11963,2.);
#11963 = AXIS2_PLACEMENT_3D('',#11964,#11965,#11966);
#11964 = CARTESIAN_POINT('',(146.456945,-80.807188,1.51));
#11965 = DIRECTION('',(-0.,0.,-1.));
#11966 = DIRECTION('',(-0.,-1.,0.));
#11967 = FACE_BOUND('',#11968,.T.);
#11968 = EDGE_LOOP('',(#11969));
#11969 = ORIENTED_EDGE('',*,*,#11970,.T.);
#11970 = EDGE_CURVE('',#11971,#11971,#11973,.T.);
#11971 = VERTEX_POINT('',#11972);
#11972 = CARTESIAN_POINT('',(151.536945,-81.657188,1.51));
#11973 = CIRCLE('',#11974,0.85);
#11974 = AXIS2_PLACEMENT_3D('',#11975,#11976,#11977);
#11975 = CARTESIAN_POINT('',(151.536945,-80.807188,1.51));
#11976 = DIRECTION('',(-0.,0.,-1.));
#11977 = DIRECTION('',(-0.,-1.,0.));
#11978 = FACE_BOUND('',#11979,.T.);
#11979 = EDGE_LOOP('',(#11980));
#11980 = ORIENTED_EDGE('',*,*,#11981,.T.);
#11981 = EDGE_CURVE('',#11982,#11982,#11984,.T.);
#11982 = VERTEX_POINT('',#11983);
#11983 = CARTESIAN_POINT('',(142.646945,-79.017188,1.51));
#11984 = CIRCLE('',#11985,0.75);
#11985 = AXIS2_PLACEMENT_3D('',#11986,#11987,#11988);
#11986 = CARTESIAN_POINT('',(142.646945,-78.267188,1.51));
#11987 = DIRECTION('',(-0.,0.,-1.));
#11988 = DIRECTION('',(-0.,-1.,0.));
#11989 = FACE_BOUND('',#11990,.T.);
#11990 = EDGE_LOOP('',(#11991));
#11991 = ORIENTED_EDGE('',*,*,#11992,.T.);
#11992 = EDGE_CURVE('',#11993,#11993,#11995,.T.);
#11993 = VERTEX_POINT('',#11994);
#11994 = CARTESIAN_POINT('',(148.996945,-76.477188,1.51));
#11995 = CIRCLE('',#11996,0.75);
#11996 = AXIS2_PLACEMENT_3D('',#11997,#11998,#11999);
#11997 = CARTESIAN_POINT('',(148.996945,-75.727188,1.51));
#11998 = DIRECTION('',(-0.,0.,-1.));
#11999 = DIRECTION('',(-0.,-1.,0.));
#12000 = FACE_BOUND('',#12001,.T.);
#12001 = EDGE_LOOP('',(#12002));
#12002 = ORIENTED_EDGE('',*,*,#12003,.T.);
#12003 = EDGE_CURVE('',#12004,#12004,#12006,.T.);
#12004 = VERTEX_POINT('',#12005);
#12005 = CARTESIAN_POINT('',(161.15359,-81.476578,1.51));
#12006 = CIRCLE('',#12007,0.85);
#12007 = AXIS2_PLACEMENT_3D('',#12008,#12009,#12010);
#12008 = CARTESIAN_POINT('',(161.15359,-80.626578,1.51));
#12009 = DIRECTION('',(-0.,0.,-1.));
#12010 = DIRECTION('',(-0.,-1.,0.));
#12011 = FACE_BOUND('',#12012,.T.);
#12012 = EDGE_LOOP('',(#12013));
#12013 = ORIENTED_EDGE('',*,*,#12014,.T.);
#12014 = EDGE_CURVE('',#12015,#12015,#12017,.T.);
#12015 = VERTEX_POINT('',#12016);
#12016 = CARTESIAN_POINT('',(166.23359,-82.626578,1.51));
#12017 = CIRCLE('',#12018,2.);
#12018 = AXIS2_PLACEMENT_3D('',#12019,#12020,#12021);
#12019 = CARTESIAN_POINT('',(166.23359,-80.626578,1.51));
#12020 = DIRECTION('',(-0.,0.,-1.));
#12021 = DIRECTION('',(-0.,-1.,0.));
#12022 = FACE_BOUND('',#12023,.T.);
#12023 = EDGE_LOOP('',(#12024));
#12024 = ORIENTED_EDGE('',*,*,#12025,.T.);
#12025 = EDGE_CURVE('',#12026,#12026,#12028,.T.);
#12026 = VERTEX_POINT('',#12027);
#12027 = CARTESIAN_POINT('',(171.31359,-81.476578,1.51));
#12028 = CIRCLE('',#12029,0.85);
#12029 = AXIS2_PLACEMENT_3D('',#12030,#12031,#12032);
#12030 = CARTESIAN_POINT('',(171.31359,-80.626578,1.51));
#12031 = DIRECTION('',(-0.,0.,-1.));
#12032 = DIRECTION('',(-0.,-1.,0.));
#12033 = FACE_BOUND('',#12034,.T.);
#12034 = EDGE_LOOP('',(#12035));
#12035 = ORIENTED_EDGE('',*,*,#12036,.T.);
#12036 = EDGE_CURVE('',#12037,#12037,#12039,.T.);
#12037 = VERTEX_POINT('',#12038);
#12038 = CARTESIAN_POINT('',(180.904647,-81.32002,1.51));
#12039 = CIRCLE('',#12040,0.85);
#12040 = AXIS2_PLACEMENT_3D('',#12041,#12042,#12043);
#12041 = CARTESIAN_POINT('',(180.904647,-80.47002,1.51));
#12042 = DIRECTION('',(-0.,0.,-1.));
#12043 = DIRECTION('',(-0.,-1.,0.));
#12044 = FACE_BOUND('',#12045,.T.);
#12045 = EDGE_LOOP('',(#12046));
#12046 = ORIENTED_EDGE('',*,*,#12047,.T.);
#12047 = EDGE_CURVE('',#12048,#12048,#12050,.T.);
#12048 = VERTEX_POINT('',#12049);
#12049 = CARTESIAN_POINT('',(162.42359,-78.836578,1.51));
#12050 = CIRCLE('',#12051,0.75);
#12051 = AXIS2_PLACEMENT_3D('',#12052,#12053,#12054);
#12052 = CARTESIAN_POINT('',(162.42359,-78.086578,1.51));
#12053 = DIRECTION('',(-0.,0.,-1.));
#12054 = DIRECTION('',(-0.,-1.,0.));
#12055 = FACE_BOUND('',#12056,.T.);
#12056 = EDGE_LOOP('',(#12057));
#12057 = ORIENTED_EDGE('',*,*,#12058,.T.);
#12058 = EDGE_CURVE('',#12059,#12059,#12061,.T.);
#12059 = VERTEX_POINT('',#12060);
#12060 = CARTESIAN_POINT('',(168.77359,-76.296578,1.51));
#12061 = CIRCLE('',#12062,0.75);
#12062 = AXIS2_PLACEMENT_3D('',#12063,#12064,#12065);
#12063 = CARTESIAN_POINT('',(168.77359,-75.546578,1.51));
#12064 = DIRECTION('',(-0.,0.,-1.));
#12065 = DIRECTION('',(-0.,-1.,0.));
#12066 = FACE_BOUND('',#12067,.T.);
#12067 = EDGE_LOOP('',(#12068));
#12068 = ORIENTED_EDGE('',*,*,#12069,.T.);
#12069 = EDGE_CURVE('',#12070,#12070,#12072,.T.);
#12070 = VERTEX_POINT('',#12071);
#12071 = CARTESIAN_POINT('',(182.174647,-78.68002,1.51));
#12072 = CIRCLE('',#12073,0.75);
#12073 = AXIS2_PLACEMENT_3D('',#12074,#12075,#12076);
#12074 = CARTESIAN_POINT('',(182.174647,-77.93002,1.51));
#12075 = DIRECTION('',(-0.,0.,-1.));
#12076 = DIRECTION('',(-0.,-1.,0.));
#12077 = FACE_BOUND('',#12078,.T.);
#12078 = EDGE_LOOP('',(#12079));
#12079 = ORIENTED_EDGE('',*,*,#12080,.T.);
#12080 = EDGE_CURVE('',#12081,#12081,#12083,.T.);
#12081 = VERTEX_POINT('',#12082);
#12082 = CARTESIAN_POINT('',(190.675661,-100.230471,1.51));
#12083 = CIRCLE('',#12084,0.75);
#12084 = AXIS2_PLACEMENT_3D('',#12085,#12086,#12087);
#12085 = CARTESIAN_POINT('',(190.675661,-99.480471,1.51));
#12086 = DIRECTION('',(-0.,0.,-1.));
#12087 = DIRECTION('',(-0.,-1.,0.));
#12088 = FACE_BOUND('',#12089,.T.);
#12089 = EDGE_LOOP('',(#12090));
#12090 = ORIENTED_EDGE('',*,*,#12091,.T.);
#12091 = EDGE_CURVE('',#12092,#12092,#12094,.T.);
#12092 = VERTEX_POINT('',#12093);
#12093 = CARTESIAN_POINT('',(197.025661,-97.690471,1.51));
#12094 = CIRCLE('',#12095,0.75);
#12095 = AXIS2_PLACEMENT_3D('',#12096,#12097,#12098);
#12096 = CARTESIAN_POINT('',(197.025661,-96.940471,1.51));
#12097 = DIRECTION('',(-0.,0.,-1.));
#12098 = DIRECTION('',(-0.,-1.,0.));
#12099 = FACE_BOUND('',#12100,.T.);
#12100 = EDGE_LOOP('',(#12101));
#12101 = ORIENTED_EDGE('',*,*,#12102,.T.);
#12102 = EDGE_CURVE('',#12103,#12103,#12105,.T.);
#12103 = VERTEX_POINT('',#12104);
#12104 = CARTESIAN_POINT('',(210.45883,-100.135325,1.51));
#12105 = CIRCLE('',#12106,0.75);
#12106 = AXIS2_PLACEMENT_3D('',#12107,#12108,#12109);
#12107 = CARTESIAN_POINT('',(210.45883,-99.385325,1.51));
#12108 = DIRECTION('',(-0.,0.,-1.));
#12109 = DIRECTION('',(-0.,-1.,0.));
#12110 = FACE_BOUND('',#12111,.T.);
#12111 = EDGE_LOOP('',(#12112));
#12112 = ORIENTED_EDGE('',*,*,#12113,.T.);
#12113 = EDGE_CURVE('',#12114,#12114,#12116,.T.);
#12114 = VERTEX_POINT('',#12115);
#12115 = CARTESIAN_POINT('',(216.80883,-97.595325,1.51));
#12116 = CIRCLE('',#12117,0.75);
#12117 = AXIS2_PLACEMENT_3D('',#12118,#12119,#12120);
#12118 = CARTESIAN_POINT('',(216.80883,-96.845325,1.51));
#12119 = DIRECTION('',(-0.,0.,-1.));
#12120 = DIRECTION('',(-0.,-1.,0.));
#12121 = FACE_BOUND('',#12122,.T.);
#12122 = EDGE_LOOP('',(#12123));
#12123 = ORIENTED_EDGE('',*,*,#12124,.T.);
#12124 = EDGE_CURVE('',#12125,#12125,#12127,.T.);
#12125 = VERTEX_POINT('',#12126);
#12126 = CARTESIAN_POINT('',(185.984647,-82.47002,1.51));
#12127 = CIRCLE('',#12128,2.);
#12128 = AXIS2_PLACEMENT_3D('',#12129,#12130,#12131);
#12129 = CARTESIAN_POINT('',(185.984647,-80.47002,1.51));
#12130 = DIRECTION('',(-0.,0.,-1.));
#12131 = DIRECTION('',(-0.,-1.,0.));
#12132 = FACE_BOUND('',#12133,.T.);
#12133 = EDGE_LOOP('',(#12134));
#12134 = ORIENTED_EDGE('',*,*,#12135,.T.);
#12135 = EDGE_CURVE('',#12136,#12136,#12138,.T.);
#12136 = VERTEX_POINT('',#12137);
#12137 = CARTESIAN_POINT('',(191.064647,-81.32002,1.51));
#12138 = CIRCLE('',#12139,0.85);
#12139 = AXIS2_PLACEMENT_3D('',#12140,#12141,#12142);
#12140 = CARTESIAN_POINT('',(191.064647,-80.47002,1.51));
#12141 = DIRECTION('',(-0.,0.,-1.));
#12142 = DIRECTION('',(-0.,-1.,0.));
#12143 = FACE_BOUND('',#12144,.T.);
#12144 = EDGE_LOOP('',(#12145));
#12145 = ORIENTED_EDGE('',*,*,#12146,.T.);
#12146 = EDGE_CURVE('',#12147,#12147,#12149,.T.);
#12147 = VERTEX_POINT('',#12148);
#12148 = CARTESIAN_POINT('',(200.766951,-81.451729,1.51));
#12149 = CIRCLE('',#12150,0.85);
#12150 = AXIS2_PLACEMENT_3D('',#12151,#12152,#12153);
#12151 = CARTESIAN_POINT('',(200.766951,-80.601729,1.51));
#12152 = DIRECTION('',(-0.,0.,-1.));
#12153 = DIRECTION('',(-0.,-1.,0.));
#12154 = FACE_BOUND('',#12155,.T.);
#12155 = EDGE_LOOP('',(#12156));
#12156 = ORIENTED_EDGE('',*,*,#12157,.T.);
#12157 = EDGE_CURVE('',#12158,#12158,#12160,.T.);
#12158 = VERTEX_POINT('',#12159);
#12159 = CARTESIAN_POINT('',(205.846951,-82.601729,1.51));
#12160 = CIRCLE('',#12161,2.);
#12161 = AXIS2_PLACEMENT_3D('',#12162,#12163,#12164);
#12162 = CARTESIAN_POINT('',(205.846951,-80.601729,1.51));
#12163 = DIRECTION('',(-0.,0.,-1.));
#12164 = DIRECTION('',(-0.,-1.,0.));
#12165 = FACE_BOUND('',#12166,.T.);
#12166 = EDGE_LOOP('',(#12167));
#12167 = ORIENTED_EDGE('',*,*,#12168,.T.);
#12168 = EDGE_CURVE('',#12169,#12169,#12171,.T.);
#12169 = VERTEX_POINT('',#12170);
#12170 = CARTESIAN_POINT('',(188.524647,-76.14002,1.51));
#12171 = CIRCLE('',#12172,0.75);
#12172 = AXIS2_PLACEMENT_3D('',#12173,#12174,#12175);
#12173 = CARTESIAN_POINT('',(188.524647,-75.39002,1.51));
#12174 = DIRECTION('',(-0.,0.,-1.));
#12175 = DIRECTION('',(-0.,-1.,0.));
#12176 = FACE_BOUND('',#12177,.T.);
#12177 = EDGE_LOOP('',(#12178));
#12178 = ORIENTED_EDGE('',*,*,#12179,.T.);
#12179 = EDGE_CURVE('',#12180,#12180,#12182,.T.);
#12180 = VERTEX_POINT('',#12181);
#12181 = CARTESIAN_POINT('',(202.036951,-78.811729,1.51));
#12182 = CIRCLE('',#12183,0.75);
#12183 = AXIS2_PLACEMENT_3D('',#12184,#12185,#12186);
#12184 = CARTESIAN_POINT('',(202.036951,-78.061729,1.51));
#12185 = DIRECTION('',(-0.,0.,-1.));
#12186 = DIRECTION('',(-0.,-1.,0.));
#12187 = FACE_BOUND('',#12188,.T.);
#12188 = EDGE_LOOP('',(#12189));
#12189 = ORIENTED_EDGE('',*,*,#12190,.T.);
#12190 = EDGE_CURVE('',#12191,#12191,#12193,.T.);
#12191 = VERTEX_POINT('',#12192);
#12192 = CARTESIAN_POINT('',(208.386951,-76.271729,1.51));
#12193 = CIRCLE('',#12194,0.75);
#12194 = AXIS2_PLACEMENT_3D('',#12195,#12196,#12197);
#12195 = CARTESIAN_POINT('',(208.386951,-75.521729,1.51));
#12196 = DIRECTION('',(-0.,0.,-1.));
#12197 = DIRECTION('',(-0.,-1.,0.));
#12198 = FACE_BOUND('',#12199,.T.);
#12199 = EDGE_LOOP('',(#12200));
#12200 = ORIENTED_EDGE('',*,*,#12201,.T.);
#12201 = EDGE_CURVE('',#12202,#12202,#12204,.T.);
#12202 = VERTEX_POINT('',#12203);
#12203 = CARTESIAN_POINT('',(210.926951,-81.451729,1.51));
#12204 = CIRCLE('',#12205,0.85);
#12205 = AXIS2_PLACEMENT_3D('',#12206,#12207,#12208);
#12206 = CARTESIAN_POINT('',(210.926951,-80.601729,1.51));
#12207 = DIRECTION('',(-0.,0.,-1.));
#12208 = DIRECTION('',(-0.,-1.,0.));
#12209 = FACE_BOUND('',#12210,.T.);
#12210 = EDGE_LOOP('',(#12211));
#12211 = ORIENTED_EDGE('',*,*,#12212,.T.);
#12212 = EDGE_CURVE('',#12213,#12213,#12215,.T.);
#12213 = VERTEX_POINT('',#12214);
#12214 = CARTESIAN_POINT('',(220.344781,-81.287898,1.51));
#12215 = CIRCLE('',#12216,0.85);
#12216 = AXIS2_PLACEMENT_3D('',#12217,#12218,#12219);
#12217 = CARTESIAN_POINT('',(220.344781,-80.437898,1.51));
#12218 = DIRECTION('',(-0.,0.,-1.));
#12219 = DIRECTION('',(-0.,-1.,0.));
#12220 = FACE_BOUND('',#12221,.T.);
#12221 = EDGE_LOOP('',(#12222));
#12222 = ORIENTED_EDGE('',*,*,#12223,.T.);
#12223 = EDGE_CURVE('',#12224,#12224,#12226,.T.);
#12224 = VERTEX_POINT('',#12225);
#12225 = CARTESIAN_POINT('',(225.424781,-82.437898,1.51));
#12226 = CIRCLE('',#12227,2.);
#12227 = AXIS2_PLACEMENT_3D('',#12228,#12229,#12230);
#12228 = CARTESIAN_POINT('',(225.424781,-80.437898,1.51));
#12229 = DIRECTION('',(-0.,0.,-1.));
#12230 = DIRECTION('',(-0.,-1.,0.));
#12231 = FACE_BOUND('',#12232,.T.);
#12232 = EDGE_LOOP('',(#12233));
#12233 = ORIENTED_EDGE('',*,*,#12234,.T.);
#12234 = EDGE_CURVE('',#12235,#12235,#12237,.T.);
#12235 = VERTEX_POINT('',#12236);
#12236 = CARTESIAN_POINT('',(230.504781,-81.287898,1.51));
#12237 = CIRCLE('',#12238,0.85);
#12238 = AXIS2_PLACEMENT_3D('',#12239,#12240,#12241);
#12239 = CARTESIAN_POINT('',(230.504781,-80.437898,1.51));
#12240 = DIRECTION('',(-0.,0.,-1.));
#12241 = DIRECTION('',(-0.,-1.,0.));
#12242 = FACE_BOUND('',#12243,.T.);
#12243 = EDGE_LOOP('',(#12244));
#12244 = ORIENTED_EDGE('',*,*,#12245,.T.);
#12245 = EDGE_CURVE('',#12246,#12246,#12248,.T.);
#12246 = VERTEX_POINT('',#12247);
#12247 = CARTESIAN_POINT('',(221.614781,-78.647898,1.51));
#12248 = CIRCLE('',#12249,0.75);
#12249 = AXIS2_PLACEMENT_3D('',#12250,#12251,#12252);
#12250 = CARTESIAN_POINT('',(221.614781,-77.897898,1.51));
#12251 = DIRECTION('',(-0.,0.,-1.));
#12252 = DIRECTION('',(-0.,-1.,0.));
#12253 = FACE_BOUND('',#12254,.T.);
#12254 = EDGE_LOOP('',(#12255));
#12255 = ORIENTED_EDGE('',*,*,#12256,.T.);
#12256 = EDGE_CURVE('',#12257,#12257,#12259,.T.);
#12257 = VERTEX_POINT('',#12258);
#12258 = CARTESIAN_POINT('',(227.964781,-76.107898,1.51));
#12259 = CIRCLE('',#12260,0.75);
#12260 = AXIS2_PLACEMENT_3D('',#12261,#12262,#12263);
#12261 = CARTESIAN_POINT('',(227.964781,-75.357898,1.51));
#12262 = DIRECTION('',(-0.,0.,-1.));
#12263 = DIRECTION('',(-0.,-1.,0.));
#12264 = FACE_BOUND('',#12265,.T.);
#12265 = EDGE_LOOP('',(#12266));
#12266 = ORIENTED_EDGE('',*,*,#12267,.T.);
#12267 = EDGE_CURVE('',#12268,#12268,#12270,.T.);
#12268 = VERTEX_POINT('',#12269);
#12269 = CARTESIAN_POINT('',(130.513397,-58.992386,1.51));
#12270 = CIRCLE('',#12271,0.85);
#12271 = AXIS2_PLACEMENT_3D('',#12272,#12273,#12274);
#12272 = CARTESIAN_POINT('',(130.513397,-58.142386,1.51));
#12273 = DIRECTION('',(-0.,0.,-1.));
#12274 = DIRECTION('',(-0.,-1.,0.));
#12275 = FACE_BOUND('',#12276,.T.);
#12276 = EDGE_LOOP('',(#12277));
#12277 = ORIENTED_EDGE('',*,*,#12278,.T.);
#12278 = EDGE_CURVE('',#12279,#12279,#12281,.T.);
#12279 = VERTEX_POINT('',#12280);
#12280 = CARTESIAN_POINT('',(135.593397,-60.142386,1.51));
#12281 = CIRCLE('',#12282,2.);
#12282 = AXIS2_PLACEMENT_3D('',#12283,#12284,#12285);
#12283 = CARTESIAN_POINT('',(135.593397,-58.142386,1.51));
#12284 = DIRECTION('',(-0.,0.,-1.));
#12285 = DIRECTION('',(-0.,-1.,0.));
#12286 = FACE_BOUND('',#12287,.T.);
#12287 = EDGE_LOOP('',(#12288));
#12288 = ORIENTED_EDGE('',*,*,#12289,.T.);
#12289 = EDGE_CURVE('',#12290,#12290,#12292,.T.);
#12290 = VERTEX_POINT('',#12291);
#12291 = CARTESIAN_POINT('',(140.673397,-58.992386,1.51));
#12292 = CIRCLE('',#12293,0.85);
#12293 = AXIS2_PLACEMENT_3D('',#12294,#12295,#12296);
#12294 = CARTESIAN_POINT('',(140.673397,-58.142386,1.51));
#12295 = DIRECTION('',(-0.,0.,-1.));
#12296 = DIRECTION('',(-0.,-1.,0.));
#12297 = FACE_BOUND('',#12298,.T.);
#12298 = EDGE_LOOP('',(#12299));
#12299 = ORIENTED_EDGE('',*,*,#12300,.T.);
#12300 = EDGE_CURVE('',#12301,#12301,#12303,.T.);
#12301 = VERTEX_POINT('',#12302);
#12302 = CARTESIAN_POINT('',(150.157147,-58.992386,1.51));
#12303 = CIRCLE('',#12304,0.85);
#12304 = AXIS2_PLACEMENT_3D('',#12305,#12306,#12307);
#12305 = CARTESIAN_POINT('',(150.157147,-58.142386,1.51));
#12306 = DIRECTION('',(-0.,0.,-1.));
#12307 = DIRECTION('',(-0.,-1.,0.));
#12308 = FACE_BOUND('',#12309,.T.);
#12309 = EDGE_LOOP('',(#12310));
#12310 = ORIENTED_EDGE('',*,*,#12311,.T.);
#12311 = EDGE_CURVE('',#12312,#12312,#12314,.T.);
#12312 = VERTEX_POINT('',#12313);
#12313 = CARTESIAN_POINT('',(155.237147,-60.142386,1.51));
#12314 = CIRCLE('',#12315,2.);
#12315 = AXIS2_PLACEMENT_3D('',#12316,#12317,#12318);
#12316 = CARTESIAN_POINT('',(155.237147,-58.142386,1.51));
#12317 = DIRECTION('',(-0.,0.,-1.));
#12318 = DIRECTION('',(-0.,-1.,0.));
#12319 = FACE_BOUND('',#12320,.T.);
#12320 = EDGE_LOOP('',(#12321));
#12321 = ORIENTED_EDGE('',*,*,#12322,.T.);
#12322 = EDGE_CURVE('',#12323,#12323,#12325,.T.);
#12323 = VERTEX_POINT('',#12324);
#12324 = CARTESIAN_POINT('',(160.317147,-58.992386,1.51));
#12325 = CIRCLE('',#12326,0.85);
#12326 = AXIS2_PLACEMENT_3D('',#12327,#12328,#12329);
#12327 = CARTESIAN_POINT('',(160.317147,-58.142386,1.51));
#12328 = DIRECTION('',(-0.,0.,-1.));
#12329 = DIRECTION('',(-0.,-1.,0.));
#12330 = FACE_BOUND('',#12331,.T.);
#12331 = EDGE_LOOP('',(#12332));
#12332 = ORIENTED_EDGE('',*,*,#12333,.T.);
#12333 = EDGE_CURVE('',#12334,#12334,#12336,.T.);
#12334 = VERTEX_POINT('',#12335);
#12335 = CARTESIAN_POINT('',(169.800897,-58.992386,1.51));
#12336 = CIRCLE('',#12337,0.85);
#12337 = AXIS2_PLACEMENT_3D('',#12338,#12339,#12340);
#12338 = CARTESIAN_POINT('',(169.800897,-58.142386,1.51));
#12339 = DIRECTION('',(-0.,0.,-1.));
#12340 = DIRECTION('',(-0.,-1.,0.));
#12341 = FACE_BOUND('',#12342,.T.);
#12342 = EDGE_LOOP('',(#12343));
#12343 = ORIENTED_EDGE('',*,*,#12344,.T.);
#12344 = EDGE_CURVE('',#12345,#12345,#12347,.T.);
#12345 = VERTEX_POINT('',#12346);
#12346 = CARTESIAN_POINT('',(174.880897,-60.142386,1.51));
#12347 = CIRCLE('',#12348,2.);
#12348 = AXIS2_PLACEMENT_3D('',#12349,#12350,#12351);
#12349 = CARTESIAN_POINT('',(174.880897,-58.142386,1.51));
#12350 = DIRECTION('',(-0.,0.,-1.));
#12351 = DIRECTION('',(-0.,-1.,0.));
#12352 = FACE_BOUND('',#12353,.T.);
#12353 = EDGE_LOOP('',(#12354));
#12354 = ORIENTED_EDGE('',*,*,#12355,.T.);
#12355 = EDGE_CURVE('',#12356,#12356,#12358,.T.);
#12356 = VERTEX_POINT('',#12357);
#12357 = CARTESIAN_POINT('',(179.960897,-58.992386,1.51));
#12358 = CIRCLE('',#12359,0.85);
#12359 = AXIS2_PLACEMENT_3D('',#12360,#12361,#12362);
#12360 = CARTESIAN_POINT('',(179.960897,-58.142386,1.51));
#12361 = DIRECTION('',(-0.,0.,-1.));
#12362 = DIRECTION('',(-0.,-1.,0.));
#12363 = FACE_BOUND('',#12364,.T.);
#12364 = EDGE_LOOP('',(#12365));
#12365 = ORIENTED_EDGE('',*,*,#12366,.T.);
#12366 = EDGE_CURVE('',#12367,#12367,#12369,.T.);
#12367 = VERTEX_POINT('',#12368);
#12368 = CARTESIAN_POINT('',(131.783397,-56.352386,1.51));
#12369 = CIRCLE('',#12370,0.75);
#12370 = AXIS2_PLACEMENT_3D('',#12371,#12372,#12373);
#12371 = CARTESIAN_POINT('',(131.783397,-55.602386,1.51));
#12372 = DIRECTION('',(-0.,0.,-1.));
#12373 = DIRECTION('',(-0.,-1.,0.));
#12374 = FACE_BOUND('',#12375,.T.);
#12375 = EDGE_LOOP('',(#12376));
#12376 = ORIENTED_EDGE('',*,*,#12377,.T.);
#12377 = EDGE_CURVE('',#12378,#12378,#12380,.T.);
#12378 = VERTEX_POINT('',#12379);
#12379 = CARTESIAN_POINT('',(138.133397,-53.812386,1.51));
#12380 = CIRCLE('',#12381,0.75);
#12381 = AXIS2_PLACEMENT_3D('',#12382,#12383,#12384);
#12382 = CARTESIAN_POINT('',(138.133397,-53.062386,1.51));
#12383 = DIRECTION('',(-0.,0.,-1.));
#12384 = DIRECTION('',(-0.,-1.,0.));
#12385 = FACE_BOUND('',#12386,.T.);
#12386 = EDGE_LOOP('',(#12387));
#12387 = ORIENTED_EDGE('',*,*,#12388,.T.);
#12388 = EDGE_CURVE('',#12389,#12389,#12391,.T.);
#12389 = VERTEX_POINT('',#12390);
#12390 = CARTESIAN_POINT('',(151.427147,-56.352386,1.51));
#12391 = CIRCLE('',#12392,0.75);
#12392 = AXIS2_PLACEMENT_3D('',#12393,#12394,#12395);
#12393 = CARTESIAN_POINT('',(151.427147,-55.602386,1.51));
#12394 = DIRECTION('',(-0.,0.,-1.));
#12395 = DIRECTION('',(-0.,-1.,0.));
#12396 = FACE_BOUND('',#12397,.T.);
#12397 = EDGE_LOOP('',(#12398));
#12398 = ORIENTED_EDGE('',*,*,#12399,.T.);
#12399 = EDGE_CURVE('',#12400,#12400,#12402,.T.);
#12400 = VERTEX_POINT('',#12401);
#12401 = CARTESIAN_POINT('',(157.777147,-53.812386,1.51));
#12402 = CIRCLE('',#12403,0.75);
#12403 = AXIS2_PLACEMENT_3D('',#12404,#12405,#12406);
#12404 = CARTESIAN_POINT('',(157.777147,-53.062386,1.51));
#12405 = DIRECTION('',(-0.,0.,-1.));
#12406 = DIRECTION('',(-0.,-1.,0.));
#12407 = FACE_BOUND('',#12408,.T.);
#12408 = EDGE_LOOP('',(#12409));
#12409 = ORIENTED_EDGE('',*,*,#12410,.T.);
#12410 = EDGE_CURVE('',#12411,#12411,#12413,.T.);
#12411 = VERTEX_POINT('',#12412);
#12412 = CARTESIAN_POINT('',(171.070897,-56.352386,1.51));
#12413 = CIRCLE('',#12414,0.75);
#12414 = AXIS2_PLACEMENT_3D('',#12415,#12416,#12417);
#12415 = CARTESIAN_POINT('',(171.070897,-55.602386,1.51));
#12416 = DIRECTION('',(-0.,0.,-1.));
#12417 = DIRECTION('',(-0.,-1.,0.));
#12418 = FACE_BOUND('',#12419,.T.);
#12419 = EDGE_LOOP('',(#12420));
#12420 = ORIENTED_EDGE('',*,*,#12421,.T.);
#12421 = EDGE_CURVE('',#12422,#12422,#12424,.T.);
#12422 = VERTEX_POINT('',#12423);
#12423 = CARTESIAN_POINT('',(177.420897,-53.812386,1.51));
#12424 = CIRCLE('',#12425,0.75);
#12425 = AXIS2_PLACEMENT_3D('',#12426,#12427,#12428);
#12426 = CARTESIAN_POINT('',(177.420897,-53.062386,1.51));
#12427 = DIRECTION('',(-0.,0.,-1.));
#12428 = DIRECTION('',(-0.,-1.,0.));
#12429 = FACE_BOUND('',#12430,.T.);
#12430 = EDGE_LOOP('',(#12431));
#12431 = ORIENTED_EDGE('',*,*,#12432,.T.);
#12432 = EDGE_CURVE('',#12433,#12433,#12435,.T.);
#12433 = VERTEX_POINT('',#12434);
#12434 = CARTESIAN_POINT('',(189.444647,-58.992386,1.51));
#12435 = CIRCLE('',#12436,0.85);
#12436 = AXIS2_PLACEMENT_3D('',#12437,#12438,#12439);
#12437 = CARTESIAN_POINT('',(189.444647,-58.142386,1.51));
#12438 = DIRECTION('',(-0.,0.,-1.));
#12439 = DIRECTION('',(-0.,-1.,0.));
#12440 = FACE_BOUND('',#12441,.T.);
#12441 = EDGE_LOOP('',(#12442));
#12442 = ORIENTED_EDGE('',*,*,#12443,.T.);
#12443 = EDGE_CURVE('',#12444,#12444,#12446,.T.);
#12444 = VERTEX_POINT('',#12445);
#12445 = CARTESIAN_POINT('',(194.524647,-60.142386,1.51));
#12446 = CIRCLE('',#12447,2.);
#12447 = AXIS2_PLACEMENT_3D('',#12448,#12449,#12450);
#12448 = CARTESIAN_POINT('',(194.524647,-58.142386,1.51));
#12449 = DIRECTION('',(-0.,0.,-1.));
#12450 = DIRECTION('',(-0.,-1.,0.));
#12451 = FACE_BOUND('',#12452,.T.);
#12452 = EDGE_LOOP('',(#12453));
#12453 = ORIENTED_EDGE('',*,*,#12454,.T.);
#12454 = EDGE_CURVE('',#12455,#12455,#12457,.T.);
#12455 = VERTEX_POINT('',#12456);
#12456 = CARTESIAN_POINT('',(199.604647,-58.992386,1.51));
#12457 = CIRCLE('',#12458,0.85);
#12458 = AXIS2_PLACEMENT_3D('',#12459,#12460,#12461);
#12459 = CARTESIAN_POINT('',(199.604647,-58.142386,1.51));
#12460 = DIRECTION('',(-0.,0.,-1.));
#12461 = DIRECTION('',(-0.,-1.,0.));
#12462 = FACE_BOUND('',#12463,.T.);
#12463 = EDGE_LOOP('',(#12464));
#12464 = ORIENTED_EDGE('',*,*,#12465,.T.);
#12465 = EDGE_CURVE('',#12466,#12466,#12468,.T.);
#12466 = VERTEX_POINT('',#12467);
#12467 = CARTESIAN_POINT('',(209.294647,-58.870471,1.51));
#12468 = CIRCLE('',#12469,0.85);
#12469 = AXIS2_PLACEMENT_3D('',#12470,#12471,#12472);
#12470 = CARTESIAN_POINT('',(209.294647,-58.020471,1.51));
#12471 = DIRECTION('',(-0.,0.,-1.));
#12472 = DIRECTION('',(-0.,-1.,0.));
#12473 = FACE_BOUND('',#12474,.T.);
#12474 = EDGE_LOOP('',(#12475));
#12475 = ORIENTED_EDGE('',*,*,#12476,.T.);
#12476 = EDGE_CURVE('',#12477,#12477,#12479,.T.);
#12477 = VERTEX_POINT('',#12478);
#12478 = CARTESIAN_POINT('',(214.374647,-60.020471,1.51));
#12479 = CIRCLE('',#12480,2.);
#12480 = AXIS2_PLACEMENT_3D('',#12481,#12482,#12483);
#12481 = CARTESIAN_POINT('',(214.374647,-58.020471,1.51));
#12482 = DIRECTION('',(-0.,0.,-1.));
#12483 = DIRECTION('',(-0.,-1.,0.));
#12484 = FACE_BOUND('',#12485,.T.);
#12485 = EDGE_LOOP('',(#12486));
#12486 = ORIENTED_EDGE('',*,*,#12487,.T.);
#12487 = EDGE_CURVE('',#12488,#12488,#12490,.T.);
#12488 = VERTEX_POINT('',#12489);
#12489 = CARTESIAN_POINT('',(219.454647,-58.870471,1.51));
#12490 = CIRCLE('',#12491,0.85);
#12491 = AXIS2_PLACEMENT_3D('',#12492,#12493,#12494);
#12492 = CARTESIAN_POINT('',(219.454647,-58.020471,1.51));
#12493 = DIRECTION('',(-0.,0.,-1.));
#12494 = DIRECTION('',(-0.,-1.,0.));
#12495 = FACE_BOUND('',#12496,.T.);
#12496 = EDGE_LOOP('',(#12497));
#12497 = ORIENTED_EDGE('',*,*,#12498,.T.);
#12498 = EDGE_CURVE('',#12499,#12499,#12501,.T.);
#12499 = VERTEX_POINT('',#12500);
#12500 = CARTESIAN_POINT('',(190.714647,-56.352386,1.51));
#12501 = CIRCLE('',#12502,0.75);
#12502 = AXIS2_PLACEMENT_3D('',#12503,#12504,#12505);
#12503 = CARTESIAN_POINT('',(190.714647,-55.602386,1.51));
#12504 = DIRECTION('',(-0.,0.,-1.));
#12505 = DIRECTION('',(-0.,-1.,0.));
#12506 = FACE_BOUND('',#12507,.T.);
#12507 = EDGE_LOOP('',(#12508));
#12508 = ORIENTED_EDGE('',*,*,#12509,.T.);
#12509 = EDGE_CURVE('',#12510,#12510,#12512,.T.);
#12510 = VERTEX_POINT('',#12511);
#12511 = CARTESIAN_POINT('',(197.064647,-53.812386,1.51));
#12512 = CIRCLE('',#12513,0.75);
#12513 = AXIS2_PLACEMENT_3D('',#12514,#12515,#12516);
#12514 = CARTESIAN_POINT('',(197.064647,-53.062386,1.51));
#12515 = DIRECTION('',(-0.,0.,-1.));
#12516 = DIRECTION('',(-0.,-1.,0.));
#12517 = FACE_BOUND('',#12518,.T.);
#12518 = EDGE_LOOP('',(#12519));
#12519 = ORIENTED_EDGE('',*,*,#12520,.T.);
#12520 = EDGE_CURVE('',#12521,#12521,#12523,.T.);
#12521 = VERTEX_POINT('',#12522);
#12522 = CARTESIAN_POINT('',(210.564647,-56.230471,1.51));
#12523 = CIRCLE('',#12524,0.75);
#12524 = AXIS2_PLACEMENT_3D('',#12525,#12526,#12527);
#12525 = CARTESIAN_POINT('',(210.564647,-55.480471,1.51));
#12526 = DIRECTION('',(-0.,0.,-1.));
#12527 = DIRECTION('',(-0.,-1.,0.));
#12528 = FACE_BOUND('',#12529,.T.);
#12529 = EDGE_LOOP('',(#12530));
#12530 = ORIENTED_EDGE('',*,*,#12531,.T.);
#12531 = EDGE_CURVE('',#12532,#12532,#12534,.T.);
#12532 = VERTEX_POINT('',#12533);
#12533 = CARTESIAN_POINT('',(216.914647,-53.690471,1.51));
#12534 = CIRCLE('',#12535,0.75);
#12535 = AXIS2_PLACEMENT_3D('',#12536,#12537,#12538);
#12536 = CARTESIAN_POINT('',(216.914647,-52.940471,1.51));
#12537 = DIRECTION('',(-0.,0.,-1.));
#12538 = DIRECTION('',(-0.,-1.,0.));
#12539 = FACE_BOUND('',#12540,.T.);
#12540 = EDGE_LOOP('',(#12541));
#12541 = ORIENTED_EDGE('',*,*,#12542,.T.);
#12542 = EDGE_CURVE('',#12543,#12543,#12545,.T.);
#12543 = VERTEX_POINT('',#12544);
#12544 = CARTESIAN_POINT('',(234.5,-45.55,1.51));
#12545 = CIRCLE('',#12546,1.05);
#12546 = AXIS2_PLACEMENT_3D('',#12547,#12548,#12549);
#12547 = CARTESIAN_POINT('',(234.5,-44.5,1.51));
#12548 = DIRECTION('',(-0.,0.,-1.));
#12549 = DIRECTION('',(-0.,-1.,0.));
#12550 = PLANE('',#12551);
#12551 = AXIS2_PLACEMENT_3D('',#12552,#12553,#12554);
#12552 = CARTESIAN_POINT('',(0.,0.,1.51));
#12553 = DIRECTION('',(0.,0.,1.));
#12554 = DIRECTION('',(1.,0.,-0.));
#12555 = ADVANCED_FACE('',(#12556),#12562,.T.);
#12556 = FACE_BOUND('',#12557,.T.);
#12557 = EDGE_LOOP('',(#12558,#12559,#12560,#12561));
#12558 = ORIENTED_EDGE('',*,*,#6915,.T.);
#12559 = ORIENTED_EDGE('',*,*,#9750,.T.);
#12560 = ORIENTED_EDGE('',*,*,#6875,.F.);
#12561 = ORIENTED_EDGE('',*,*,#6939,.F.);
#12562 = PLANE('',#12563);
#12563 = AXIS2_PLACEMENT_3D('',#12564,#12565,#12566);
#12564 = CARTESIAN_POINT('',(23.041201,-41.696668,0.));
#12565 = DIRECTION('',(0.,1.,0.));
#12566 = DIRECTION('',(1.,0.,0.));
#12567 = ADVANCED_FACE('',(#12568),#12579,.F.);
#12568 = FACE_BOUND('',#12569,.T.);
#12569 = EDGE_LOOP('',(#12570,#12571,#12577,#12578));
#12570 = ORIENTED_EDGE('',*,*,#6948,.T.);
#12571 = ORIENTED_EDGE('',*,*,#12572,.T.);
#12572 = EDGE_CURVE('',#6949,#9760,#12573,.T.);
#12573 = LINE('',#12574,#12575);
#12574 = CARTESIAN_POINT('',(25.5,-156.55,-4.6E-02));
#12575 = VECTOR('',#12576,1.);
#12576 = DIRECTION('',(0.,0.,1.));
#12577 = ORIENTED_EDGE('',*,*,#9759,.F.);
#12578 = ORIENTED_EDGE('',*,*,#12572,.F.);
#12579 = CYLINDRICAL_SURFACE('',#12580,1.05);
#12580 = AXIS2_PLACEMENT_3D('',#12581,#12582,#12583);
#12581 = CARTESIAN_POINT('',(25.5,-155.5,-4.6E-02));
#12582 = DIRECTION('',(-0.,-0.,-1.));
#12583 = DIRECTION('',(-0.,-1.,0.));
#12584 = ADVANCED_FACE('',(#12585),#12596,.F.);
#12585 = FACE_BOUND('',#12586,.T.);
#12586 = EDGE_LOOP('',(#12587,#12588,#12594,#12595));
#12587 = ORIENTED_EDGE('',*,*,#6959,.T.);
#12588 = ORIENTED_EDGE('',*,*,#12589,.T.);
#12589 = EDGE_CURVE('',#6960,#9771,#12590,.T.);
#12590 = LINE('',#12591,#12592);
#12591 = CARTESIAN_POINT('',(32.294647,-145.370471,-4.6E-02));
#12592 = VECTOR('',#12593,1.);
#12593 = DIRECTION('',(0.,0.,1.));
#12594 = ORIENTED_EDGE('',*,*,#9770,.F.);
#12595 = ORIENTED_EDGE('',*,*,#12589,.F.);
#12596 = CYLINDRICAL_SURFACE('',#12597,0.85);
#12597 = AXIS2_PLACEMENT_3D('',#12598,#12599,#12600);
#12598 = CARTESIAN_POINT('',(32.294647,-144.520471,-4.6E-02));
#12599 = DIRECTION('',(-0.,-0.,-1.));
#12600 = DIRECTION('',(-0.,-1.,0.));
#12601 = ADVANCED_FACE('',(#12602),#12613,.F.);
#12602 = FACE_BOUND('',#12603,.T.);
#12603 = EDGE_LOOP('',(#12604,#12605,#12611,#12612));
#12604 = ORIENTED_EDGE('',*,*,#6970,.T.);
#12605 = ORIENTED_EDGE('',*,*,#12606,.T.);
#12606 = EDGE_CURVE('',#6971,#9782,#12607,.T.);
#12607 = LINE('',#12608,#12609);
#12608 = CARTESIAN_POINT('',(37.374647,-146.520471,-4.6E-02));
#12609 = VECTOR('',#12610,1.);
#12610 = DIRECTION('',(0.,0.,1.));
#12611 = ORIENTED_EDGE('',*,*,#9781,.F.);
#12612 = ORIENTED_EDGE('',*,*,#12606,.F.);
#12613 = CYLINDRICAL_SURFACE('',#12614,2.);
#12614 = AXIS2_PLACEMENT_3D('',#12615,#12616,#12617);
#12615 = CARTESIAN_POINT('',(37.374647,-144.520471,-4.6E-02));
#12616 = DIRECTION('',(-0.,-0.,-1.));
#12617 = DIRECTION('',(-0.,-1.,0.));
#12618 = ADVANCED_FACE('',(#12619),#12630,.F.);
#12619 = FACE_BOUND('',#12620,.T.);
#12620 = EDGE_LOOP('',(#12621,#12622,#12628,#12629));
#12621 = ORIENTED_EDGE('',*,*,#6981,.T.);
#12622 = ORIENTED_EDGE('',*,*,#12623,.T.);
#12623 = EDGE_CURVE('',#6982,#9793,#12624,.T.);
#12624 = LINE('',#12625,#12626);
#12625 = CARTESIAN_POINT('',(42.454647,-145.370471,-4.6E-02));
#12626 = VECTOR('',#12627,1.);
#12627 = DIRECTION('',(0.,0.,1.));
#12628 = ORIENTED_EDGE('',*,*,#9792,.F.);
#12629 = ORIENTED_EDGE('',*,*,#12623,.F.);
#12630 = CYLINDRICAL_SURFACE('',#12631,0.85);
#12631 = AXIS2_PLACEMENT_3D('',#12632,#12633,#12634);
#12632 = CARTESIAN_POINT('',(42.454647,-144.520471,-4.6E-02));
#12633 = DIRECTION('',(-0.,-0.,-1.));
#12634 = DIRECTION('',(-0.,-1.,0.));
#12635 = ADVANCED_FACE('',(#12636),#12647,.F.);
#12636 = FACE_BOUND('',#12637,.T.);
#12637 = EDGE_LOOP('',(#12638,#12639,#12645,#12646));
#12638 = ORIENTED_EDGE('',*,*,#6992,.T.);
#12639 = ORIENTED_EDGE('',*,*,#12640,.T.);
#12640 = EDGE_CURVE('',#6993,#9804,#12641,.T.);
#12641 = LINE('',#12642,#12643);
#12642 = CARTESIAN_POINT('',(51.810974,-145.005068,-4.6E-02));
#12643 = VECTOR('',#12644,1.);
#12644 = DIRECTION('',(0.,0.,1.));
#12645 = ORIENTED_EDGE('',*,*,#9803,.F.);
#12646 = ORIENTED_EDGE('',*,*,#12640,.F.);
#12647 = CYLINDRICAL_SURFACE('',#12648,0.85);
#12648 = AXIS2_PLACEMENT_3D('',#12649,#12650,#12651);
#12649 = CARTESIAN_POINT('',(51.810974,-144.155068,-4.6E-02));
#12650 = DIRECTION('',(-0.,-0.,-1.));
#12651 = DIRECTION('',(-0.,-1.,0.));
#12652 = ADVANCED_FACE('',(#12653),#12664,.F.);
#12653 = FACE_BOUND('',#12654,.T.);
#12654 = EDGE_LOOP('',(#12655,#12656,#12662,#12663));
#12655 = ORIENTED_EDGE('',*,*,#7003,.T.);
#12656 = ORIENTED_EDGE('',*,*,#12657,.T.);
#12657 = EDGE_CURVE('',#7004,#9815,#12658,.T.);
#12658 = LINE('',#12659,#12660);
#12659 = CARTESIAN_POINT('',(56.890974,-146.155068,-4.6E-02));
#12660 = VECTOR('',#12661,1.);
#12661 = DIRECTION('',(0.,0.,1.));
#12662 = ORIENTED_EDGE('',*,*,#9814,.F.);
#12663 = ORIENTED_EDGE('',*,*,#12657,.F.);
#12664 = CYLINDRICAL_SURFACE('',#12665,2.);
#12665 = AXIS2_PLACEMENT_3D('',#12666,#12667,#12668);
#12666 = CARTESIAN_POINT('',(56.890974,-144.155068,-4.6E-02));
#12667 = DIRECTION('',(-0.,-0.,-1.));
#12668 = DIRECTION('',(-0.,-1.,0.));
#12669 = ADVANCED_FACE('',(#12670),#12681,.F.);
#12670 = FACE_BOUND('',#12671,.T.);
#12671 = EDGE_LOOP('',(#12672,#12673,#12679,#12680));
#12672 = ORIENTED_EDGE('',*,*,#7014,.T.);
#12673 = ORIENTED_EDGE('',*,*,#12674,.T.);
#12674 = EDGE_CURVE('',#7015,#9826,#12675,.T.);
#12675 = LINE('',#12676,#12677);
#12676 = CARTESIAN_POINT('',(61.970974,-145.005068,-4.6E-02));
#12677 = VECTOR('',#12678,1.);
#12678 = DIRECTION('',(0.,0.,1.));
#12679 = ORIENTED_EDGE('',*,*,#9825,.F.);
#12680 = ORIENTED_EDGE('',*,*,#12674,.F.);
#12681 = CYLINDRICAL_SURFACE('',#12682,0.85);
#12682 = AXIS2_PLACEMENT_3D('',#12683,#12684,#12685);
#12683 = CARTESIAN_POINT('',(61.970974,-144.155068,-4.6E-02));
#12684 = DIRECTION('',(-0.,-0.,-1.));
#12685 = DIRECTION('',(-0.,-1.,0.));
#12686 = ADVANCED_FACE('',(#12687),#12698,.F.);
#12687 = FACE_BOUND('',#12688,.T.);
#12688 = EDGE_LOOP('',(#12689,#12690,#12696,#12697));
#12689 = ORIENTED_EDGE('',*,*,#7025,.T.);
#12690 = ORIENTED_EDGE('',*,*,#12691,.T.);
#12691 = EDGE_CURVE('',#7026,#9837,#12692,.T.);
#12692 = LINE('',#12693,#12694);
#12693 = CARTESIAN_POINT('',(71.549802,-145.573792,-4.6E-02));
#12694 = VECTOR('',#12695,1.);
#12695 = DIRECTION('',(0.,0.,1.));
#12696 = ORIENTED_EDGE('',*,*,#9836,.F.);
#12697 = ORIENTED_EDGE('',*,*,#12691,.F.);
#12698 = CYLINDRICAL_SURFACE('',#12699,0.85);
#12699 = AXIS2_PLACEMENT_3D('',#12700,#12701,#12702);
#12700 = CARTESIAN_POINT('',(71.549802,-144.723792,-4.6E-02));
#12701 = DIRECTION('',(-0.,-0.,-1.));
#12702 = DIRECTION('',(-0.,-1.,0.));
#12703 = ADVANCED_FACE('',(#12704),#12715,.F.);
#12704 = FACE_BOUND('',#12705,.T.);
#12705 = EDGE_LOOP('',(#12706,#12707,#12713,#12714));
#12706 = ORIENTED_EDGE('',*,*,#7036,.T.);
#12707 = ORIENTED_EDGE('',*,*,#12708,.T.);
#12708 = EDGE_CURVE('',#7037,#9848,#12709,.T.);
#12709 = LINE('',#12710,#12711);
#12710 = CARTESIAN_POINT('',(76.629802,-146.723792,-4.6E-02));
#12711 = VECTOR('',#12712,1.);
#12712 = DIRECTION('',(0.,0.,1.));
#12713 = ORIENTED_EDGE('',*,*,#9847,.F.);
#12714 = ORIENTED_EDGE('',*,*,#12708,.F.);
#12715 = CYLINDRICAL_SURFACE('',#12716,2.);
#12716 = AXIS2_PLACEMENT_3D('',#12717,#12718,#12719);
#12717 = CARTESIAN_POINT('',(76.629802,-144.723792,-4.6E-02));
#12718 = DIRECTION('',(-0.,-0.,-1.));
#12719 = DIRECTION('',(-0.,-1.,0.));
#12720 = ADVANCED_FACE('',(#12721),#12732,.F.);
#12721 = FACE_BOUND('',#12722,.T.);
#12722 = EDGE_LOOP('',(#12723,#12724,#12730,#12731));
#12723 = ORIENTED_EDGE('',*,*,#7047,.T.);
#12724 = ORIENTED_EDGE('',*,*,#12725,.T.);
#12725 = EDGE_CURVE('',#7048,#9859,#12726,.T.);
#12726 = LINE('',#12727,#12728);
#12727 = CARTESIAN_POINT('',(33.564647,-142.730471,-4.6E-02));
#12728 = VECTOR('',#12729,1.);
#12729 = DIRECTION('',(0.,0.,1.));
#12730 = ORIENTED_EDGE('',*,*,#9858,.F.);
#12731 = ORIENTED_EDGE('',*,*,#12725,.F.);
#12732 = CYLINDRICAL_SURFACE('',#12733,0.75);
#12733 = AXIS2_PLACEMENT_3D('',#12734,#12735,#12736);
#12734 = CARTESIAN_POINT('',(33.564647,-141.980471,-4.6E-02));
#12735 = DIRECTION('',(-0.,-0.,-1.));
#12736 = DIRECTION('',(-0.,-1.,0.));
#12737 = ADVANCED_FACE('',(#12738),#12749,.F.);
#12738 = FACE_BOUND('',#12739,.T.);
#12739 = EDGE_LOOP('',(#12740,#12741,#12747,#12748));
#12740 = ORIENTED_EDGE('',*,*,#7058,.T.);
#12741 = ORIENTED_EDGE('',*,*,#12742,.T.);
#12742 = EDGE_CURVE('',#7059,#9870,#12743,.T.);
#12743 = LINE('',#12744,#12745);
#12744 = CARTESIAN_POINT('',(39.914647,-140.190471,-4.6E-02));
#12745 = VECTOR('',#12746,1.);
#12746 = DIRECTION('',(0.,0.,1.));
#12747 = ORIENTED_EDGE('',*,*,#9869,.F.);
#12748 = ORIENTED_EDGE('',*,*,#12742,.F.);
#12749 = CYLINDRICAL_SURFACE('',#12750,0.75);
#12750 = AXIS2_PLACEMENT_3D('',#12751,#12752,#12753);
#12751 = CARTESIAN_POINT('',(39.914647,-139.440471,-4.6E-02));
#12752 = DIRECTION('',(-0.,-0.,-1.));
#12753 = DIRECTION('',(-0.,-1.,0.));
#12754 = ADVANCED_FACE('',(#12755),#12766,.F.);
#12755 = FACE_BOUND('',#12756,.T.);
#12756 = EDGE_LOOP('',(#12757,#12758,#12764,#12765));
#12757 = ORIENTED_EDGE('',*,*,#7069,.T.);
#12758 = ORIENTED_EDGE('',*,*,#12759,.T.);
#12759 = EDGE_CURVE('',#7070,#9881,#12760,.T.);
#12760 = LINE('',#12761,#12762);
#12761 = CARTESIAN_POINT('',(53.080974,-142.365068,-4.6E-02));
#12762 = VECTOR('',#12763,1.);
#12763 = DIRECTION('',(0.,0.,1.));
#12764 = ORIENTED_EDGE('',*,*,#9880,.F.);
#12765 = ORIENTED_EDGE('',*,*,#12759,.F.);
#12766 = CYLINDRICAL_SURFACE('',#12767,0.75);
#12767 = AXIS2_PLACEMENT_3D('',#12768,#12769,#12770);
#12768 = CARTESIAN_POINT('',(53.080974,-141.615068,-4.6E-02));
#12769 = DIRECTION('',(-0.,-0.,-1.));
#12770 = DIRECTION('',(-0.,-1.,0.));
#12771 = ADVANCED_FACE('',(#12772),#12783,.F.);
#12772 = FACE_BOUND('',#12773,.T.);
#12773 = EDGE_LOOP('',(#12774,#12775,#12781,#12782));
#12774 = ORIENTED_EDGE('',*,*,#7080,.T.);
#12775 = ORIENTED_EDGE('',*,*,#12776,.T.);
#12776 = EDGE_CURVE('',#7081,#9892,#12777,.T.);
#12777 = LINE('',#12778,#12779);
#12778 = CARTESIAN_POINT('',(59.430974,-139.825068,-4.6E-02));
#12779 = VECTOR('',#12780,1.);
#12780 = DIRECTION('',(0.,0.,1.));
#12781 = ORIENTED_EDGE('',*,*,#9891,.F.);
#12782 = ORIENTED_EDGE('',*,*,#12776,.F.);
#12783 = CYLINDRICAL_SURFACE('',#12784,0.75);
#12784 = AXIS2_PLACEMENT_3D('',#12785,#12786,#12787);
#12785 = CARTESIAN_POINT('',(59.430974,-139.075068,-4.6E-02));
#12786 = DIRECTION('',(-0.,-0.,-1.));
#12787 = DIRECTION('',(-0.,-1.,0.));
#12788 = ADVANCED_FACE('',(#12789),#12800,.F.);
#12789 = FACE_BOUND('',#12790,.T.);
#12790 = EDGE_LOOP('',(#12791,#12792,#12798,#12799));
#12791 = ORIENTED_EDGE('',*,*,#7091,.T.);
#12792 = ORIENTED_EDGE('',*,*,#12793,.T.);
#12793 = EDGE_CURVE('',#7092,#9903,#12794,.T.);
#12794 = LINE('',#12795,#12796);
#12795 = CARTESIAN_POINT('',(72.819802,-142.933792,-4.6E-02));
#12796 = VECTOR('',#12797,1.);
#12797 = DIRECTION('',(0.,0.,1.));
#12798 = ORIENTED_EDGE('',*,*,#9902,.F.);
#12799 = ORIENTED_EDGE('',*,*,#12793,.F.);
#12800 = CYLINDRICAL_SURFACE('',#12801,0.75);
#12801 = AXIS2_PLACEMENT_3D('',#12802,#12803,#12804);
#12802 = CARTESIAN_POINT('',(72.819802,-142.183792,-4.6E-02));
#12803 = DIRECTION('',(-0.,-0.,-1.));
#12804 = DIRECTION('',(-0.,-1.,0.));
#12805 = ADVANCED_FACE('',(#12806),#12817,.F.);
#12806 = FACE_BOUND('',#12807,.T.);
#12807 = EDGE_LOOP('',(#12808,#12809,#12815,#12816));
#12808 = ORIENTED_EDGE('',*,*,#7102,.T.);
#12809 = ORIENTED_EDGE('',*,*,#12810,.T.);
#12810 = EDGE_CURVE('',#7103,#9914,#12811,.T.);
#12811 = LINE('',#12812,#12813);
#12812 = CARTESIAN_POINT('',(81.709802,-145.573792,-4.6E-02));
#12813 = VECTOR('',#12814,1.);
#12814 = DIRECTION('',(0.,0.,1.));
#12815 = ORIENTED_EDGE('',*,*,#9913,.F.);
#12816 = ORIENTED_EDGE('',*,*,#12810,.F.);
#12817 = CYLINDRICAL_SURFACE('',#12818,0.85);
#12818 = AXIS2_PLACEMENT_3D('',#12819,#12820,#12821);
#12819 = CARTESIAN_POINT('',(81.709802,-144.723792,-4.6E-02));
#12820 = DIRECTION('',(-0.,-0.,-1.));
#12821 = DIRECTION('',(-0.,-1.,0.));
#12822 = ADVANCED_FACE('',(#12823),#12834,.F.);
#12823 = FACE_BOUND('',#12824,.T.);
#12824 = EDGE_LOOP('',(#12825,#12826,#12832,#12833));
#12825 = ORIENTED_EDGE('',*,*,#7113,.T.);
#12826 = ORIENTED_EDGE('',*,*,#12827,.T.);
#12827 = EDGE_CURVE('',#7114,#9925,#12828,.T.);
#12828 = LINE('',#12829,#12830);
#12829 = CARTESIAN_POINT('',(91.161773,-145.283131,-4.6E-02));
#12830 = VECTOR('',#12831,1.);
#12831 = DIRECTION('',(0.,0.,1.));
#12832 = ORIENTED_EDGE('',*,*,#9924,.F.);
#12833 = ORIENTED_EDGE('',*,*,#12827,.F.);
#12834 = CYLINDRICAL_SURFACE('',#12835,0.85);
#12835 = AXIS2_PLACEMENT_3D('',#12836,#12837,#12838);
#12836 = CARTESIAN_POINT('',(91.161773,-144.433131,-4.6E-02));
#12837 = DIRECTION('',(-0.,-0.,-1.));
#12838 = DIRECTION('',(-1.671865260612E-14,-1.,0.));
#12839 = ADVANCED_FACE('',(#12840),#12851,.F.);
#12840 = FACE_BOUND('',#12841,.T.);
#12841 = EDGE_LOOP('',(#12842,#12843,#12849,#12850));
#12842 = ORIENTED_EDGE('',*,*,#7124,.T.);
#12843 = ORIENTED_EDGE('',*,*,#12844,.T.);
#12844 = EDGE_CURVE('',#7125,#9936,#12845,.T.);
#12845 = LINE('',#12846,#12847);
#12846 = CARTESIAN_POINT('',(96.241773,-146.433131,-4.6E-02));
#12847 = VECTOR('',#12848,1.);
#12848 = DIRECTION('',(0.,0.,1.));
#12849 = ORIENTED_EDGE('',*,*,#9935,.F.);
#12850 = ORIENTED_EDGE('',*,*,#12844,.F.);
#12851 = CYLINDRICAL_SURFACE('',#12852,2.);
#12852 = AXIS2_PLACEMENT_3D('',#12853,#12854,#12855);
#12853 = CARTESIAN_POINT('',(96.241773,-144.433131,-4.6E-02));
#12854 = DIRECTION('',(-0.,-0.,-1.));
#12855 = DIRECTION('',(-0.,-1.,0.));
#12856 = ADVANCED_FACE('',(#12857),#12868,.F.);
#12857 = FACE_BOUND('',#12858,.T.);
#12858 = EDGE_LOOP('',(#12859,#12860,#12866,#12867));
#12859 = ORIENTED_EDGE('',*,*,#7135,.T.);
#12860 = ORIENTED_EDGE('',*,*,#12861,.T.);
#12861 = EDGE_CURVE('',#7136,#9947,#12862,.T.);
#12862 = LINE('',#12863,#12864);
#12863 = CARTESIAN_POINT('',(101.321773,-145.283131,-4.6E-02));
#12864 = VECTOR('',#12865,1.);
#12865 = DIRECTION('',(0.,0.,1.));
#12866 = ORIENTED_EDGE('',*,*,#9946,.F.);
#12867 = ORIENTED_EDGE('',*,*,#12861,.F.);
#12868 = CYLINDRICAL_SURFACE('',#12869,0.85);
#12869 = AXIS2_PLACEMENT_3D('',#12870,#12871,#12872);
#12870 = CARTESIAN_POINT('',(101.321773,-144.433131,-4.6E-02));
#12871 = DIRECTION('',(-0.,-0.,-1.));
#12872 = DIRECTION('',(-1.671865260612E-14,-1.,0.));
#12873 = ADVANCED_FACE('',(#12874),#12885,.F.);
#12874 = FACE_BOUND('',#12875,.T.);
#12875 = EDGE_LOOP('',(#12876,#12877,#12883,#12884));
#12876 = ORIENTED_EDGE('',*,*,#7146,.T.);
#12877 = ORIENTED_EDGE('',*,*,#12878,.T.);
#12878 = EDGE_CURVE('',#7147,#9958,#12879,.T.);
#12879 = LINE('',#12880,#12881);
#12880 = CARTESIAN_POINT('',(110.592662,-145.122986,-4.6E-02));
#12881 = VECTOR('',#12882,1.);
#12882 = DIRECTION('',(0.,0.,1.));
#12883 = ORIENTED_EDGE('',*,*,#9957,.F.);
#12884 = ORIENTED_EDGE('',*,*,#12878,.F.);
#12885 = CYLINDRICAL_SURFACE('',#12886,0.85);
#12886 = AXIS2_PLACEMENT_3D('',#12887,#12888,#12889);
#12887 = CARTESIAN_POINT('',(110.592662,-144.272986,-4.6E-02));
#12888 = DIRECTION('',(-0.,0.,-1.));
#12889 = DIRECTION('',(1.671865260612E-14,-1.,-0.));
#12890 = ADVANCED_FACE('',(#12891),#12902,.F.);
#12891 = FACE_BOUND('',#12892,.T.);
#12892 = EDGE_LOOP('',(#12893,#12894,#12900,#12901));
#12893 = ORIENTED_EDGE('',*,*,#7157,.T.);
#12894 = ORIENTED_EDGE('',*,*,#12895,.T.);
#12895 = EDGE_CURVE('',#7158,#9969,#12896,.T.);
#12896 = LINE('',#12897,#12898);
#12897 = CARTESIAN_POINT('',(115.672662,-146.272986,-4.6E-02));
#12898 = VECTOR('',#12899,1.);
#12899 = DIRECTION('',(0.,0.,1.));
#12900 = ORIENTED_EDGE('',*,*,#9968,.F.);
#12901 = ORIENTED_EDGE('',*,*,#12895,.F.);
#12902 = CYLINDRICAL_SURFACE('',#12903,2.);
#12903 = AXIS2_PLACEMENT_3D('',#12904,#12905,#12906);
#12904 = CARTESIAN_POINT('',(115.672662,-144.272986,-4.6E-02));
#12905 = DIRECTION('',(-0.,-0.,-1.));
#12906 = DIRECTION('',(-0.,-1.,0.));
#12907 = ADVANCED_FACE('',(#12908),#12919,.F.);
#12908 = FACE_BOUND('',#12909,.T.);
#12909 = EDGE_LOOP('',(#12910,#12911,#12917,#12918));
#12910 = ORIENTED_EDGE('',*,*,#7168,.T.);
#12911 = ORIENTED_EDGE('',*,*,#12912,.T.);
#12912 = EDGE_CURVE('',#7169,#9980,#12913,.T.);
#12913 = LINE('',#12914,#12915);
#12914 = CARTESIAN_POINT('',(120.752662,-145.122986,-4.6E-02));
#12915 = VECTOR('',#12916,1.);
#12916 = DIRECTION('',(0.,0.,1.));
#12917 = ORIENTED_EDGE('',*,*,#9979,.F.);
#12918 = ORIENTED_EDGE('',*,*,#12912,.F.);
#12919 = CYLINDRICAL_SURFACE('',#12920,0.85);
#12920 = AXIS2_PLACEMENT_3D('',#12921,#12922,#12923);
#12921 = CARTESIAN_POINT('',(120.752662,-144.272986,-4.6E-02));
#12922 = DIRECTION('',(-0.,-0.,-1.));
#12923 = DIRECTION('',(-0.,-1.,0.));
#12924 = ADVANCED_FACE('',(#12925),#12936,.F.);
#12925 = FACE_BOUND('',#12926,.T.);
#12926 = EDGE_LOOP('',(#12927,#12928,#12934,#12935));
#12927 = ORIENTED_EDGE('',*,*,#7179,.T.);
#12928 = ORIENTED_EDGE('',*,*,#12929,.T.);
#12929 = EDGE_CURVE('',#7180,#9991,#12930,.T.);
#12930 = LINE('',#12931,#12932);
#12931 = CARTESIAN_POINT('',(129.883991,-145.086108,-4.6E-02));
#12932 = VECTOR('',#12933,1.);
#12933 = DIRECTION('',(0.,0.,1.));
#12934 = ORIENTED_EDGE('',*,*,#9990,.F.);
#12935 = ORIENTED_EDGE('',*,*,#12929,.F.);
#12936 = CYLINDRICAL_SURFACE('',#12937,0.85);
#12937 = AXIS2_PLACEMENT_3D('',#12938,#12939,#12940);
#12938 = CARTESIAN_POINT('',(129.883991,-144.236108,-4.6E-02));
#12939 = DIRECTION('',(-0.,0.,-1.));
#12940 = DIRECTION('',(3.343730521224E-14,-1.,-0.));
#12941 = ADVANCED_FACE('',(#12942),#12953,.F.);
#12942 = FACE_BOUND('',#12943,.T.);
#12943 = EDGE_LOOP('',(#12944,#12945,#12951,#12952));
#12944 = ORIENTED_EDGE('',*,*,#7190,.T.);
#12945 = ORIENTED_EDGE('',*,*,#12946,.T.);
#12946 = EDGE_CURVE('',#7191,#10002,#12947,.T.);
#12947 = LINE('',#12948,#12949);
#12948 = CARTESIAN_POINT('',(79.169802,-140.393792,-4.6E-02));
#12949 = VECTOR('',#12950,1.);
#12950 = DIRECTION('',(0.,0.,1.));
#12951 = ORIENTED_EDGE('',*,*,#10001,.F.);
#12952 = ORIENTED_EDGE('',*,*,#12946,.F.);
#12953 = CYLINDRICAL_SURFACE('',#12954,0.75);
#12954 = AXIS2_PLACEMENT_3D('',#12955,#12956,#12957);
#12955 = CARTESIAN_POINT('',(79.169802,-139.643792,-4.6E-02));
#12956 = DIRECTION('',(-0.,-0.,-1.));
#12957 = DIRECTION('',(-0.,-1.,0.));
#12958 = ADVANCED_FACE('',(#12959),#12970,.F.);
#12959 = FACE_BOUND('',#12960,.T.);
#12960 = EDGE_LOOP('',(#12961,#12962,#12968,#12969));
#12961 = ORIENTED_EDGE('',*,*,#7201,.T.);
#12962 = ORIENTED_EDGE('',*,*,#12963,.T.);
#12963 = EDGE_CURVE('',#7202,#10013,#12964,.T.);
#12964 = LINE('',#12965,#12966);
#12965 = CARTESIAN_POINT('',(92.431773,-142.643131,-4.6E-02));
#12966 = VECTOR('',#12967,1.);
#12967 = DIRECTION('',(0.,0.,1.));
#12968 = ORIENTED_EDGE('',*,*,#10012,.F.);
#12969 = ORIENTED_EDGE('',*,*,#12963,.F.);
#12970 = CYLINDRICAL_SURFACE('',#12971,0.75);
#12971 = AXIS2_PLACEMENT_3D('',#12972,#12973,#12974);
#12972 = CARTESIAN_POINT('',(92.431773,-141.893131,-4.6E-02));
#12973 = DIRECTION('',(-0.,-0.,-1.));
#12974 = DIRECTION('',(-0.,-1.,0.));
#12975 = ADVANCED_FACE('',(#12976),#12987,.F.);
#12976 = FACE_BOUND('',#12977,.T.);
#12977 = EDGE_LOOP('',(#12978,#12979,#12985,#12986));
#12978 = ORIENTED_EDGE('',*,*,#7212,.T.);
#12979 = ORIENTED_EDGE('',*,*,#12980,.T.);
#12980 = EDGE_CURVE('',#7213,#10024,#12981,.T.);
#12981 = LINE('',#12982,#12983);
#12982 = CARTESIAN_POINT('',(98.781773,-140.103131,-4.6E-02));
#12983 = VECTOR('',#12984,1.);
#12984 = DIRECTION('',(0.,0.,1.));
#12985 = ORIENTED_EDGE('',*,*,#10023,.F.);
#12986 = ORIENTED_EDGE('',*,*,#12980,.F.);
#12987 = CYLINDRICAL_SURFACE('',#12988,0.75);
#12988 = AXIS2_PLACEMENT_3D('',#12989,#12990,#12991);
#12989 = CARTESIAN_POINT('',(98.781773,-139.353131,-4.6E-02));
#12990 = DIRECTION('',(-0.,-0.,-1.));
#12991 = DIRECTION('',(-0.,-1.,0.));
#12992 = ADVANCED_FACE('',(#12993),#13004,.F.);
#12993 = FACE_BOUND('',#12994,.T.);
#12994 = EDGE_LOOP('',(#12995,#12996,#13002,#13003));
#12995 = ORIENTED_EDGE('',*,*,#7223,.T.);
#12996 = ORIENTED_EDGE('',*,*,#12997,.T.);
#12997 = EDGE_CURVE('',#7224,#10035,#12998,.T.);
#12998 = LINE('',#12999,#13000);
#12999 = CARTESIAN_POINT('',(111.862662,-142.482986,-4.6E-02));
#13000 = VECTOR('',#13001,1.);
#13001 = DIRECTION('',(0.,0.,1.));
#13002 = ORIENTED_EDGE('',*,*,#10034,.F.);
#13003 = ORIENTED_EDGE('',*,*,#12997,.F.);
#13004 = CYLINDRICAL_SURFACE('',#13005,0.75);
#13005 = AXIS2_PLACEMENT_3D('',#13006,#13007,#13008);
#13006 = CARTESIAN_POINT('',(111.862662,-141.732986,-4.6E-02));
#13007 = DIRECTION('',(-0.,-0.,-1.));
#13008 = DIRECTION('',(-0.,-1.,0.));
#13009 = ADVANCED_FACE('',(#13010),#13021,.F.);
#13010 = FACE_BOUND('',#13011,.T.);
#13011 = EDGE_LOOP('',(#13012,#13013,#13019,#13020));
#13012 = ORIENTED_EDGE('',*,*,#7234,.T.);
#13013 = ORIENTED_EDGE('',*,*,#13014,.T.);
#13014 = EDGE_CURVE('',#7235,#10046,#13015,.T.);
#13015 = LINE('',#13016,#13017);
#13016 = CARTESIAN_POINT('',(118.212662,-139.942986,-4.6E-02));
#13017 = VECTOR('',#13018,1.);
#13018 = DIRECTION('',(0.,0.,1.));
#13019 = ORIENTED_EDGE('',*,*,#10045,.F.);
#13020 = ORIENTED_EDGE('',*,*,#13014,.F.);
#13021 = CYLINDRICAL_SURFACE('',#13022,0.75);
#13022 = AXIS2_PLACEMENT_3D('',#13023,#13024,#13025);
#13023 = CARTESIAN_POINT('',(118.212662,-139.192986,-4.6E-02));
#13024 = DIRECTION('',(-0.,-0.,-1.));
#13025 = DIRECTION('',(-0.,-1.,0.));
#13026 = ADVANCED_FACE('',(#13027),#13038,.F.);
#13027 = FACE_BOUND('',#13028,.T.);
#13028 = EDGE_LOOP('',(#13029,#13030,#13036,#13037));
#13029 = ORIENTED_EDGE('',*,*,#7245,.T.);
#13030 = ORIENTED_EDGE('',*,*,#13031,.T.);
#13031 = EDGE_CURVE('',#7246,#10057,#13032,.T.);
#13032 = LINE('',#13033,#13034);
#13033 = CARTESIAN_POINT('',(43.236188,-124.815951,-4.6E-02));
#13034 = VECTOR('',#13035,1.);
#13035 = DIRECTION('',(0.,0.,1.));
#13036 = ORIENTED_EDGE('',*,*,#10056,.F.);
#13037 = ORIENTED_EDGE('',*,*,#13031,.F.);
#13038 = CYLINDRICAL_SURFACE('',#13039,0.85);
#13039 = AXIS2_PLACEMENT_3D('',#13040,#13041,#13042);
#13040 = CARTESIAN_POINT('',(43.236188,-123.965951,-4.6E-02));
#13041 = DIRECTION('',(-0.,-0.,-1.));
#13042 = DIRECTION('',(-0.,-1.,0.));
#13043 = ADVANCED_FACE('',(#13044),#13055,.F.);
#13044 = FACE_BOUND('',#13045,.T.);
#13045 = EDGE_LOOP('',(#13046,#13047,#13053,#13054));
#13046 = ORIENTED_EDGE('',*,*,#7256,.T.);
#13047 = ORIENTED_EDGE('',*,*,#13048,.T.);
#13048 = EDGE_CURVE('',#7257,#10068,#13049,.T.);
#13049 = LINE('',#13050,#13051);
#13050 = CARTESIAN_POINT('',(48.316188,-125.965951,-4.6E-02));
#13051 = VECTOR('',#13052,1.);
#13052 = DIRECTION('',(0.,0.,1.));
#13053 = ORIENTED_EDGE('',*,*,#10067,.F.);
#13054 = ORIENTED_EDGE('',*,*,#13048,.F.);
#13055 = CYLINDRICAL_SURFACE('',#13056,2.);
#13056 = AXIS2_PLACEMENT_3D('',#13057,#13058,#13059);
#13057 = CARTESIAN_POINT('',(48.316188,-123.965951,-4.6E-02));
#13058 = DIRECTION('',(-0.,-0.,-1.));
#13059 = DIRECTION('',(-0.,-1.,0.));
#13060 = ADVANCED_FACE('',(#13061),#13072,.F.);
#13061 = FACE_BOUND('',#13062,.T.);
#13062 = EDGE_LOOP('',(#13063,#13064,#13070,#13071));
#13063 = ORIENTED_EDGE('',*,*,#7267,.T.);
#13064 = ORIENTED_EDGE('',*,*,#13065,.T.);
#13065 = EDGE_CURVE('',#7268,#10079,#13066,.T.);
#13066 = LINE('',#13067,#13068);
#13067 = CARTESIAN_POINT('',(44.506188,-122.175951,-4.6E-02));
#13068 = VECTOR('',#13069,1.);
#13069 = DIRECTION('',(0.,0.,1.));
#13070 = ORIENTED_EDGE('',*,*,#10078,.F.);
#13071 = ORIENTED_EDGE('',*,*,#13065,.F.);
#13072 = CYLINDRICAL_SURFACE('',#13073,0.75);
#13073 = AXIS2_PLACEMENT_3D('',#13074,#13075,#13076);
#13074 = CARTESIAN_POINT('',(44.506188,-121.425951,-4.6E-02));
#13075 = DIRECTION('',(-0.,-0.,-1.));
#13076 = DIRECTION('',(-0.,-1.,0.));
#13077 = ADVANCED_FACE('',(#13078),#13089,.F.);
#13078 = FACE_BOUND('',#13079,.T.);
#13079 = EDGE_LOOP('',(#13080,#13081,#13087,#13088));
#13080 = ORIENTED_EDGE('',*,*,#7278,.T.);
#13081 = ORIENTED_EDGE('',*,*,#13082,.T.);
#13082 = EDGE_CURVE('',#7279,#10090,#13083,.T.);
#13083 = LINE('',#13084,#13085);
#13084 = CARTESIAN_POINT('',(53.396188,-124.815951,-4.6E-02));
#13085 = VECTOR('',#13086,1.);
#13086 = DIRECTION('',(0.,0.,1.));
#13087 = ORIENTED_EDGE('',*,*,#10089,.F.);
#13088 = ORIENTED_EDGE('',*,*,#13082,.F.);
#13089 = CYLINDRICAL_SURFACE('',#13090,0.85);
#13090 = AXIS2_PLACEMENT_3D('',#13091,#13092,#13093);
#13091 = CARTESIAN_POINT('',(53.396188,-123.965951,-4.6E-02));
#13092 = DIRECTION('',(-0.,0.,-1.));
#13093 = DIRECTION('',(8.35932630306E-15,-1.,-0.));
#13094 = ADVANCED_FACE('',(#13095),#13106,.F.);
#13095 = FACE_BOUND('',#13096,.T.);
#13096 = EDGE_LOOP('',(#13097,#13098,#13104,#13105));
#13097 = ORIENTED_EDGE('',*,*,#7289,.T.);
#13098 = ORIENTED_EDGE('',*,*,#13099,.T.);
#13099 = EDGE_CURVE('',#7290,#10101,#13100,.T.);
#13100 = LINE('',#13101,#13102);
#13101 = CARTESIAN_POINT('',(62.83539,-124.58724,-4.6E-02));
#13102 = VECTOR('',#13103,1.);
#13103 = DIRECTION('',(0.,0.,1.));
#13104 = ORIENTED_EDGE('',*,*,#10100,.F.);
#13105 = ORIENTED_EDGE('',*,*,#13099,.F.);
#13106 = CYLINDRICAL_SURFACE('',#13107,0.85);
#13107 = AXIS2_PLACEMENT_3D('',#13108,#13109,#13110);
#13108 = CARTESIAN_POINT('',(62.83539,-123.73724,-4.6E-02));
#13109 = DIRECTION('',(-0.,-0.,-1.));
#13110 = DIRECTION('',(-8.35932630306E-15,-1.,0.));
#13111 = ADVANCED_FACE('',(#13112),#13123,.F.);
#13112 = FACE_BOUND('',#13113,.T.);
#13113 = EDGE_LOOP('',(#13114,#13115,#13121,#13122));
#13114 = ORIENTED_EDGE('',*,*,#7300,.T.);
#13115 = ORIENTED_EDGE('',*,*,#13116,.T.);
#13116 = EDGE_CURVE('',#7301,#10112,#13117,.T.);
#13117 = LINE('',#13118,#13119);
#13118 = CARTESIAN_POINT('',(67.91539,-125.73724,-4.6E-02));
#13119 = VECTOR('',#13120,1.);
#13120 = DIRECTION('',(0.,0.,1.));
#13121 = ORIENTED_EDGE('',*,*,#10111,.F.);
#13122 = ORIENTED_EDGE('',*,*,#13116,.F.);
#13123 = CYLINDRICAL_SURFACE('',#13124,2.);
#13124 = AXIS2_PLACEMENT_3D('',#13125,#13126,#13127);
#13125 = CARTESIAN_POINT('',(67.91539,-123.73724,-4.6E-02));
#13126 = DIRECTION('',(-0.,-0.,-1.));
#13127 = DIRECTION('',(-0.,-1.,0.));
#13128 = ADVANCED_FACE('',(#13129),#13140,.F.);
#13129 = FACE_BOUND('',#13130,.T.);
#13130 = EDGE_LOOP('',(#13131,#13132,#13138,#13139));
#13131 = ORIENTED_EDGE('',*,*,#7311,.T.);
#13132 = ORIENTED_EDGE('',*,*,#13133,.T.);
#13133 = EDGE_CURVE('',#7312,#10123,#13134,.T.);
#13134 = LINE('',#13135,#13136);
#13135 = CARTESIAN_POINT('',(64.10539,-121.94724,-4.6E-02));
#13136 = VECTOR('',#13137,1.);
#13137 = DIRECTION('',(0.,0.,1.));
#13138 = ORIENTED_EDGE('',*,*,#10122,.F.);
#13139 = ORIENTED_EDGE('',*,*,#13133,.F.);
#13140 = CYLINDRICAL_SURFACE('',#13141,0.75);
#13141 = AXIS2_PLACEMENT_3D('',#13142,#13143,#13144);
#13142 = CARTESIAN_POINT('',(64.10539,-121.19724,-4.6E-02));
#13143 = DIRECTION('',(-0.,-0.,-1.));
#13144 = DIRECTION('',(-0.,-1.,0.));
#13145 = ADVANCED_FACE('',(#13146),#13157,.F.);
#13146 = FACE_BOUND('',#13147,.T.);
#13147 = EDGE_LOOP('',(#13148,#13149,#13155,#13156));
#13148 = ORIENTED_EDGE('',*,*,#7322,.T.);
#13149 = ORIENTED_EDGE('',*,*,#13150,.T.);
#13150 = EDGE_CURVE('',#7323,#10134,#13151,.T.);
#13151 = LINE('',#13152,#13153);
#13152 = CARTESIAN_POINT('',(72.99539,-124.58724,-4.6E-02));
#13153 = VECTOR('',#13154,1.);
#13154 = DIRECTION('',(0.,0.,1.));
#13155 = ORIENTED_EDGE('',*,*,#10133,.F.);
#13156 = ORIENTED_EDGE('',*,*,#13150,.F.);
#13157 = CYLINDRICAL_SURFACE('',#13158,0.85);
#13158 = AXIS2_PLACEMENT_3D('',#13159,#13160,#13161);
#13159 = CARTESIAN_POINT('',(72.99539,-123.73724,-4.6E-02));
#13160 = DIRECTION('',(-0.,-0.,-1.));
#13161 = DIRECTION('',(-0.,-1.,0.));
#13162 = ADVANCED_FACE('',(#13163),#13174,.F.);
#13163 = FACE_BOUND('',#13164,.T.);
#13164 = EDGE_LOOP('',(#13165,#13166,#13172,#13173));
#13165 = ORIENTED_EDGE('',*,*,#7333,.T.);
#13166 = ORIENTED_EDGE('',*,*,#13167,.T.);
#13167 = EDGE_CURVE('',#7334,#10145,#13168,.T.);
#13168 = LINE('',#13169,#13170);
#13169 = CARTESIAN_POINT('',(50.856188,-119.635951,-4.6E-02));
#13170 = VECTOR('',#13171,1.);
#13171 = DIRECTION('',(0.,0.,1.));
#13172 = ORIENTED_EDGE('',*,*,#10144,.F.);
#13173 = ORIENTED_EDGE('',*,*,#13167,.F.);
#13174 = CYLINDRICAL_SURFACE('',#13175,0.75);
#13175 = AXIS2_PLACEMENT_3D('',#13176,#13177,#13178);
#13176 = CARTESIAN_POINT('',(50.856188,-118.885951,-4.6E-02));
#13177 = DIRECTION('',(-0.,-0.,-1.));
#13178 = DIRECTION('',(-0.,-1.,0.));
#13179 = ADVANCED_FACE('',(#13180),#13191,.F.);
#13180 = FACE_BOUND('',#13181,.T.);
#13181 = EDGE_LOOP('',(#13182,#13183,#13189,#13190));
#13182 = ORIENTED_EDGE('',*,*,#7344,.T.);
#13183 = ORIENTED_EDGE('',*,*,#13184,.T.);
#13184 = EDGE_CURVE('',#7345,#10156,#13185,.T.);
#13185 = LINE('',#13186,#13187);
#13186 = CARTESIAN_POINT('',(70.45539,-119.40724,-4.6E-02));
#13187 = VECTOR('',#13188,1.);
#13188 = DIRECTION('',(0.,0.,1.));
#13189 = ORIENTED_EDGE('',*,*,#10155,.F.);
#13190 = ORIENTED_EDGE('',*,*,#13184,.F.);
#13191 = CYLINDRICAL_SURFACE('',#13192,0.75);
#13192 = AXIS2_PLACEMENT_3D('',#13193,#13194,#13195);
#13193 = CARTESIAN_POINT('',(70.45539,-118.65724,-4.6E-02));
#13194 = DIRECTION('',(-0.,-0.,-1.));
#13195 = DIRECTION('',(-0.,-1.,0.));
#13196 = ADVANCED_FACE('',(#13197),#13208,.F.);
#13197 = FACE_BOUND('',#13198,.T.);
#13198 = EDGE_LOOP('',(#13199,#13200,#13206,#13207));
#13199 = ORIENTED_EDGE('',*,*,#7355,.T.);
#13200 = ORIENTED_EDGE('',*,*,#13201,.T.);
#13201 = EDGE_CURVE('',#7356,#10167,#13202,.T.);
#13202 = LINE('',#13203,#13204);
#13203 = CARTESIAN_POINT('',(32.443777,-102.907185,-4.6E-02));
#13204 = VECTOR('',#13205,1.);
#13205 = DIRECTION('',(0.,0.,1.));
#13206 = ORIENTED_EDGE('',*,*,#10166,.F.);
#13207 = ORIENTED_EDGE('',*,*,#13201,.F.);
#13208 = CYLINDRICAL_SURFACE('',#13209,0.85);
#13209 = AXIS2_PLACEMENT_3D('',#13210,#13211,#13212);
#13210 = CARTESIAN_POINT('',(32.443777,-102.057185,-4.6E-02));
#13211 = DIRECTION('',(-0.,-0.,-1.));
#13212 = DIRECTION('',(-0.,-1.,0.));
#13213 = ADVANCED_FACE('',(#13214),#13225,.F.);
#13214 = FACE_BOUND('',#13215,.T.);
#13215 = EDGE_LOOP('',(#13216,#13217,#13223,#13224));
#13216 = ORIENTED_EDGE('',*,*,#7366,.T.);
#13217 = ORIENTED_EDGE('',*,*,#13218,.T.);
#13218 = EDGE_CURVE('',#7367,#10178,#13219,.T.);
#13219 = LINE('',#13220,#13221);
#13220 = CARTESIAN_POINT('',(37.523777,-104.057185,-4.6E-02));
#13221 = VECTOR('',#13222,1.);
#13222 = DIRECTION('',(0.,0.,1.));
#13223 = ORIENTED_EDGE('',*,*,#10177,.F.);
#13224 = ORIENTED_EDGE('',*,*,#13218,.F.);
#13225 = CYLINDRICAL_SURFACE('',#13226,2.);
#13226 = AXIS2_PLACEMENT_3D('',#13227,#13228,#13229);
#13227 = CARTESIAN_POINT('',(37.523777,-102.057185,-4.6E-02));
#13228 = DIRECTION('',(-0.,-0.,-1.));
#13229 = DIRECTION('',(-0.,-1.,0.));
#13230 = ADVANCED_FACE('',(#13231),#13242,.F.);
#13231 = FACE_BOUND('',#13232,.T.);
#13232 = EDGE_LOOP('',(#13233,#13234,#13240,#13241));
#13233 = ORIENTED_EDGE('',*,*,#7377,.T.);
#13234 = ORIENTED_EDGE('',*,*,#13235,.T.);
#13235 = EDGE_CURVE('',#7378,#10189,#13236,.T.);
#13236 = LINE('',#13237,#13238);
#13237 = CARTESIAN_POINT('',(42.603777,-102.907185,-4.6E-02));
#13238 = VECTOR('',#13239,1.);
#13239 = DIRECTION('',(0.,0.,1.));
#13240 = ORIENTED_EDGE('',*,*,#10188,.F.);
#13241 = ORIENTED_EDGE('',*,*,#13235,.F.);
#13242 = CYLINDRICAL_SURFACE('',#13243,0.85);
#13243 = AXIS2_PLACEMENT_3D('',#13244,#13245,#13246);
#13244 = CARTESIAN_POINT('',(42.603777,-102.057185,-4.6E-02));
#13245 = DIRECTION('',(-0.,-0.,-1.));
#13246 = DIRECTION('',(-0.,-1.,0.));
#13247 = ADVANCED_FACE('',(#13248),#13259,.F.);
#13248 = FACE_BOUND('',#13249,.T.);
#13249 = EDGE_LOOP('',(#13250,#13251,#13257,#13258));
#13250 = ORIENTED_EDGE('',*,*,#7388,.T.);
#13251 = ORIENTED_EDGE('',*,*,#13252,.T.);
#13252 = EDGE_CURVE('',#7389,#10200,#13253,.T.);
#13253 = LINE('',#13254,#13255);
#13254 = CARTESIAN_POINT('',(51.941373,-103.018753,-4.6E-02));
#13255 = VECTOR('',#13256,1.);
#13256 = DIRECTION('',(0.,0.,1.));
#13257 = ORIENTED_EDGE('',*,*,#10199,.F.);
#13258 = ORIENTED_EDGE('',*,*,#13252,.F.);
#13259 = CYLINDRICAL_SURFACE('',#13260,0.85);
#13260 = AXIS2_PLACEMENT_3D('',#13261,#13262,#13263);
#13261 = CARTESIAN_POINT('',(51.941373,-102.168753,-4.6E-02));
#13262 = DIRECTION('',(-0.,-0.,-1.));
#13263 = DIRECTION('',(-0.,-1.,0.));
#13264 = ADVANCED_FACE('',(#13265),#13276,.F.);
#13265 = FACE_BOUND('',#13266,.T.);
#13266 = EDGE_LOOP('',(#13267,#13268,#13274,#13275));
#13267 = ORIENTED_EDGE('',*,*,#7399,.T.);
#13268 = ORIENTED_EDGE('',*,*,#13269,.T.);
#13269 = EDGE_CURVE('',#7400,#10211,#13270,.T.);
#13270 = LINE('',#13271,#13272);
#13271 = CARTESIAN_POINT('',(57.021373,-104.168753,-4.6E-02));
#13272 = VECTOR('',#13273,1.);
#13273 = DIRECTION('',(0.,0.,1.));
#13274 = ORIENTED_EDGE('',*,*,#10210,.F.);
#13275 = ORIENTED_EDGE('',*,*,#13269,.F.);
#13276 = CYLINDRICAL_SURFACE('',#13277,2.);
#13277 = AXIS2_PLACEMENT_3D('',#13278,#13279,#13280);
#13278 = CARTESIAN_POINT('',(57.021373,-102.168753,-4.6E-02));
#13279 = DIRECTION('',(-0.,-0.,-1.));
#13280 = DIRECTION('',(-0.,-1.,0.));
#13281 = ADVANCED_FACE('',(#13282),#13293,.F.);
#13282 = FACE_BOUND('',#13283,.T.);
#13283 = EDGE_LOOP('',(#13284,#13285,#13291,#13292));
#13284 = ORIENTED_EDGE('',*,*,#7410,.T.);
#13285 = ORIENTED_EDGE('',*,*,#13286,.T.);
#13286 = EDGE_CURVE('',#7411,#10222,#13287,.T.);
#13287 = LINE('',#13288,#13289);
#13288 = CARTESIAN_POINT('',(62.101373,-103.018753,-4.6E-02));
#13289 = VECTOR('',#13290,1.);
#13290 = DIRECTION('',(0.,0.,1.));
#13291 = ORIENTED_EDGE('',*,*,#10221,.F.);
#13292 = ORIENTED_EDGE('',*,*,#13286,.F.);
#13293 = CYLINDRICAL_SURFACE('',#13294,0.85);
#13294 = AXIS2_PLACEMENT_3D('',#13295,#13296,#13297);
#13295 = CARTESIAN_POINT('',(62.101373,-102.168753,-4.6E-02));
#13296 = DIRECTION('',(-0.,0.,-1.));
#13297 = DIRECTION('',(8.35932630306E-15,-1.,-0.));
#13298 = ADVANCED_FACE('',(#13299),#13310,.F.);
#13299 = FACE_BOUND('',#13300,.T.);
#13300 = EDGE_LOOP('',(#13301,#13302,#13308,#13309));
#13301 = ORIENTED_EDGE('',*,*,#7421,.T.);
#13302 = ORIENTED_EDGE('',*,*,#13303,.T.);
#13303 = EDGE_CURVE('',#7422,#10233,#13304,.T.);
#13304 = LINE('',#13305,#13306);
#13305 = CARTESIAN_POINT('',(71.721748,-102.907185,-4.6E-02));
#13306 = VECTOR('',#13307,1.);
#13307 = DIRECTION('',(0.,0.,1.));
#13308 = ORIENTED_EDGE('',*,*,#10232,.F.);
#13309 = ORIENTED_EDGE('',*,*,#13303,.F.);
#13310 = CYLINDRICAL_SURFACE('',#13311,0.85);
#13311 = AXIS2_PLACEMENT_3D('',#13312,#13313,#13314);
#13312 = CARTESIAN_POINT('',(71.721748,-102.057185,-4.6E-02));
#13313 = DIRECTION('',(-0.,0.,-1.));
#13314 = DIRECTION('',(1.671865260612E-14,-1.,-0.));
#13315 = ADVANCED_FACE('',(#13316),#13327,.F.);
#13316 = FACE_BOUND('',#13317,.T.);
#13317 = EDGE_LOOP('',(#13318,#13319,#13325,#13326));
#13318 = ORIENTED_EDGE('',*,*,#7432,.T.);
#13319 = ORIENTED_EDGE('',*,*,#13320,.T.);
#13320 = EDGE_CURVE('',#7433,#10244,#13321,.T.);
#13321 = LINE('',#13322,#13323);
#13322 = CARTESIAN_POINT('',(76.801748,-104.057185,-4.6E-02));
#13323 = VECTOR('',#13324,1.);
#13324 = DIRECTION('',(0.,0.,1.));
#13325 = ORIENTED_EDGE('',*,*,#10243,.F.);
#13326 = ORIENTED_EDGE('',*,*,#13320,.F.);
#13327 = CYLINDRICAL_SURFACE('',#13328,2.);
#13328 = AXIS2_PLACEMENT_3D('',#13329,#13330,#13331);
#13329 = CARTESIAN_POINT('',(76.801748,-102.057185,-4.6E-02));
#13330 = DIRECTION('',(-0.,-0.,-1.));
#13331 = DIRECTION('',(-0.,-1.,0.));
#13332 = ADVANCED_FACE('',(#13333),#13344,.F.);
#13333 = FACE_BOUND('',#13334,.T.);
#13334 = EDGE_LOOP('',(#13335,#13336,#13342,#13343));
#13335 = ORIENTED_EDGE('',*,*,#7443,.T.);
#13336 = ORIENTED_EDGE('',*,*,#13337,.T.);
#13337 = EDGE_CURVE('',#7444,#10255,#13338,.T.);
#13338 = LINE('',#13339,#13340);
#13339 = CARTESIAN_POINT('',(82.41207,-124.751232,-4.6E-02));
#13340 = VECTOR('',#13341,1.);
#13341 = DIRECTION('',(0.,0.,1.));
#13342 = ORIENTED_EDGE('',*,*,#10254,.F.);
#13343 = ORIENTED_EDGE('',*,*,#13337,.F.);
#13344 = CYLINDRICAL_SURFACE('',#13345,0.85);
#13345 = AXIS2_PLACEMENT_3D('',#13346,#13347,#13348);
#13346 = CARTESIAN_POINT('',(82.41207,-123.901232,-4.6E-02));
#13347 = DIRECTION('',(-0.,-0.,-1.));
#13348 = DIRECTION('',(-0.,-1.,0.));
#13349 = ADVANCED_FACE('',(#13350),#13361,.F.);
#13350 = FACE_BOUND('',#13351,.T.);
#13351 = EDGE_LOOP('',(#13352,#13353,#13359,#13360));
#13352 = ORIENTED_EDGE('',*,*,#7454,.T.);
#13353 = ORIENTED_EDGE('',*,*,#13354,.T.);
#13354 = EDGE_CURVE('',#7455,#10266,#13355,.T.);
#13355 = LINE('',#13356,#13357);
#13356 = CARTESIAN_POINT('',(83.68207,-122.111232,-4.6E-02));
#13357 = VECTOR('',#13358,1.);
#13358 = DIRECTION('',(0.,0.,1.));
#13359 = ORIENTED_EDGE('',*,*,#10265,.F.);
#13360 = ORIENTED_EDGE('',*,*,#13354,.F.);
#13361 = CYLINDRICAL_SURFACE('',#13362,0.75);
#13362 = AXIS2_PLACEMENT_3D('',#13363,#13364,#13365);
#13363 = CARTESIAN_POINT('',(83.68207,-121.361232,-4.6E-02));
#13364 = DIRECTION('',(-0.,-0.,-1.));
#13365 = DIRECTION('',(-0.,-1.,0.));
#13366 = ADVANCED_FACE('',(#13367),#13378,.F.);
#13367 = FACE_BOUND('',#13368,.T.);
#13368 = EDGE_LOOP('',(#13369,#13370,#13376,#13377));
#13369 = ORIENTED_EDGE('',*,*,#7465,.T.);
#13370 = ORIENTED_EDGE('',*,*,#13371,.T.);
#13371 = EDGE_CURVE('',#7466,#10277,#13372,.T.);
#13372 = LINE('',#13373,#13374);
#13373 = CARTESIAN_POINT('',(87.49207,-125.901232,-4.6E-02));
#13374 = VECTOR('',#13375,1.);
#13375 = DIRECTION('',(0.,0.,1.));
#13376 = ORIENTED_EDGE('',*,*,#10276,.F.);
#13377 = ORIENTED_EDGE('',*,*,#13371,.F.);
#13378 = CYLINDRICAL_SURFACE('',#13379,2.);
#13379 = AXIS2_PLACEMENT_3D('',#13380,#13381,#13382);
#13380 = CARTESIAN_POINT('',(87.49207,-123.901232,-4.6E-02));
#13381 = DIRECTION('',(-0.,-0.,-1.));
#13382 = DIRECTION('',(-0.,-1.,0.));
#13383 = ADVANCED_FACE('',(#13384),#13395,.F.);
#13384 = FACE_BOUND('',#13385,.T.);
#13385 = EDGE_LOOP('',(#13386,#13387,#13393,#13394));
#13386 = ORIENTED_EDGE('',*,*,#7476,.T.);
#13387 = ORIENTED_EDGE('',*,*,#13388,.T.);
#13388 = EDGE_CURVE('',#7477,#10288,#13389,.T.);
#13389 = LINE('',#13390,#13391);
#13390 = CARTESIAN_POINT('',(92.57207,-124.751232,-4.6E-02));
#13391 = VECTOR('',#13392,1.);
#13392 = DIRECTION('',(0.,0.,1.));
#13393 = ORIENTED_EDGE('',*,*,#10287,.F.);
#13394 = ORIENTED_EDGE('',*,*,#13388,.F.);
#13395 = CYLINDRICAL_SURFACE('',#13396,0.85);
#13396 = AXIS2_PLACEMENT_3D('',#13397,#13398,#13399);
#13397 = CARTESIAN_POINT('',(92.57207,-123.901232,-4.6E-02));
#13398 = DIRECTION('',(-0.,-0.,-1.));
#13399 = DIRECTION('',(-0.,-1.,0.));
#13400 = ADVANCED_FACE('',(#13401),#13412,.F.);
#13401 = FACE_BOUND('',#13402,.T.);
#13402 = EDGE_LOOP('',(#13403,#13404,#13410,#13411));
#13403 = ORIENTED_EDGE('',*,*,#7487,.T.);
#13404 = ORIENTED_EDGE('',*,*,#13405,.T.);
#13405 = EDGE_CURVE('',#7488,#10299,#13406,.T.);
#13406 = LINE('',#13407,#13408);
#13407 = CARTESIAN_POINT('',(102.144193,-124.651051,-4.6E-02));
#13408 = VECTOR('',#13409,1.);
#13409 = DIRECTION('',(0.,0.,1.));
#13410 = ORIENTED_EDGE('',*,*,#10298,.F.);
#13411 = ORIENTED_EDGE('',*,*,#13405,.F.);
#13412 = CYLINDRICAL_SURFACE('',#13413,0.85);
#13413 = AXIS2_PLACEMENT_3D('',#13414,#13415,#13416);
#13414 = CARTESIAN_POINT('',(102.144193,-123.801051,-4.6E-02));
#13415 = DIRECTION('',(-0.,-0.,-1.));
#13416 = DIRECTION('',(-0.,-1.,0.));
#13417 = ADVANCED_FACE('',(#13418),#13429,.F.);
#13418 = FACE_BOUND('',#13419,.T.);
#13419 = EDGE_LOOP('',(#13420,#13421,#13427,#13428));
#13420 = ORIENTED_EDGE('',*,*,#7498,.T.);
#13421 = ORIENTED_EDGE('',*,*,#13422,.T.);
#13422 = EDGE_CURVE('',#7499,#10310,#13423,.T.);
#13423 = LINE('',#13424,#13425);
#13424 = CARTESIAN_POINT('',(103.414193,-122.011051,-4.6E-02));
#13425 = VECTOR('',#13426,1.);
#13426 = DIRECTION('',(0.,0.,1.));
#13427 = ORIENTED_EDGE('',*,*,#10309,.F.);
#13428 = ORIENTED_EDGE('',*,*,#13422,.F.);
#13429 = CYLINDRICAL_SURFACE('',#13430,0.75);
#13430 = AXIS2_PLACEMENT_3D('',#13431,#13432,#13433);
#13431 = CARTESIAN_POINT('',(103.414193,-121.261051,-4.6E-02));
#13432 = DIRECTION('',(-0.,-0.,-1.));
#13433 = DIRECTION('',(-0.,-1.,0.));
#13434 = ADVANCED_FACE('',(#13435),#13446,.F.);
#13435 = FACE_BOUND('',#13436,.T.);
#13436 = EDGE_LOOP('',(#13437,#13438,#13444,#13445));
#13437 = ORIENTED_EDGE('',*,*,#7509,.T.);
#13438 = ORIENTED_EDGE('',*,*,#13439,.T.);
#13439 = EDGE_CURVE('',#7510,#10321,#13440,.T.);
#13440 = LINE('',#13441,#13442);
#13441 = CARTESIAN_POINT('',(90.03207,-119.571232,-4.6E-02));
#13442 = VECTOR('',#13443,1.);
#13443 = DIRECTION('',(0.,0.,1.));
#13444 = ORIENTED_EDGE('',*,*,#10320,.F.);
#13445 = ORIENTED_EDGE('',*,*,#13439,.F.);
#13446 = CYLINDRICAL_SURFACE('',#13447,0.75);
#13447 = AXIS2_PLACEMENT_3D('',#13448,#13449,#13450);
#13448 = CARTESIAN_POINT('',(90.03207,-118.821232,-4.6E-02));
#13449 = DIRECTION('',(-0.,-0.,-1.));
#13450 = DIRECTION('',(-0.,-1.,0.));
#13451 = ADVANCED_FACE('',(#13452),#13463,.F.);
#13452 = FACE_BOUND('',#13453,.T.);
#13453 = EDGE_LOOP('',(#13454,#13455,#13461,#13462));
#13454 = ORIENTED_EDGE('',*,*,#7520,.T.);
#13455 = ORIENTED_EDGE('',*,*,#13456,.T.);
#13456 = EDGE_CURVE('',#7521,#10332,#13457,.T.);
#13457 = LINE('',#13458,#13459);
#13458 = CARTESIAN_POINT('',(107.224193,-125.801051,-4.6E-02));
#13459 = VECTOR('',#13460,1.);
#13460 = DIRECTION('',(0.,0.,1.));
#13461 = ORIENTED_EDGE('',*,*,#10331,.F.);
#13462 = ORIENTED_EDGE('',*,*,#13456,.F.);
#13463 = CYLINDRICAL_SURFACE('',#13464,2.);
#13464 = AXIS2_PLACEMENT_3D('',#13465,#13466,#13467);
#13465 = CARTESIAN_POINT('',(107.224193,-123.801051,-4.6E-02));
#13466 = DIRECTION('',(-0.,-0.,-1.));
#13467 = DIRECTION('',(-0.,-1.,0.));
#13468 = ADVANCED_FACE('',(#13469),#13480,.F.);
#13469 = FACE_BOUND('',#13470,.T.);
#13470 = EDGE_LOOP('',(#13471,#13472,#13478,#13479));
#13471 = ORIENTED_EDGE('',*,*,#7531,.T.);
#13472 = ORIENTED_EDGE('',*,*,#13473,.T.);
#13473 = EDGE_CURVE('',#7532,#10343,#13474,.T.);
#13474 = LINE('',#13475,#13476);
#13475 = CARTESIAN_POINT('',(112.304193,-124.651051,-4.6E-02));
#13476 = VECTOR('',#13477,1.);
#13477 = DIRECTION('',(0.,0.,1.));
#13478 = ORIENTED_EDGE('',*,*,#10342,.F.);
#13479 = ORIENTED_EDGE('',*,*,#13473,.F.);
#13480 = CYLINDRICAL_SURFACE('',#13481,0.85);
#13481 = AXIS2_PLACEMENT_3D('',#13482,#13483,#13484);
#13482 = CARTESIAN_POINT('',(112.304193,-123.801051,-4.6E-02));
#13483 = DIRECTION('',(-0.,-0.,-1.));
#13484 = DIRECTION('',(-0.,-1.,0.));
#13485 = ADVANCED_FACE('',(#13486),#13497,.F.);
#13486 = FACE_BOUND('',#13487,.T.);
#13487 = EDGE_LOOP('',(#13488,#13489,#13495,#13496));
#13488 = ORIENTED_EDGE('',*,*,#7542,.T.);
#13489 = ORIENTED_EDGE('',*,*,#13490,.T.);
#13490 = EDGE_CURVE('',#7543,#10354,#13491,.T.);
#13491 = LINE('',#13492,#13493);
#13492 = CARTESIAN_POINT('',(121.94247,-124.385969,-4.6E-02));
#13493 = VECTOR('',#13494,1.);
#13494 = DIRECTION('',(0.,0.,1.));
#13495 = ORIENTED_EDGE('',*,*,#10353,.F.);
#13496 = ORIENTED_EDGE('',*,*,#13490,.F.);
#13497 = CYLINDRICAL_SURFACE('',#13498,0.85);
#13498 = AXIS2_PLACEMENT_3D('',#13499,#13500,#13501);
#13499 = CARTESIAN_POINT('',(121.94247,-123.535969,-4.6E-02));
#13500 = DIRECTION('',(-0.,-0.,-1.));
#13501 = DIRECTION('',(-0.,-1.,0.));
#13502 = ADVANCED_FACE('',(#13503),#13514,.F.);
#13503 = FACE_BOUND('',#13504,.T.);
#13504 = EDGE_LOOP('',(#13505,#13506,#13512,#13513));
#13505 = ORIENTED_EDGE('',*,*,#7553,.T.);
#13506 = ORIENTED_EDGE('',*,*,#13507,.T.);
#13507 = EDGE_CURVE('',#7554,#10365,#13508,.T.);
#13508 = LINE('',#13509,#13510);
#13509 = CARTESIAN_POINT('',(127.02247,-125.535969,-4.6E-02));
#13510 = VECTOR('',#13511,1.);
#13511 = DIRECTION('',(0.,0.,1.));
#13512 = ORIENTED_EDGE('',*,*,#10364,.F.);
#13513 = ORIENTED_EDGE('',*,*,#13507,.F.);
#13514 = CYLINDRICAL_SURFACE('',#13515,2.);
#13515 = AXIS2_PLACEMENT_3D('',#13516,#13517,#13518);
#13516 = CARTESIAN_POINT('',(127.02247,-123.535969,-4.6E-02));
#13517 = DIRECTION('',(-0.,-0.,-1.));
#13518 = DIRECTION('',(-0.,-1.,0.));
#13519 = ADVANCED_FACE('',(#13520),#13531,.F.);
#13520 = FACE_BOUND('',#13521,.T.);
#13521 = EDGE_LOOP('',(#13522,#13523,#13529,#13530));
#13522 = ORIENTED_EDGE('',*,*,#7564,.T.);
#13523 = ORIENTED_EDGE('',*,*,#13524,.T.);
#13524 = EDGE_CURVE('',#7565,#10376,#13525,.T.);
#13525 = LINE('',#13526,#13527);
#13526 = CARTESIAN_POINT('',(109.764193,-119.471051,-4.6E-02));
#13527 = VECTOR('',#13528,1.);
#13528 = DIRECTION('',(0.,0.,1.));
#13529 = ORIENTED_EDGE('',*,*,#10375,.F.);
#13530 = ORIENTED_EDGE('',*,*,#13524,.F.);
#13531 = CYLINDRICAL_SURFACE('',#13532,0.75);
#13532 = AXIS2_PLACEMENT_3D('',#13533,#13534,#13535);
#13533 = CARTESIAN_POINT('',(109.764193,-118.721051,-4.6E-02));
#13534 = DIRECTION('',(-0.,-0.,-1.));
#13535 = DIRECTION('',(-0.,-1.,0.));
#13536 = ADVANCED_FACE('',(#13537),#13548,.F.);
#13537 = FACE_BOUND('',#13538,.T.);
#13538 = EDGE_LOOP('',(#13539,#13540,#13546,#13547));
#13539 = ORIENTED_EDGE('',*,*,#7575,.T.);
#13540 = ORIENTED_EDGE('',*,*,#13541,.T.);
#13541 = EDGE_CURVE('',#7576,#10387,#13542,.T.);
#13542 = LINE('',#13543,#13544);
#13543 = CARTESIAN_POINT('',(123.21247,-121.745969,-4.6E-02));
#13544 = VECTOR('',#13545,1.);
#13545 = DIRECTION('',(0.,0.,1.));
#13546 = ORIENTED_EDGE('',*,*,#10386,.F.);
#13547 = ORIENTED_EDGE('',*,*,#13541,.F.);
#13548 = CYLINDRICAL_SURFACE('',#13549,0.75);
#13549 = AXIS2_PLACEMENT_3D('',#13550,#13551,#13552);
#13550 = CARTESIAN_POINT('',(123.21247,-120.995969,-4.6E-02));
#13551 = DIRECTION('',(-0.,-0.,-1.));
#13552 = DIRECTION('',(-0.,-1.,0.));
#13553 = ADVANCED_FACE('',(#13554),#13565,.F.);
#13554 = FACE_BOUND('',#13555,.T.);
#13555 = EDGE_LOOP('',(#13556,#13557,#13563,#13564));
#13556 = ORIENTED_EDGE('',*,*,#7586,.T.);
#13557 = ORIENTED_EDGE('',*,*,#13558,.T.);
#13558 = EDGE_CURVE('',#7587,#10398,#13559,.T.);
#13559 = LINE('',#13560,#13561);
#13560 = CARTESIAN_POINT('',(129.56247,-119.205969,-4.6E-02));
#13561 = VECTOR('',#13562,1.);
#13562 = DIRECTION('',(0.,0.,1.));
#13563 = ORIENTED_EDGE('',*,*,#10397,.F.);
#13564 = ORIENTED_EDGE('',*,*,#13558,.F.);
#13565 = CYLINDRICAL_SURFACE('',#13566,0.75);
#13566 = AXIS2_PLACEMENT_3D('',#13567,#13568,#13569);
#13567 = CARTESIAN_POINT('',(129.56247,-118.455969,-4.6E-02));
#13568 = DIRECTION('',(-0.,-0.,-1.));
#13569 = DIRECTION('',(-0.,-1.,0.));
#13570 = ADVANCED_FACE('',(#13571),#13582,.F.);
#13571 = FACE_BOUND('',#13572,.T.);
#13572 = EDGE_LOOP('',(#13573,#13574,#13580,#13581));
#13573 = ORIENTED_EDGE('',*,*,#7597,.T.);
#13574 = ORIENTED_EDGE('',*,*,#13575,.T.);
#13575 = EDGE_CURVE('',#7598,#10409,#13576,.T.);
#13576 = LINE('',#13577,#13578);
#13577 = CARTESIAN_POINT('',(81.881748,-102.907185,-4.6E-02));
#13578 = VECTOR('',#13579,1.);
#13579 = DIRECTION('',(0.,0.,1.));
#13580 = ORIENTED_EDGE('',*,*,#10408,.F.);
#13581 = ORIENTED_EDGE('',*,*,#13575,.F.);
#13582 = CYLINDRICAL_SURFACE('',#13583,0.85);
#13583 = AXIS2_PLACEMENT_3D('',#13584,#13585,#13586);
#13584 = CARTESIAN_POINT('',(81.881748,-102.057185,-4.6E-02));
#13585 = DIRECTION('',(-0.,0.,-1.));
#13586 = DIRECTION('',(1.671865260612E-14,-1.,-0.));
#13587 = ADVANCED_FACE('',(#13588),#13599,.F.);
#13588 = FACE_BOUND('',#13589,.T.);
#13589 = EDGE_LOOP('',(#13590,#13591,#13597,#13598));
#13590 = ORIENTED_EDGE('',*,*,#7608,.T.);
#13591 = ORIENTED_EDGE('',*,*,#13592,.T.);
#13592 = EDGE_CURVE('',#7609,#10420,#13593,.T.);
#13593 = LINE('',#13594,#13595);
#13594 = CARTESIAN_POINT('',(91.110734,-102.907185,-4.6E-02));
#13595 = VECTOR('',#13596,1.);
#13596 = DIRECTION('',(0.,0.,1.));
#13597 = ORIENTED_EDGE('',*,*,#10419,.F.);
#13598 = ORIENTED_EDGE('',*,*,#13592,.F.);
#13599 = CYLINDRICAL_SURFACE('',#13600,0.85);
#13600 = AXIS2_PLACEMENT_3D('',#13601,#13602,#13603);
#13601 = CARTESIAN_POINT('',(91.110734,-102.057185,-4.6E-02));
#13602 = DIRECTION('',(-0.,-0.,-1.));
#13603 = DIRECTION('',(-1.671865260612E-14,-1.,0.));
#13604 = ADVANCED_FACE('',(#13605),#13616,.F.);
#13605 = FACE_BOUND('',#13606,.T.);
#13606 = EDGE_LOOP('',(#13607,#13608,#13614,#13615));
#13607 = ORIENTED_EDGE('',*,*,#7619,.T.);
#13608 = ORIENTED_EDGE('',*,*,#13609,.T.);
#13609 = EDGE_CURVE('',#7620,#10431,#13610,.T.);
#13610 = LINE('',#13611,#13612);
#13611 = CARTESIAN_POINT('',(96.190734,-104.057185,-4.6E-02));
#13612 = VECTOR('',#13613,1.);
#13613 = DIRECTION('',(0.,0.,1.));
#13614 = ORIENTED_EDGE('',*,*,#10430,.F.);
#13615 = ORIENTED_EDGE('',*,*,#13609,.F.);
#13616 = CYLINDRICAL_SURFACE('',#13617,2.);
#13617 = AXIS2_PLACEMENT_3D('',#13618,#13619,#13620);
#13618 = CARTESIAN_POINT('',(96.190734,-102.057185,-4.6E-02));
#13619 = DIRECTION('',(-0.,-0.,-1.));
#13620 = DIRECTION('',(-0.,-1.,0.));
#13621 = ADVANCED_FACE('',(#13622),#13633,.F.);
#13622 = FACE_BOUND('',#13623,.T.);
#13623 = EDGE_LOOP('',(#13624,#13625,#13631,#13632));
#13624 = ORIENTED_EDGE('',*,*,#7630,.T.);
#13625 = ORIENTED_EDGE('',*,*,#13626,.T.);
#13626 = EDGE_CURVE('',#7631,#10442,#13627,.T.);
#13627 = LINE('',#13628,#13629);
#13628 = CARTESIAN_POINT('',(101.270734,-102.907185,-4.6E-02));
#13629 = VECTOR('',#13630,1.);
#13630 = DIRECTION('',(0.,0.,1.));
#13631 = ORIENTED_EDGE('',*,*,#10441,.F.);
#13632 = ORIENTED_EDGE('',*,*,#13626,.F.);
#13633 = CYLINDRICAL_SURFACE('',#13634,0.85);
#13634 = AXIS2_PLACEMENT_3D('',#13635,#13636,#13637);
#13635 = CARTESIAN_POINT('',(101.270734,-102.057185,-4.6E-02));
#13636 = DIRECTION('',(-0.,-0.,-1.));
#13637 = DIRECTION('',(-0.,-1.,0.));
#13638 = ADVANCED_FACE('',(#13639),#13650,.F.);
#13639 = FACE_BOUND('',#13640,.T.);
#13640 = EDGE_LOOP('',(#13641,#13642,#13648,#13649));
#13641 = ORIENTED_EDGE('',*,*,#7641,.T.);
#13642 = ORIENTED_EDGE('',*,*,#13643,.T.);
#13643 = EDGE_CURVE('',#7642,#10453,#13644,.T.);
#13644 = LINE('',#13645,#13646);
#13645 = CARTESIAN_POINT('',(110.904647,-102.907185,-4.6E-02));
#13646 = VECTOR('',#13647,1.);
#13647 = DIRECTION('',(0.,0.,1.));
#13648 = ORIENTED_EDGE('',*,*,#10452,.F.);
#13649 = ORIENTED_EDGE('',*,*,#13643,.F.);
#13650 = CYLINDRICAL_SURFACE('',#13651,0.85);
#13651 = AXIS2_PLACEMENT_3D('',#13652,#13653,#13654);
#13652 = CARTESIAN_POINT('',(110.904647,-102.057185,-4.6E-02));
#13653 = DIRECTION('',(-0.,-0.,-1.));
#13654 = DIRECTION('',(-1.671865260612E-14,-1.,0.));
#13655 = ADVANCED_FACE('',(#13656),#13667,.F.);
#13656 = FACE_BOUND('',#13657,.T.);
#13657 = EDGE_LOOP('',(#13658,#13659,#13665,#13666));
#13658 = ORIENTED_EDGE('',*,*,#7652,.T.);
#13659 = ORIENTED_EDGE('',*,*,#13660,.T.);
#13660 = EDGE_CURVE('',#7653,#10464,#13661,.T.);
#13661 = LINE('',#13662,#13663);
#13662 = CARTESIAN_POINT('',(115.984647,-104.057185,-4.6E-02));
#13663 = VECTOR('',#13664,1.);
#13664 = DIRECTION('',(0.,0.,1.));
#13665 = ORIENTED_EDGE('',*,*,#10463,.F.);
#13666 = ORIENTED_EDGE('',*,*,#13660,.F.);
#13667 = CYLINDRICAL_SURFACE('',#13668,2.);
#13668 = AXIS2_PLACEMENT_3D('',#13669,#13670,#13671);
#13669 = CARTESIAN_POINT('',(115.984647,-102.057185,-4.6E-02));
#13670 = DIRECTION('',(-0.,-0.,-1.));
#13671 = DIRECTION('',(-0.,-1.,0.));
#13672 = ADVANCED_FACE('',(#13673),#13684,.F.);
#13673 = FACE_BOUND('',#13674,.T.);
#13674 = EDGE_LOOP('',(#13675,#13676,#13682,#13683));
#13675 = ORIENTED_EDGE('',*,*,#7663,.T.);
#13676 = ORIENTED_EDGE('',*,*,#13677,.T.);
#13677 = EDGE_CURVE('',#7664,#10475,#13678,.T.);
#13678 = LINE('',#13679,#13680);
#13679 = CARTESIAN_POINT('',(121.064647,-102.907185,-4.6E-02));
#13680 = VECTOR('',#13681,1.);
#13681 = DIRECTION('',(0.,0.,1.));
#13682 = ORIENTED_EDGE('',*,*,#10474,.F.);
#13683 = ORIENTED_EDGE('',*,*,#13677,.F.);
#13684 = CYLINDRICAL_SURFACE('',#13685,0.85);
#13685 = AXIS2_PLACEMENT_3D('',#13686,#13687,#13688);
#13686 = CARTESIAN_POINT('',(121.064647,-102.057185,-4.6E-02));
#13687 = DIRECTION('',(-0.,-0.,-1.));
#13688 = DIRECTION('',(-1.671865260612E-14,-1.,0.));
#13689 = ADVANCED_FACE('',(#13690),#13701,.F.);
#13690 = FACE_BOUND('',#13691,.T.);
#13691 = EDGE_LOOP('',(#13692,#13693,#13699,#13700));
#13692 = ORIENTED_EDGE('',*,*,#7674,.T.);
#13693 = ORIENTED_EDGE('',*,*,#13694,.T.);
#13694 = EDGE_CURVE('',#7675,#10486,#13695,.T.);
#13695 = LINE('',#13696,#13697);
#13696 = CARTESIAN_POINT('',(134.963991,-146.236108,-4.6E-02));
#13697 = VECTOR('',#13698,1.);
#13698 = DIRECTION('',(0.,0.,1.));
#13699 = ORIENTED_EDGE('',*,*,#10485,.F.);
#13700 = ORIENTED_EDGE('',*,*,#13694,.F.);
#13701 = CYLINDRICAL_SURFACE('',#13702,2.);
#13702 = AXIS2_PLACEMENT_3D('',#13703,#13704,#13705);
#13703 = CARTESIAN_POINT('',(134.963991,-144.236108,-4.6E-02));
#13704 = DIRECTION('',(-0.,-0.,-1.));
#13705 = DIRECTION('',(-0.,-1.,0.));
#13706 = ADVANCED_FACE('',(#13707),#13718,.F.);
#13707 = FACE_BOUND('',#13708,.T.);
#13708 = EDGE_LOOP('',(#13709,#13710,#13716,#13717));
#13709 = ORIENTED_EDGE('',*,*,#7685,.T.);
#13710 = ORIENTED_EDGE('',*,*,#13711,.T.);
#13711 = EDGE_CURVE('',#7686,#10497,#13712,.T.);
#13712 = LINE('',#13713,#13714);
#13713 = CARTESIAN_POINT('',(140.043991,-145.086108,-4.6E-02));
#13714 = VECTOR('',#13715,1.);
#13715 = DIRECTION('',(0.,0.,1.));
#13716 = ORIENTED_EDGE('',*,*,#10496,.F.);
#13717 = ORIENTED_EDGE('',*,*,#13711,.F.);
#13718 = CYLINDRICAL_SURFACE('',#13719,0.85);
#13719 = AXIS2_PLACEMENT_3D('',#13720,#13721,#13722);
#13720 = CARTESIAN_POINT('',(140.043991,-144.236108,-4.6E-02));
#13721 = DIRECTION('',(-0.,-0.,-1.));
#13722 = DIRECTION('',(-0.,-1.,0.));
#13723 = ADVANCED_FACE('',(#13724),#13735,.F.);
#13724 = FACE_BOUND('',#13725,.T.);
#13725 = EDGE_LOOP('',(#13726,#13727,#13733,#13734));
#13726 = ORIENTED_EDGE('',*,*,#7696,.T.);
#13727 = ORIENTED_EDGE('',*,*,#13728,.T.);
#13728 = EDGE_CURVE('',#7697,#10508,#13729,.T.);
#13729 = LINE('',#13730,#13731);
#13730 = CARTESIAN_POINT('',(149.444647,-144.810709,-4.6E-02));
#13731 = VECTOR('',#13732,1.);
#13732 = DIRECTION('',(0.,0.,1.));
#13733 = ORIENTED_EDGE('',*,*,#10507,.F.);
#13734 = ORIENTED_EDGE('',*,*,#13728,.F.);
#13735 = CYLINDRICAL_SURFACE('',#13736,0.85);
#13736 = AXIS2_PLACEMENT_3D('',#13737,#13738,#13739);
#13737 = CARTESIAN_POINT('',(149.444647,-143.960709,-4.6E-02));
#13738 = DIRECTION('',(-0.,-0.,-1.));
#13739 = DIRECTION('',(-0.,-1.,0.));
#13740 = ADVANCED_FACE('',(#13741),#13752,.F.);
#13741 = FACE_BOUND('',#13742,.T.);
#13742 = EDGE_LOOP('',(#13743,#13744,#13750,#13751));
#13743 = ORIENTED_EDGE('',*,*,#7707,.T.);
#13744 = ORIENTED_EDGE('',*,*,#13745,.T.);
#13745 = EDGE_CURVE('',#7708,#10519,#13746,.T.);
#13746 = LINE('',#13747,#13748);
#13747 = CARTESIAN_POINT('',(154.524647,-145.960709,-4.6E-02));
#13748 = VECTOR('',#13749,1.);
#13749 = DIRECTION('',(0.,0.,1.));
#13750 = ORIENTED_EDGE('',*,*,#10518,.F.);
#13751 = ORIENTED_EDGE('',*,*,#13745,.F.);
#13752 = CYLINDRICAL_SURFACE('',#13753,2.);
#13753 = AXIS2_PLACEMENT_3D('',#13754,#13755,#13756);
#13754 = CARTESIAN_POINT('',(154.524647,-143.960709,-4.6E-02));
#13755 = DIRECTION('',(-0.,-0.,-1.));
#13756 = DIRECTION('',(-0.,-1.,0.));
#13757 = ADVANCED_FACE('',(#13758),#13769,.F.);
#13758 = FACE_BOUND('',#13759,.T.);
#13759 = EDGE_LOOP('',(#13760,#13761,#13767,#13768));
#13760 = ORIENTED_EDGE('',*,*,#7718,.T.);
#13761 = ORIENTED_EDGE('',*,*,#13762,.T.);
#13762 = EDGE_CURVE('',#7719,#10530,#13763,.T.);
#13763 = LINE('',#13764,#13765);
#13764 = CARTESIAN_POINT('',(159.604647,-144.810709,-4.6E-02));
#13765 = VECTOR('',#13766,1.);
#13766 = DIRECTION('',(0.,0.,1.));
#13767 = ORIENTED_EDGE('',*,*,#10529,.F.);
#13768 = ORIENTED_EDGE('',*,*,#13762,.F.);
#13769 = CYLINDRICAL_SURFACE('',#13770,0.85);
#13770 = AXIS2_PLACEMENT_3D('',#13771,#13772,#13773);
#13771 = CARTESIAN_POINT('',(159.604647,-143.960709,-4.6E-02));
#13772 = DIRECTION('',(-0.,-0.,-1.));
#13773 = DIRECTION('',(-0.,-1.,0.));
#13774 = ADVANCED_FACE('',(#13775),#13786,.F.);
#13775 = FACE_BOUND('',#13776,.T.);
#13776 = EDGE_LOOP('',(#13777,#13778,#13784,#13785));
#13777 = ORIENTED_EDGE('',*,*,#7729,.T.);
#13778 = ORIENTED_EDGE('',*,*,#13779,.T.);
#13779 = EDGE_CURVE('',#7730,#10541,#13780,.T.);
#13780 = LINE('',#13781,#13782);
#13781 = CARTESIAN_POINT('',(169.054666,-144.872624,-4.6E-02));
#13782 = VECTOR('',#13783,1.);
#13783 = DIRECTION('',(0.,0.,1.));
#13784 = ORIENTED_EDGE('',*,*,#10540,.F.);
#13785 = ORIENTED_EDGE('',*,*,#13779,.F.);
#13786 = CYLINDRICAL_SURFACE('',#13787,0.85);
#13787 = AXIS2_PLACEMENT_3D('',#13788,#13789,#13790);
#13788 = CARTESIAN_POINT('',(169.054666,-144.022624,-4.6E-02));
#13789 = DIRECTION('',(-0.,-0.,-1.));
#13790 = DIRECTION('',(-0.,-1.,0.));
#13791 = ADVANCED_FACE('',(#13792),#13803,.F.);
#13792 = FACE_BOUND('',#13793,.T.);
#13793 = EDGE_LOOP('',(#13794,#13795,#13801,#13802));
#13794 = ORIENTED_EDGE('',*,*,#7740,.T.);
#13795 = ORIENTED_EDGE('',*,*,#13796,.T.);
#13796 = EDGE_CURVE('',#7741,#10552,#13797,.T.);
#13797 = LINE('',#13798,#13799);
#13798 = CARTESIAN_POINT('',(174.134666,-146.022624,-4.6E-02));
#13799 = VECTOR('',#13800,1.);
#13800 = DIRECTION('',(0.,0.,1.));
#13801 = ORIENTED_EDGE('',*,*,#10551,.F.);
#13802 = ORIENTED_EDGE('',*,*,#13796,.F.);
#13803 = CYLINDRICAL_SURFACE('',#13804,2.);
#13804 = AXIS2_PLACEMENT_3D('',#13805,#13806,#13807);
#13805 = CARTESIAN_POINT('',(174.134666,-144.022624,-4.6E-02));
#13806 = DIRECTION('',(-0.,-0.,-1.));
#13807 = DIRECTION('',(-0.,-1.,0.));
#13808 = ADVANCED_FACE('',(#13809),#13820,.F.);
#13809 = FACE_BOUND('',#13810,.T.);
#13810 = EDGE_LOOP('',(#13811,#13812,#13818,#13819));
#13811 = ORIENTED_EDGE('',*,*,#7751,.T.);
#13812 = ORIENTED_EDGE('',*,*,#13813,.T.);
#13813 = EDGE_CURVE('',#7752,#10563,#13814,.T.);
#13814 = LINE('',#13815,#13816);
#13815 = CARTESIAN_POINT('',(179.214666,-144.872624,-4.6E-02));
#13816 = VECTOR('',#13817,1.);
#13817 = DIRECTION('',(0.,0.,1.));
#13818 = ORIENTED_EDGE('',*,*,#10562,.F.);
#13819 = ORIENTED_EDGE('',*,*,#13813,.F.);
#13820 = CYLINDRICAL_SURFACE('',#13821,0.85);
#13821 = AXIS2_PLACEMENT_3D('',#13822,#13823,#13824);
#13822 = CARTESIAN_POINT('',(179.214666,-144.022624,-4.6E-02));
#13823 = DIRECTION('',(-0.,-0.,-1.));
#13824 = DIRECTION('',(-0.,-1.,0.));
#13825 = ADVANCED_FACE('',(#13826),#13837,.F.);
#13826 = FACE_BOUND('',#13827,.T.);
#13827 = EDGE_LOOP('',(#13828,#13829,#13835,#13836));
#13828 = ORIENTED_EDGE('',*,*,#7762,.T.);
#13829 = ORIENTED_EDGE('',*,*,#13830,.T.);
#13830 = EDGE_CURVE('',#7763,#10574,#13831,.T.);
#13831 = LINE('',#13832,#13833);
#13832 = CARTESIAN_POINT('',(131.153991,-142.446108,-4.6E-02));
#13833 = VECTOR('',#13834,1.);
#13834 = DIRECTION('',(0.,0.,1.));
#13835 = ORIENTED_EDGE('',*,*,#10573,.F.);
#13836 = ORIENTED_EDGE('',*,*,#13830,.F.);
#13837 = CYLINDRICAL_SURFACE('',#13838,0.75);
#13838 = AXIS2_PLACEMENT_3D('',#13839,#13840,#13841);
#13839 = CARTESIAN_POINT('',(131.153991,-141.696108,-4.6E-02));
#13840 = DIRECTION('',(-0.,-0.,-1.));
#13841 = DIRECTION('',(-0.,-1.,0.));
#13842 = ADVANCED_FACE('',(#13843),#13854,.F.);
#13843 = FACE_BOUND('',#13844,.T.);
#13844 = EDGE_LOOP('',(#13845,#13846,#13852,#13853));
#13845 = ORIENTED_EDGE('',*,*,#7773,.T.);
#13846 = ORIENTED_EDGE('',*,*,#13847,.T.);
#13847 = EDGE_CURVE('',#7774,#10585,#13848,.T.);
#13848 = LINE('',#13849,#13850);
#13849 = CARTESIAN_POINT('',(137.503991,-139.906108,-4.6E-02));
#13850 = VECTOR('',#13851,1.);
#13851 = DIRECTION('',(0.,0.,1.));
#13852 = ORIENTED_EDGE('',*,*,#10584,.F.);
#13853 = ORIENTED_EDGE('',*,*,#13847,.F.);
#13854 = CYLINDRICAL_SURFACE('',#13855,0.75);
#13855 = AXIS2_PLACEMENT_3D('',#13856,#13857,#13858);
#13856 = CARTESIAN_POINT('',(137.503991,-139.156108,-4.6E-02));
#13857 = DIRECTION('',(-0.,-0.,-1.));
#13858 = DIRECTION('',(-0.,-1.,0.));
#13859 = ADVANCED_FACE('',(#13860),#13871,.F.);
#13860 = FACE_BOUND('',#13861,.T.);
#13861 = EDGE_LOOP('',(#13862,#13863,#13869,#13870));
#13862 = ORIENTED_EDGE('',*,*,#7784,.T.);
#13863 = ORIENTED_EDGE('',*,*,#13864,.T.);
#13864 = EDGE_CURVE('',#7785,#10596,#13865,.T.);
#13865 = LINE('',#13866,#13867);
#13866 = CARTESIAN_POINT('',(150.714647,-142.170709,-4.6E-02));
#13867 = VECTOR('',#13868,1.);
#13868 = DIRECTION('',(0.,0.,1.));
#13869 = ORIENTED_EDGE('',*,*,#10595,.F.);
#13870 = ORIENTED_EDGE('',*,*,#13864,.F.);
#13871 = CYLINDRICAL_SURFACE('',#13872,0.75);
#13872 = AXIS2_PLACEMENT_3D('',#13873,#13874,#13875);
#13873 = CARTESIAN_POINT('',(150.714647,-141.420709,-4.6E-02));
#13874 = DIRECTION('',(-0.,-0.,-1.));
#13875 = DIRECTION('',(-0.,-1.,0.));
#13876 = ADVANCED_FACE('',(#13877),#13888,.F.);
#13877 = FACE_BOUND('',#13878,.T.);
#13878 = EDGE_LOOP('',(#13879,#13880,#13886,#13887));
#13879 = ORIENTED_EDGE('',*,*,#7795,.T.);
#13880 = ORIENTED_EDGE('',*,*,#13881,.T.);
#13881 = EDGE_CURVE('',#7796,#10607,#13882,.T.);
#13882 = LINE('',#13883,#13884);
#13883 = CARTESIAN_POINT('',(157.064647,-139.630709,-4.6E-02));
#13884 = VECTOR('',#13885,1.);
#13885 = DIRECTION('',(0.,0.,1.));
#13886 = ORIENTED_EDGE('',*,*,#10606,.F.);
#13887 = ORIENTED_EDGE('',*,*,#13881,.F.);
#13888 = CYLINDRICAL_SURFACE('',#13889,0.75);
#13889 = AXIS2_PLACEMENT_3D('',#13890,#13891,#13892);
#13890 = CARTESIAN_POINT('',(157.064647,-138.880709,-4.6E-02));
#13891 = DIRECTION('',(-0.,-0.,-1.));
#13892 = DIRECTION('',(-0.,-1.,0.));
#13893 = ADVANCED_FACE('',(#13894),#13905,.F.);
#13894 = FACE_BOUND('',#13895,.T.);
#13895 = EDGE_LOOP('',(#13896,#13897,#13903,#13904));
#13896 = ORIENTED_EDGE('',*,*,#7806,.T.);
#13897 = ORIENTED_EDGE('',*,*,#13898,.T.);
#13898 = EDGE_CURVE('',#7807,#10618,#13899,.T.);
#13899 = LINE('',#13900,#13901);
#13900 = CARTESIAN_POINT('',(170.324666,-142.232624,-4.6E-02));
#13901 = VECTOR('',#13902,1.);
#13902 = DIRECTION('',(0.,0.,1.));
#13903 = ORIENTED_EDGE('',*,*,#10617,.F.);
#13904 = ORIENTED_EDGE('',*,*,#13898,.F.);
#13905 = CYLINDRICAL_SURFACE('',#13906,0.75);
#13906 = AXIS2_PLACEMENT_3D('',#13907,#13908,#13909);
#13907 = CARTESIAN_POINT('',(170.324666,-141.482624,-4.6E-02));
#13908 = DIRECTION('',(-0.,-0.,-1.));
#13909 = DIRECTION('',(-0.,-1.,0.));
#13910 = ADVANCED_FACE('',(#13911),#13922,.F.);
#13911 = FACE_BOUND('',#13912,.T.);
#13912 = EDGE_LOOP('',(#13913,#13914,#13920,#13921));
#13913 = ORIENTED_EDGE('',*,*,#7817,.T.);
#13914 = ORIENTED_EDGE('',*,*,#13915,.T.);
#13915 = EDGE_CURVE('',#7818,#10629,#13916,.T.);
#13916 = LINE('',#13917,#13918);
#13917 = CARTESIAN_POINT('',(176.674666,-139.692624,-4.6E-02));
#13918 = VECTOR('',#13919,1.);
#13919 = DIRECTION('',(0.,0.,1.));
#13920 = ORIENTED_EDGE('',*,*,#10628,.F.);
#13921 = ORIENTED_EDGE('',*,*,#13915,.F.);
#13922 = CYLINDRICAL_SURFACE('',#13923,0.75);
#13923 = AXIS2_PLACEMENT_3D('',#13924,#13925,#13926);
#13924 = CARTESIAN_POINT('',(176.674666,-138.942624,-4.6E-02));
#13925 = DIRECTION('',(-0.,-0.,-1.));
#13926 = DIRECTION('',(-0.,-1.,0.));
#13927 = ADVANCED_FACE('',(#13928),#13939,.F.);
#13928 = FACE_BOUND('',#13929,.T.);
#13929 = EDGE_LOOP('',(#13930,#13931,#13937,#13938));
#13930 = ORIENTED_EDGE('',*,*,#7828,.T.);
#13931 = ORIENTED_EDGE('',*,*,#13932,.T.);
#13932 = EDGE_CURVE('',#7829,#10640,#13933,.T.);
#13933 = LINE('',#13934,#13935);
#13934 = CARTESIAN_POINT('',(188.509391,-144.963338,-4.6E-02));
#13935 = VECTOR('',#13936,1.);
#13936 = DIRECTION('',(0.,0.,1.));
#13937 = ORIENTED_EDGE('',*,*,#10639,.F.);
#13938 = ORIENTED_EDGE('',*,*,#13932,.F.);
#13939 = CYLINDRICAL_SURFACE('',#13940,0.85);
#13940 = AXIS2_PLACEMENT_3D('',#13941,#13942,#13943);
#13941 = CARTESIAN_POINT('',(188.509391,-144.113338,-4.6E-02));
#13942 = DIRECTION('',(-0.,-0.,-1.));
#13943 = DIRECTION('',(-0.,-1.,0.));
#13944 = ADVANCED_FACE('',(#13945),#13956,.F.);
#13945 = FACE_BOUND('',#13946,.T.);
#13946 = EDGE_LOOP('',(#13947,#13948,#13954,#13955));
#13947 = ORIENTED_EDGE('',*,*,#7839,.T.);
#13948 = ORIENTED_EDGE('',*,*,#13949,.T.);
#13949 = EDGE_CURVE('',#7840,#10651,#13950,.T.);
#13950 = LINE('',#13951,#13952);
#13951 = CARTESIAN_POINT('',(193.589391,-146.113338,-4.6E-02));
#13952 = VECTOR('',#13953,1.);
#13953 = DIRECTION('',(0.,0.,1.));
#13954 = ORIENTED_EDGE('',*,*,#10650,.F.);
#13955 = ORIENTED_EDGE('',*,*,#13949,.F.);
#13956 = CYLINDRICAL_SURFACE('',#13957,2.);
#13957 = AXIS2_PLACEMENT_3D('',#13958,#13959,#13960);
#13958 = CARTESIAN_POINT('',(193.589391,-144.113338,-4.6E-02));
#13959 = DIRECTION('',(-0.,-0.,-1.));
#13960 = DIRECTION('',(-0.,-1.,0.));
#13961 = ADVANCED_FACE('',(#13962),#13973,.F.);
#13962 = FACE_BOUND('',#13963,.T.);
#13963 = EDGE_LOOP('',(#13964,#13965,#13971,#13972));
#13964 = ORIENTED_EDGE('',*,*,#7850,.T.);
#13965 = ORIENTED_EDGE('',*,*,#13966,.T.);
#13966 = EDGE_CURVE('',#7851,#10662,#13967,.T.);
#13967 = LINE('',#13968,#13969);
#13968 = CARTESIAN_POINT('',(198.669391,-144.963338,-4.6E-02));
#13969 = VECTOR('',#13970,1.);
#13970 = DIRECTION('',(0.,0.,1.));
#13971 = ORIENTED_EDGE('',*,*,#10661,.F.);
#13972 = ORIENTED_EDGE('',*,*,#13966,.F.);
#13973 = CYLINDRICAL_SURFACE('',#13974,0.85);
#13974 = AXIS2_PLACEMENT_3D('',#13975,#13976,#13977);
#13975 = CARTESIAN_POINT('',(198.669391,-144.113338,-4.6E-02));
#13976 = DIRECTION('',(-0.,-0.,-1.));
#13977 = DIRECTION('',(-3.343730521224E-14,-1.,0.));
#13978 = ADVANCED_FACE('',(#13979),#13990,.F.);
#13979 = FACE_BOUND('',#13980,.T.);
#13980 = EDGE_LOOP('',(#13981,#13982,#13988,#13989));
#13981 = ORIENTED_EDGE('',*,*,#7861,.T.);
#13982 = ORIENTED_EDGE('',*,*,#13983,.T.);
#13983 = EDGE_CURVE('',#7862,#10673,#13984,.T.);
#13984 = LINE('',#13985,#13986);
#13985 = CARTESIAN_POINT('',(208.236259,-144.942404,-4.6E-02));
#13986 = VECTOR('',#13987,1.);
#13987 = DIRECTION('',(0.,0.,1.));
#13988 = ORIENTED_EDGE('',*,*,#10672,.F.);
#13989 = ORIENTED_EDGE('',*,*,#13983,.F.);
#13990 = CYLINDRICAL_SURFACE('',#13991,0.85);
#13991 = AXIS2_PLACEMENT_3D('',#13992,#13993,#13994);
#13992 = CARTESIAN_POINT('',(208.236259,-144.092404,-4.6E-02));
#13993 = DIRECTION('',(-0.,-0.,-1.));
#13994 = DIRECTION('',(-3.343730521224E-14,-1.,0.));
#13995 = ADVANCED_FACE('',(#13996),#14007,.F.);
#13996 = FACE_BOUND('',#13997,.T.);
#13997 = EDGE_LOOP('',(#13998,#13999,#14005,#14006));
#13998 = ORIENTED_EDGE('',*,*,#7872,.T.);
#13999 = ORIENTED_EDGE('',*,*,#14000,.T.);
#14000 = EDGE_CURVE('',#7873,#10684,#14001,.T.);
#14001 = LINE('',#14002,#14003);
#14002 = CARTESIAN_POINT('',(233.5,-156.05,-4.6E-02));
#14003 = VECTOR('',#14004,1.);
#14004 = DIRECTION('',(0.,0.,1.));
#14005 = ORIENTED_EDGE('',*,*,#10683,.F.);
#14006 = ORIENTED_EDGE('',*,*,#14000,.F.);
#14007 = CYLINDRICAL_SURFACE('',#14008,1.05);
#14008 = AXIS2_PLACEMENT_3D('',#14009,#14010,#14011);
#14009 = CARTESIAN_POINT('',(233.5,-155.,-4.6E-02));
#14010 = DIRECTION('',(-0.,-0.,-1.));
#14011 = DIRECTION('',(-0.,-1.,0.));
#14012 = ADVANCED_FACE('',(#14013),#14024,.F.);
#14013 = FACE_BOUND('',#14014,.T.);
#14014 = EDGE_LOOP('',(#14015,#14016,#14022,#14023));
#14015 = ORIENTED_EDGE('',*,*,#7883,.T.);
#14016 = ORIENTED_EDGE('',*,*,#14017,.T.);
#14017 = EDGE_CURVE('',#7884,#10695,#14018,.T.);
#14018 = LINE('',#14019,#14020);
#14019 = CARTESIAN_POINT('',(213.316259,-146.092404,-4.6E-02));
#14020 = VECTOR('',#14021,1.);
#14021 = DIRECTION('',(0.,0.,1.));
#14022 = ORIENTED_EDGE('',*,*,#10694,.F.);
#14023 = ORIENTED_EDGE('',*,*,#14017,.F.);
#14024 = CYLINDRICAL_SURFACE('',#14025,2.);
#14025 = AXIS2_PLACEMENT_3D('',#14026,#14027,#14028);
#14026 = CARTESIAN_POINT('',(213.316259,-144.092404,-4.6E-02));
#14027 = DIRECTION('',(-0.,-0.,-1.));
#14028 = DIRECTION('',(-0.,-1.,0.));
#14029 = ADVANCED_FACE('',(#14030),#14041,.F.);
#14030 = FACE_BOUND('',#14031,.T.);
#14031 = EDGE_LOOP('',(#14032,#14033,#14039,#14040));
#14032 = ORIENTED_EDGE('',*,*,#7894,.T.);
#14033 = ORIENTED_EDGE('',*,*,#14034,.T.);
#14034 = EDGE_CURVE('',#7895,#10706,#14035,.T.);
#14035 = LINE('',#14036,#14037);
#14036 = CARTESIAN_POINT('',(218.396259,-144.942404,-4.6E-02));
#14037 = VECTOR('',#14038,1.);
#14038 = DIRECTION('',(0.,0.,1.));
#14039 = ORIENTED_EDGE('',*,*,#10705,.F.);
#14040 = ORIENTED_EDGE('',*,*,#14034,.F.);
#14041 = CYLINDRICAL_SURFACE('',#14042,0.85);
#14042 = AXIS2_PLACEMENT_3D('',#14043,#14044,#14045);
#14043 = CARTESIAN_POINT('',(218.396259,-144.092404,-4.6E-02));
#14044 = DIRECTION('',(-0.,-0.,-1.));
#14045 = DIRECTION('',(-0.,-1.,0.));
#14046 = ADVANCED_FACE('',(#14047),#14058,.F.);
#14047 = FACE_BOUND('',#14048,.T.);
#14048 = EDGE_LOOP('',(#14049,#14050,#14056,#14057));
#14049 = ORIENTED_EDGE('',*,*,#7905,.T.);
#14050 = ORIENTED_EDGE('',*,*,#14051,.T.);
#14051 = EDGE_CURVE('',#7906,#10717,#14052,.T.);
#14052 = LINE('',#14053,#14054);
#14053 = CARTESIAN_POINT('',(189.779391,-142.323338,-4.6E-02));
#14054 = VECTOR('',#14055,1.);
#14055 = DIRECTION('',(0.,0.,1.));
#14056 = ORIENTED_EDGE('',*,*,#10716,.F.);
#14057 = ORIENTED_EDGE('',*,*,#14051,.F.);
#14058 = CYLINDRICAL_SURFACE('',#14059,0.75);
#14059 = AXIS2_PLACEMENT_3D('',#14060,#14061,#14062);
#14060 = CARTESIAN_POINT('',(189.779391,-141.573338,-4.6E-02));
#14061 = DIRECTION('',(-0.,-0.,-1.));
#14062 = DIRECTION('',(-0.,-1.,0.));
#14063 = ADVANCED_FACE('',(#14064),#14075,.F.);
#14064 = FACE_BOUND('',#14065,.T.);
#14065 = EDGE_LOOP('',(#14066,#14067,#14073,#14074));
#14066 = ORIENTED_EDGE('',*,*,#7916,.T.);
#14067 = ORIENTED_EDGE('',*,*,#14068,.T.);
#14068 = EDGE_CURVE('',#7917,#10728,#14069,.T.);
#14069 = LINE('',#14070,#14071);
#14070 = CARTESIAN_POINT('',(196.129391,-139.783338,-4.6E-02));
#14071 = VECTOR('',#14072,1.);
#14072 = DIRECTION('',(0.,0.,1.));
#14073 = ORIENTED_EDGE('',*,*,#10727,.F.);
#14074 = ORIENTED_EDGE('',*,*,#14068,.F.);
#14075 = CYLINDRICAL_SURFACE('',#14076,0.75);
#14076 = AXIS2_PLACEMENT_3D('',#14077,#14078,#14079);
#14077 = CARTESIAN_POINT('',(196.129391,-139.033338,-4.6E-02));
#14078 = DIRECTION('',(-0.,-0.,-1.));
#14079 = DIRECTION('',(-0.,-1.,0.));
#14080 = ADVANCED_FACE('',(#14081),#14092,.F.);
#14081 = FACE_BOUND('',#14082,.T.);
#14082 = EDGE_LOOP('',(#14083,#14084,#14090,#14091));
#14083 = ORIENTED_EDGE('',*,*,#7927,.T.);
#14084 = ORIENTED_EDGE('',*,*,#14085,.T.);
#14085 = EDGE_CURVE('',#7928,#10739,#14086,.T.);
#14086 = LINE('',#14087,#14088);
#14087 = CARTESIAN_POINT('',(209.506259,-142.302404,-4.6E-02));
#14088 = VECTOR('',#14089,1.);
#14089 = DIRECTION('',(0.,0.,1.));
#14090 = ORIENTED_EDGE('',*,*,#10738,.F.);
#14091 = ORIENTED_EDGE('',*,*,#14085,.F.);
#14092 = CYLINDRICAL_SURFACE('',#14093,0.75);
#14093 = AXIS2_PLACEMENT_3D('',#14094,#14095,#14096);
#14094 = CARTESIAN_POINT('',(209.506259,-141.552404,-4.6E-02));
#14095 = DIRECTION('',(-0.,-0.,-1.));
#14096 = DIRECTION('',(-0.,-1.,0.));
#14097 = ADVANCED_FACE('',(#14098),#14109,.F.);
#14098 = FACE_BOUND('',#14099,.T.);
#14099 = EDGE_LOOP('',(#14100,#14101,#14107,#14108));
#14100 = ORIENTED_EDGE('',*,*,#7938,.T.);
#14101 = ORIENTED_EDGE('',*,*,#14102,.T.);
#14102 = EDGE_CURVE('',#7939,#10750,#14103,.T.);
#14103 = LINE('',#14104,#14105);
#14104 = CARTESIAN_POINT('',(215.856259,-139.762404,-4.6E-02));
#14105 = VECTOR('',#14106,1.);
#14106 = DIRECTION('',(0.,0.,1.));
#14107 = ORIENTED_EDGE('',*,*,#10749,.F.);
#14108 = ORIENTED_EDGE('',*,*,#14102,.F.);
#14109 = CYLINDRICAL_SURFACE('',#14110,0.75);
#14110 = AXIS2_PLACEMENT_3D('',#14111,#14112,#14113);
#14111 = CARTESIAN_POINT('',(215.856259,-139.012404,-4.6E-02));
#14112 = DIRECTION('',(-0.,-0.,-1.));
#14113 = DIRECTION('',(-0.,-1.,0.));
#14114 = ADVANCED_FACE('',(#14115),#14126,.F.);
#14115 = FACE_BOUND('',#14116,.T.);
#14116 = EDGE_LOOP('',(#14117,#14118,#14124,#14125));
#14117 = ORIENTED_EDGE('',*,*,#7949,.T.);
#14118 = ORIENTED_EDGE('',*,*,#14119,.T.);
#14119 = EDGE_CURVE('',#7950,#10761,#14120,.T.);
#14120 = LINE('',#14121,#14122);
#14121 = CARTESIAN_POINT('',(132.10247,-124.385969,-4.6E-02));
#14122 = VECTOR('',#14123,1.);
#14123 = DIRECTION('',(0.,0.,1.));
#14124 = ORIENTED_EDGE('',*,*,#10760,.F.);
#14125 = ORIENTED_EDGE('',*,*,#14119,.F.);
#14126 = CYLINDRICAL_SURFACE('',#14127,0.85);
#14127 = AXIS2_PLACEMENT_3D('',#14128,#14129,#14130);
#14128 = CARTESIAN_POINT('',(132.10247,-123.535969,-4.6E-02));
#14129 = DIRECTION('',(-0.,0.,-1.));
#14130 = DIRECTION('',(3.343730521224E-14,-1.,-0.));
#14131 = ADVANCED_FACE('',(#14132),#14143,.F.);
#14132 = FACE_BOUND('',#14133,.T.);
#14133 = EDGE_LOOP('',(#14134,#14135,#14141,#14142));
#14134 = ORIENTED_EDGE('',*,*,#7960,.T.);
#14135 = ORIENTED_EDGE('',*,*,#14136,.T.);
#14136 = EDGE_CURVE('',#7961,#10772,#14137,.T.);
#14137 = LINE('',#14138,#14139);
#14138 = CARTESIAN_POINT('',(141.427296,-124.40524,-4.6E-02));
#14139 = VECTOR('',#14140,1.);
#14140 = DIRECTION('',(0.,0.,1.));
#14141 = ORIENTED_EDGE('',*,*,#10771,.F.);
#14142 = ORIENTED_EDGE('',*,*,#14136,.F.);
#14143 = CYLINDRICAL_SURFACE('',#14144,0.85);
#14144 = AXIS2_PLACEMENT_3D('',#14145,#14146,#14147);
#14145 = CARTESIAN_POINT('',(141.427296,-123.55524,-4.6E-02));
#14146 = DIRECTION('',(-0.,-0.,-1.));
#14147 = DIRECTION('',(-0.,-1.,0.));
#14148 = ADVANCED_FACE('',(#14149),#14160,.F.);
#14149 = FACE_BOUND('',#14150,.T.);
#14150 = EDGE_LOOP('',(#14151,#14152,#14158,#14159));
#14151 = ORIENTED_EDGE('',*,*,#7971,.T.);
#14152 = ORIENTED_EDGE('',*,*,#14153,.T.);
#14153 = EDGE_CURVE('',#7972,#10783,#14154,.T.);
#14154 = LINE('',#14155,#14156);
#14155 = CARTESIAN_POINT('',(146.507296,-125.55524,-4.6E-02));
#14156 = VECTOR('',#14157,1.);
#14157 = DIRECTION('',(0.,0.,1.));
#14158 = ORIENTED_EDGE('',*,*,#10782,.F.);
#14159 = ORIENTED_EDGE('',*,*,#14153,.F.);
#14160 = CYLINDRICAL_SURFACE('',#14161,2.);
#14161 = AXIS2_PLACEMENT_3D('',#14162,#14163,#14164);
#14162 = CARTESIAN_POINT('',(146.507296,-123.55524,-4.6E-02));
#14163 = DIRECTION('',(-0.,-0.,-1.));
#14164 = DIRECTION('',(-0.,-1.,0.));
#14165 = ADVANCED_FACE('',(#14166),#14177,.F.);
#14166 = FACE_BOUND('',#14167,.T.);
#14167 = EDGE_LOOP('',(#14168,#14169,#14175,#14176));
#14168 = ORIENTED_EDGE('',*,*,#7982,.T.);
#14169 = ORIENTED_EDGE('',*,*,#14170,.T.);
#14170 = EDGE_CURVE('',#7983,#10794,#14171,.T.);
#14171 = LINE('',#14172,#14173);
#14172 = CARTESIAN_POINT('',(151.587296,-124.40524,-4.6E-02));
#14173 = VECTOR('',#14174,1.);
#14174 = DIRECTION('',(0.,0.,1.));
#14175 = ORIENTED_EDGE('',*,*,#10793,.F.);
#14176 = ORIENTED_EDGE('',*,*,#14170,.F.);
#14177 = CYLINDRICAL_SURFACE('',#14178,0.85);
#14178 = AXIS2_PLACEMENT_3D('',#14179,#14180,#14181);
#14179 = CARTESIAN_POINT('',(151.587296,-123.55524,-4.6E-02));
#14180 = DIRECTION('',(-0.,0.,-1.));
#14181 = DIRECTION('',(3.343730521224E-14,-1.,-0.));
#14182 = ADVANCED_FACE('',(#14183),#14194,.F.);
#14183 = FACE_BOUND('',#14184,.T.);
#14184 = EDGE_LOOP('',(#14185,#14186,#14192,#14193));
#14185 = ORIENTED_EDGE('',*,*,#7993,.T.);
#14186 = ORIENTED_EDGE('',*,*,#14187,.T.);
#14187 = EDGE_CURVE('',#7994,#10805,#14188,.T.);
#14188 = LINE('',#14189,#14190);
#14189 = CARTESIAN_POINT('',(142.697296,-121.76524,-4.6E-02));
#14190 = VECTOR('',#14191,1.);
#14191 = DIRECTION('',(0.,0.,1.));
#14192 = ORIENTED_EDGE('',*,*,#10804,.F.);
#14193 = ORIENTED_EDGE('',*,*,#14187,.F.);
#14194 = CYLINDRICAL_SURFACE('',#14195,0.75);
#14195 = AXIS2_PLACEMENT_3D('',#14196,#14197,#14198);
#14196 = CARTESIAN_POINT('',(142.697296,-121.01524,-4.6E-02));
#14197 = DIRECTION('',(-0.,-0.,-1.));
#14198 = DIRECTION('',(-0.,-1.,0.));
#14199 = ADVANCED_FACE('',(#14200),#14211,.F.);
#14200 = FACE_BOUND('',#14201,.T.);
#14201 = EDGE_LOOP('',(#14202,#14203,#14209,#14210));
#14202 = ORIENTED_EDGE('',*,*,#8004,.T.);
#14203 = ORIENTED_EDGE('',*,*,#14204,.T.);
#14204 = EDGE_CURVE('',#8005,#10816,#14205,.T.);
#14205 = LINE('',#14206,#14207);
#14206 = CARTESIAN_POINT('',(149.047296,-119.22524,-4.6E-02));
#14207 = VECTOR('',#14208,1.);
#14208 = DIRECTION('',(0.,0.,1.));
#14209 = ORIENTED_EDGE('',*,*,#10815,.F.);
#14210 = ORIENTED_EDGE('',*,*,#14204,.F.);
#14211 = CYLINDRICAL_SURFACE('',#14212,0.75);
#14212 = AXIS2_PLACEMENT_3D('',#14213,#14214,#14215);
#14213 = CARTESIAN_POINT('',(149.047296,-118.47524,-4.6E-02));
#14214 = DIRECTION('',(-0.,-0.,-1.));
#14215 = DIRECTION('',(-0.,-1.,0.));
#14216 = ADVANCED_FACE('',(#14217),#14228,.F.);
#14217 = FACE_BOUND('',#14218,.T.);
#14218 = EDGE_LOOP('',(#14219,#14220,#14226,#14227));
#14219 = ORIENTED_EDGE('',*,*,#8015,.T.);
#14220 = ORIENTED_EDGE('',*,*,#14221,.T.);
#14221 = EDGE_CURVE('',#8016,#10827,#14222,.T.);
#14222 = LINE('',#14223,#14224);
#14223 = CARTESIAN_POINT('',(161.139557,-124.644232,-4.6E-02));
#14224 = VECTOR('',#14225,1.);
#14225 = DIRECTION('',(0.,0.,1.));
#14226 = ORIENTED_EDGE('',*,*,#10826,.F.);
#14227 = ORIENTED_EDGE('',*,*,#14221,.F.);
#14228 = CYLINDRICAL_SURFACE('',#14229,0.85);
#14229 = AXIS2_PLACEMENT_3D('',#14230,#14231,#14232);
#14230 = CARTESIAN_POINT('',(161.139557,-123.794232,-4.6E-02));
#14231 = DIRECTION('',(-0.,-0.,-1.));
#14232 = DIRECTION('',(-0.,-1.,0.));
#14233 = ADVANCED_FACE('',(#14234),#14245,.F.);
#14234 = FACE_BOUND('',#14235,.T.);
#14235 = EDGE_LOOP('',(#14236,#14237,#14243,#14244));
#14236 = ORIENTED_EDGE('',*,*,#8026,.T.);
#14237 = ORIENTED_EDGE('',*,*,#14238,.T.);
#14238 = EDGE_CURVE('',#8027,#10838,#14239,.T.);
#14239 = LINE('',#14240,#14241);
#14240 = CARTESIAN_POINT('',(162.409557,-122.004232,-4.6E-02));
#14241 = VECTOR('',#14242,1.);
#14242 = DIRECTION('',(0.,0.,1.));
#14243 = ORIENTED_EDGE('',*,*,#10837,.F.);
#14244 = ORIENTED_EDGE('',*,*,#14238,.F.);
#14245 = CYLINDRICAL_SURFACE('',#14246,0.75);
#14246 = AXIS2_PLACEMENT_3D('',#14247,#14248,#14249);
#14247 = CARTESIAN_POINT('',(162.409557,-121.254232,-4.6E-02));
#14248 = DIRECTION('',(-0.,-0.,-1.));
#14249 = DIRECTION('',(-0.,-1.,0.));
#14250 = ADVANCED_FACE('',(#14251),#14262,.F.);
#14251 = FACE_BOUND('',#14252,.T.);
#14252 = EDGE_LOOP('',(#14253,#14254,#14260,#14261));
#14253 = ORIENTED_EDGE('',*,*,#8037,.T.);
#14254 = ORIENTED_EDGE('',*,*,#14255,.T.);
#14255 = EDGE_CURVE('',#8038,#10849,#14256,.T.);
#14256 = LINE('',#14257,#14258);
#14257 = CARTESIAN_POINT('',(166.219557,-125.794232,-4.6E-02));
#14258 = VECTOR('',#14259,1.);
#14259 = DIRECTION('',(0.,0.,1.));
#14260 = ORIENTED_EDGE('',*,*,#10848,.F.);
#14261 = ORIENTED_EDGE('',*,*,#14255,.F.);
#14262 = CYLINDRICAL_SURFACE('',#14263,2.);
#14263 = AXIS2_PLACEMENT_3D('',#14264,#14265,#14266);
#14264 = CARTESIAN_POINT('',(166.219557,-123.794232,-4.6E-02));
#14265 = DIRECTION('',(-0.,-0.,-1.));
#14266 = DIRECTION('',(-0.,-1.,0.));
#14267 = ADVANCED_FACE('',(#14268),#14279,.F.);
#14268 = FACE_BOUND('',#14269,.T.);
#14269 = EDGE_LOOP('',(#14270,#14271,#14277,#14278));
#14270 = ORIENTED_EDGE('',*,*,#8048,.T.);
#14271 = ORIENTED_EDGE('',*,*,#14272,.T.);
#14272 = EDGE_CURVE('',#8049,#10860,#14273,.T.);
#14273 = LINE('',#14274,#14275);
#14274 = CARTESIAN_POINT('',(171.299557,-124.644232,-4.6E-02));
#14275 = VECTOR('',#14276,1.);
#14276 = DIRECTION('',(0.,0.,1.));
#14277 = ORIENTED_EDGE('',*,*,#10859,.F.);
#14278 = ORIENTED_EDGE('',*,*,#14272,.F.);
#14279 = CYLINDRICAL_SURFACE('',#14280,0.85);
#14280 = AXIS2_PLACEMENT_3D('',#14281,#14282,#14283);
#14281 = CARTESIAN_POINT('',(171.299557,-123.794232,-4.6E-02));
#14282 = DIRECTION('',(-0.,-0.,-1.));
#14283 = DIRECTION('',(-0.,-1.,0.));
#14284 = ADVANCED_FACE('',(#14285),#14296,.F.);
#14285 = FACE_BOUND('',#14286,.T.);
#14286 = EDGE_LOOP('',(#14287,#14288,#14294,#14295));
#14287 = ORIENTED_EDGE('',*,*,#8059,.T.);
#14288 = ORIENTED_EDGE('',*,*,#14289,.T.);
#14289 = EDGE_CURVE('',#8060,#10871,#14290,.T.);
#14290 = LINE('',#14291,#14292);
#14291 = CARTESIAN_POINT('',(180.683026,-124.543789,-4.6E-02));
#14292 = VECTOR('',#14293,1.);
#14293 = DIRECTION('',(0.,0.,1.));
#14294 = ORIENTED_EDGE('',*,*,#10870,.F.);
#14295 = ORIENTED_EDGE('',*,*,#14289,.F.);
#14296 = CYLINDRICAL_SURFACE('',#14297,0.85);
#14297 = AXIS2_PLACEMENT_3D('',#14298,#14299,#14300);
#14298 = CARTESIAN_POINT('',(180.683026,-123.693789,-4.6E-02));
#14299 = DIRECTION('',(-0.,0.,-1.));
#14300 = DIRECTION('',(3.343730521224E-14,-1.,-0.));
#14301 = ADVANCED_FACE('',(#14302),#14313,.F.);
#14302 = FACE_BOUND('',#14303,.T.);
#14303 = EDGE_LOOP('',(#14304,#14305,#14311,#14312));
#14304 = ORIENTED_EDGE('',*,*,#8070,.T.);
#14305 = ORIENTED_EDGE('',*,*,#14306,.T.);
#14306 = EDGE_CURVE('',#8071,#10882,#14307,.T.);
#14307 = LINE('',#14308,#14309);
#14308 = CARTESIAN_POINT('',(181.953026,-121.903789,-4.6E-02));
#14309 = VECTOR('',#14310,1.);
#14310 = DIRECTION('',(0.,0.,1.));
#14311 = ORIENTED_EDGE('',*,*,#10881,.F.);
#14312 = ORIENTED_EDGE('',*,*,#14306,.F.);
#14313 = CYLINDRICAL_SURFACE('',#14314,0.75);
#14314 = AXIS2_PLACEMENT_3D('',#14315,#14316,#14317);
#14315 = CARTESIAN_POINT('',(181.953026,-121.153789,-4.6E-02));
#14316 = DIRECTION('',(-0.,-0.,-1.));
#14317 = DIRECTION('',(-0.,-1.,0.));
#14318 = ADVANCED_FACE('',(#14319),#14330,.F.);
#14319 = FACE_BOUND('',#14320,.T.);
#14320 = EDGE_LOOP('',(#14321,#14322,#14328,#14329));
#14321 = ORIENTED_EDGE('',*,*,#8081,.T.);
#14322 = ORIENTED_EDGE('',*,*,#14323,.T.);
#14323 = EDGE_CURVE('',#8082,#10893,#14324,.T.);
#14324 = LINE('',#14325,#14326);
#14325 = CARTESIAN_POINT('',(168.759557,-119.464232,-4.6E-02));
#14326 = VECTOR('',#14327,1.);
#14327 = DIRECTION('',(0.,0.,1.));
#14328 = ORIENTED_EDGE('',*,*,#10892,.F.);
#14329 = ORIENTED_EDGE('',*,*,#14323,.F.);
#14330 = CYLINDRICAL_SURFACE('',#14331,0.75);
#14331 = AXIS2_PLACEMENT_3D('',#14332,#14333,#14334);
#14332 = CARTESIAN_POINT('',(168.759557,-118.714232,-4.6E-02));
#14333 = DIRECTION('',(-0.,-0.,-1.));
#14334 = DIRECTION('',(-0.,-1.,0.));
#14335 = ADVANCED_FACE('',(#14336),#14347,.F.);
#14336 = FACE_BOUND('',#14337,.T.);
#14337 = EDGE_LOOP('',(#14338,#14339,#14345,#14346));
#14338 = ORIENTED_EDGE('',*,*,#8092,.T.);
#14339 = ORIENTED_EDGE('',*,*,#14340,.T.);
#14340 = EDGE_CURVE('',#8093,#10904,#14341,.T.);
#14341 = LINE('',#14342,#14343);
#14342 = CARTESIAN_POINT('',(130.34,-102.85,-4.6E-02));
#14343 = VECTOR('',#14344,1.);
#14344 = DIRECTION('',(0.,0.,1.));
#14345 = ORIENTED_EDGE('',*,*,#10903,.F.);
#14346 = ORIENTED_EDGE('',*,*,#14340,.F.);
#14347 = CYLINDRICAL_SURFACE('',#14348,0.85);
#14348 = AXIS2_PLACEMENT_3D('',#14349,#14350,#14351);
#14349 = CARTESIAN_POINT('',(130.34,-102.,-4.6E-02));
#14350 = DIRECTION('',(-0.,-0.,-1.));
#14351 = DIRECTION('',(-0.,-1.,0.));
#14352 = ADVANCED_FACE('',(#14353),#14364,.F.);
#14353 = FACE_BOUND('',#14354,.T.);
#14354 = EDGE_LOOP('',(#14355,#14356,#14362,#14363));
#14355 = ORIENTED_EDGE('',*,*,#8103,.T.);
#14356 = ORIENTED_EDGE('',*,*,#14357,.T.);
#14357 = EDGE_CURVE('',#8104,#10915,#14358,.T.);
#14358 = LINE('',#14359,#14360);
#14359 = CARTESIAN_POINT('',(135.42,-104.,-4.6E-02));
#14360 = VECTOR('',#14361,1.);
#14361 = DIRECTION('',(0.,0.,1.));
#14362 = ORIENTED_EDGE('',*,*,#10914,.F.);
#14363 = ORIENTED_EDGE('',*,*,#14357,.F.);
#14364 = CYLINDRICAL_SURFACE('',#14365,2.);
#14365 = AXIS2_PLACEMENT_3D('',#14366,#14367,#14368);
#14366 = CARTESIAN_POINT('',(135.42,-102.,-4.6E-02));
#14367 = DIRECTION('',(-0.,-0.,-1.));
#14368 = DIRECTION('',(-0.,-1.,0.));
#14369 = ADVANCED_FACE('',(#14370),#14381,.F.);
#14370 = FACE_BOUND('',#14371,.T.);
#14371 = EDGE_LOOP('',(#14372,#14373,#14379,#14380));
#14372 = ORIENTED_EDGE('',*,*,#8114,.T.);
#14373 = ORIENTED_EDGE('',*,*,#14374,.T.);
#14374 = EDGE_CURVE('',#8115,#10926,#14375,.T.);
#14375 = LINE('',#14376,#14377);
#14376 = CARTESIAN_POINT('',(140.5,-102.85,-4.6E-02));
#14377 = VECTOR('',#14378,1.);
#14378 = DIRECTION('',(0.,0.,1.));
#14379 = ORIENTED_EDGE('',*,*,#10925,.F.);
#14380 = ORIENTED_EDGE('',*,*,#14374,.F.);
#14381 = CYLINDRICAL_SURFACE('',#14382,0.85);
#14382 = AXIS2_PLACEMENT_3D('',#14383,#14384,#14385);
#14383 = CARTESIAN_POINT('',(140.5,-102.,-4.6E-02));
#14384 = DIRECTION('',(-0.,-0.,-1.));
#14385 = DIRECTION('',(-0.,-1.,0.));
#14386 = ADVANCED_FACE('',(#14387),#14398,.F.);
#14387 = FACE_BOUND('',#14388,.T.);
#14388 = EDGE_LOOP('',(#14389,#14390,#14396,#14397));
#14389 = ORIENTED_EDGE('',*,*,#8125,.T.);
#14390 = ORIENTED_EDGE('',*,*,#14391,.T.);
#14391 = EDGE_CURVE('',#8126,#10937,#14392,.T.);
#14392 = LINE('',#14393,#14394);
#14393 = CARTESIAN_POINT('',(150.484647,-102.907185,-4.6E-02));
#14394 = VECTOR('',#14395,1.);
#14395 = DIRECTION('',(0.,0.,1.));
#14396 = ORIENTED_EDGE('',*,*,#10936,.F.);
#14397 = ORIENTED_EDGE('',*,*,#14391,.F.);
#14398 = CYLINDRICAL_SURFACE('',#14399,0.85);
#14399 = AXIS2_PLACEMENT_3D('',#14400,#14401,#14402);
#14400 = CARTESIAN_POINT('',(150.484647,-102.057185,-4.6E-02));
#14401 = DIRECTION('',(-0.,-0.,-1.));
#14402 = DIRECTION('',(-0.,-1.,0.));
#14403 = ADVANCED_FACE('',(#14404),#14415,.F.);
#14404 = FACE_BOUND('',#14405,.T.);
#14405 = EDGE_LOOP('',(#14406,#14407,#14413,#14414));
#14406 = ORIENTED_EDGE('',*,*,#8136,.T.);
#14407 = ORIENTED_EDGE('',*,*,#14408,.T.);
#14408 = EDGE_CURVE('',#8137,#10948,#14409,.T.);
#14409 = LINE('',#14410,#14411);
#14410 = CARTESIAN_POINT('',(155.564647,-104.057185,-4.6E-02));
#14411 = VECTOR('',#14412,1.);
#14412 = DIRECTION('',(0.,0.,1.));
#14413 = ORIENTED_EDGE('',*,*,#10947,.F.);
#14414 = ORIENTED_EDGE('',*,*,#14408,.F.);
#14415 = CYLINDRICAL_SURFACE('',#14416,2.);
#14416 = AXIS2_PLACEMENT_3D('',#14417,#14418,#14419);
#14417 = CARTESIAN_POINT('',(155.564647,-102.057185,-4.6E-02));
#14418 = DIRECTION('',(-0.,-0.,-1.));
#14419 = DIRECTION('',(-0.,-1.,0.));
#14420 = ADVANCED_FACE('',(#14421),#14432,.F.);
#14421 = FACE_BOUND('',#14422,.T.);
#14422 = EDGE_LOOP('',(#14423,#14424,#14430,#14431));
#14423 = ORIENTED_EDGE('',*,*,#8147,.T.);
#14424 = ORIENTED_EDGE('',*,*,#14425,.T.);
#14425 = EDGE_CURVE('',#8148,#10959,#14426,.T.);
#14426 = LINE('',#14427,#14428);
#14427 = CARTESIAN_POINT('',(160.644647,-102.907185,-4.6E-02));
#14428 = VECTOR('',#14429,1.);
#14429 = DIRECTION('',(0.,0.,1.));
#14430 = ORIENTED_EDGE('',*,*,#10958,.F.);
#14431 = ORIENTED_EDGE('',*,*,#14425,.F.);
#14432 = CYLINDRICAL_SURFACE('',#14433,0.85);
#14433 = AXIS2_PLACEMENT_3D('',#14434,#14435,#14436);
#14434 = CARTESIAN_POINT('',(160.644647,-102.057185,-4.6E-02));
#14435 = DIRECTION('',(-0.,-0.,-1.));
#14436 = DIRECTION('',(-0.,-1.,0.));
#14437 = ADVANCED_FACE('',(#14438),#14449,.F.);
#14438 = FACE_BOUND('',#14439,.T.);
#14439 = EDGE_LOOP('',(#14440,#14441,#14447,#14448));
#14440 = ORIENTED_EDGE('',*,*,#8158,.T.);
#14441 = ORIENTED_EDGE('',*,*,#14442,.T.);
#14442 = EDGE_CURVE('',#8159,#10970,#14443,.T.);
#14443 = LINE('',#14444,#14445);
#14444 = CARTESIAN_POINT('',(169.985776,-102.777458,-4.6E-02));
#14445 = VECTOR('',#14446,1.);
#14446 = DIRECTION('',(0.,0.,1.));
#14447 = ORIENTED_EDGE('',*,*,#10969,.F.);
#14448 = ORIENTED_EDGE('',*,*,#14442,.F.);
#14449 = CYLINDRICAL_SURFACE('',#14450,0.85);
#14450 = AXIS2_PLACEMENT_3D('',#14451,#14452,#14453);
#14451 = CARTESIAN_POINT('',(169.985776,-101.927458,-4.6E-02));
#14452 = DIRECTION('',(-0.,-0.,-1.));
#14453 = DIRECTION('',(-0.,-1.,0.));
#14454 = ADVANCED_FACE('',(#14455),#14466,.F.);
#14455 = FACE_BOUND('',#14456,.T.);
#14456 = EDGE_LOOP('',(#14457,#14458,#14464,#14465));
#14457 = ORIENTED_EDGE('',*,*,#8169,.T.);
#14458 = ORIENTED_EDGE('',*,*,#14459,.T.);
#14459 = EDGE_CURVE('',#8170,#10981,#14460,.T.);
#14460 = LINE('',#14461,#14462);
#14461 = CARTESIAN_POINT('',(175.065776,-103.927458,-4.6E-02));
#14462 = VECTOR('',#14463,1.);
#14463 = DIRECTION('',(0.,0.,1.));
#14464 = ORIENTED_EDGE('',*,*,#10980,.F.);
#14465 = ORIENTED_EDGE('',*,*,#14459,.F.);
#14466 = CYLINDRICAL_SURFACE('',#14467,2.);
#14467 = AXIS2_PLACEMENT_3D('',#14468,#14469,#14470);
#14468 = CARTESIAN_POINT('',(175.065776,-101.927458,-4.6E-02));
#14469 = DIRECTION('',(-0.,-0.,-1.));
#14470 = DIRECTION('',(-0.,-1.,0.));
#14471 = ADVANCED_FACE('',(#14472),#14483,.F.);
#14472 = FACE_BOUND('',#14473,.T.);
#14473 = EDGE_LOOP('',(#14474,#14475,#14481,#14482));
#14474 = ORIENTED_EDGE('',*,*,#8180,.T.);
#14475 = ORIENTED_EDGE('',*,*,#14476,.T.);
#14476 = EDGE_CURVE('',#8181,#10992,#14477,.T.);
#14477 = LINE('',#14478,#14479);
#14478 = CARTESIAN_POINT('',(180.145776,-102.777458,-4.6E-02));
#14479 = VECTOR('',#14480,1.);
#14480 = DIRECTION('',(0.,0.,1.));
#14481 = ORIENTED_EDGE('',*,*,#10991,.F.);
#14482 = ORIENTED_EDGE('',*,*,#14476,.F.);
#14483 = CYLINDRICAL_SURFACE('',#14484,0.85);
#14484 = AXIS2_PLACEMENT_3D('',#14485,#14486,#14487);
#14485 = CARTESIAN_POINT('',(180.145776,-101.927458,-4.6E-02));
#14486 = DIRECTION('',(-0.,-0.,-1.));
#14487 = DIRECTION('',(-0.,-1.,0.));
#14488 = ADVANCED_FACE('',(#14489),#14500,.F.);
#14489 = FACE_BOUND('',#14490,.T.);
#14490 = EDGE_LOOP('',(#14491,#14492,#14498,#14499));
#14491 = ORIENTED_EDGE('',*,*,#8191,.T.);
#14492 = ORIENTED_EDGE('',*,*,#14493,.T.);
#14493 = EDGE_CURVE('',#8192,#11003,#14494,.T.);
#14494 = LINE('',#14495,#14496);
#14495 = CARTESIAN_POINT('',(185.763026,-125.693789,-4.6E-02));
#14496 = VECTOR('',#14497,1.);
#14497 = DIRECTION('',(0.,0.,1.));
#14498 = ORIENTED_EDGE('',*,*,#11002,.F.);
#14499 = ORIENTED_EDGE('',*,*,#14493,.F.);
#14500 = CYLINDRICAL_SURFACE('',#14501,2.);
#14501 = AXIS2_PLACEMENT_3D('',#14502,#14503,#14504);
#14502 = CARTESIAN_POINT('',(185.763026,-123.693789,-4.6E-02));
#14503 = DIRECTION('',(-0.,-0.,-1.));
#14504 = DIRECTION('',(-0.,-1.,0.));
#14505 = ADVANCED_FACE('',(#14506),#14517,.F.);
#14506 = FACE_BOUND('',#14507,.T.);
#14507 = EDGE_LOOP('',(#14508,#14509,#14515,#14516));
#14508 = ORIENTED_EDGE('',*,*,#8202,.T.);
#14509 = ORIENTED_EDGE('',*,*,#14510,.T.);
#14510 = EDGE_CURVE('',#8203,#11014,#14511,.T.);
#14511 = LINE('',#14512,#14513);
#14512 = CARTESIAN_POINT('',(190.843026,-124.543789,-4.6E-02));
#14513 = VECTOR('',#14514,1.);
#14514 = DIRECTION('',(0.,0.,1.));
#14515 = ORIENTED_EDGE('',*,*,#11013,.F.);
#14516 = ORIENTED_EDGE('',*,*,#14510,.F.);
#14517 = CYLINDRICAL_SURFACE('',#14518,0.85);
#14518 = AXIS2_PLACEMENT_3D('',#14519,#14520,#14521);
#14519 = CARTESIAN_POINT('',(190.843026,-123.693789,-4.6E-02));
#14520 = DIRECTION('',(-0.,-0.,-1.));
#14521 = DIRECTION('',(-0.,-1.,0.));
#14522 = ADVANCED_FACE('',(#14523),#14534,.F.);
#14523 = FACE_BOUND('',#14524,.T.);
#14524 = EDGE_LOOP('',(#14525,#14526,#14532,#14533));
#14525 = ORIENTED_EDGE('',*,*,#8213,.T.);
#14526 = ORIENTED_EDGE('',*,*,#14527,.T.);
#14527 = EDGE_CURVE('',#8214,#11025,#14528,.T.);
#14528 = LINE('',#14529,#14530);
#14529 = CARTESIAN_POINT('',(200.398313,-124.384792,-4.6E-02));
#14530 = VECTOR('',#14531,1.);
#14531 = DIRECTION('',(0.,0.,1.));
#14532 = ORIENTED_EDGE('',*,*,#11024,.F.);
#14533 = ORIENTED_EDGE('',*,*,#14527,.F.);
#14534 = CYLINDRICAL_SURFACE('',#14535,0.85);
#14535 = AXIS2_PLACEMENT_3D('',#14536,#14537,#14538);
#14536 = CARTESIAN_POINT('',(200.398313,-123.534792,-4.6E-02));
#14537 = DIRECTION('',(-0.,-0.,-1.));
#14538 = DIRECTION('',(-0.,-1.,0.));
#14539 = ADVANCED_FACE('',(#14540),#14551,.F.);
#14540 = FACE_BOUND('',#14541,.T.);
#14541 = EDGE_LOOP('',(#14542,#14543,#14549,#14550));
#14542 = ORIENTED_EDGE('',*,*,#8224,.T.);
#14543 = ORIENTED_EDGE('',*,*,#14544,.T.);
#14544 = EDGE_CURVE('',#8225,#11036,#14545,.T.);
#14545 = LINE('',#14546,#14547);
#14546 = CARTESIAN_POINT('',(205.478313,-125.534792,-4.6E-02));
#14547 = VECTOR('',#14548,1.);
#14548 = DIRECTION('',(0.,0.,1.));
#14549 = ORIENTED_EDGE('',*,*,#11035,.F.);
#14550 = ORIENTED_EDGE('',*,*,#14544,.F.);
#14551 = CYLINDRICAL_SURFACE('',#14552,2.);
#14552 = AXIS2_PLACEMENT_3D('',#14553,#14554,#14555);
#14553 = CARTESIAN_POINT('',(205.478313,-123.534792,-4.6E-02));
#14554 = DIRECTION('',(-0.,-0.,-1.));
#14555 = DIRECTION('',(-0.,-1.,0.));
#14556 = ADVANCED_FACE('',(#14557),#14568,.F.);
#14557 = FACE_BOUND('',#14558,.T.);
#14558 = EDGE_LOOP('',(#14559,#14560,#14566,#14567));
#14559 = ORIENTED_EDGE('',*,*,#8235,.T.);
#14560 = ORIENTED_EDGE('',*,*,#14561,.T.);
#14561 = EDGE_CURVE('',#8236,#11047,#14562,.T.);
#14562 = LINE('',#14563,#14564);
#14563 = CARTESIAN_POINT('',(188.303026,-119.363789,-4.6E-02));
#14564 = VECTOR('',#14565,1.);
#14565 = DIRECTION('',(0.,0.,1.));
#14566 = ORIENTED_EDGE('',*,*,#11046,.F.);
#14567 = ORIENTED_EDGE('',*,*,#14561,.F.);
#14568 = CYLINDRICAL_SURFACE('',#14569,0.75);
#14569 = AXIS2_PLACEMENT_3D('',#14570,#14571,#14572);
#14570 = CARTESIAN_POINT('',(188.303026,-118.613789,-4.6E-02));
#14571 = DIRECTION('',(-0.,-0.,-1.));
#14572 = DIRECTION('',(-0.,-1.,0.));
#14573 = ADVANCED_FACE('',(#14574),#14585,.F.);
#14574 = FACE_BOUND('',#14575,.T.);
#14575 = EDGE_LOOP('',(#14576,#14577,#14583,#14584));
#14576 = ORIENTED_EDGE('',*,*,#8246,.T.);
#14577 = ORIENTED_EDGE('',*,*,#14578,.T.);
#14578 = EDGE_CURVE('',#8247,#11058,#14579,.T.);
#14579 = LINE('',#14580,#14581);
#14580 = CARTESIAN_POINT('',(201.668313,-121.744792,-4.6E-02));
#14581 = VECTOR('',#14582,1.);
#14582 = DIRECTION('',(0.,0.,1.));
#14583 = ORIENTED_EDGE('',*,*,#11057,.F.);
#14584 = ORIENTED_EDGE('',*,*,#14578,.F.);
#14585 = CYLINDRICAL_SURFACE('',#14586,0.75);
#14586 = AXIS2_PLACEMENT_3D('',#14587,#14588,#14589);
#14587 = CARTESIAN_POINT('',(201.668313,-120.994792,-4.6E-02));
#14588 = DIRECTION('',(-0.,-0.,-1.));
#14589 = DIRECTION('',(-0.,-1.,0.));
#14590 = ADVANCED_FACE('',(#14591),#14602,.F.);
#14591 = FACE_BOUND('',#14592,.T.);
#14592 = EDGE_LOOP('',(#14593,#14594,#14600,#14601));
#14593 = ORIENTED_EDGE('',*,*,#8257,.T.);
#14594 = ORIENTED_EDGE('',*,*,#14595,.T.);
#14595 = EDGE_CURVE('',#8258,#11069,#14596,.T.);
#14596 = LINE('',#14597,#14598);
#14597 = CARTESIAN_POINT('',(208.018313,-119.204792,-4.6E-02));
#14598 = VECTOR('',#14599,1.);
#14599 = DIRECTION('',(0.,0.,1.));
#14600 = ORIENTED_EDGE('',*,*,#11068,.F.);
#14601 = ORIENTED_EDGE('',*,*,#14595,.F.);
#14602 = CYLINDRICAL_SURFACE('',#14603,0.75);
#14603 = AXIS2_PLACEMENT_3D('',#14604,#14605,#14606);
#14604 = CARTESIAN_POINT('',(208.018313,-118.454792,-4.6E-02));
#14605 = DIRECTION('',(-0.,-0.,-1.));
#14606 = DIRECTION('',(-0.,-1.,0.));
#14607 = ADVANCED_FACE('',(#14608),#14619,.F.);
#14608 = FACE_BOUND('',#14609,.T.);
#14609 = EDGE_LOOP('',(#14610,#14611,#14617,#14618));
#14610 = ORIENTED_EDGE('',*,*,#8268,.T.);
#14611 = ORIENTED_EDGE('',*,*,#14612,.T.);
#14612 = EDGE_CURVE('',#8269,#11080,#14613,.T.);
#14613 = LINE('',#14614,#14615);
#14614 = CARTESIAN_POINT('',(210.558313,-124.384792,-4.6E-02));
#14615 = VECTOR('',#14616,1.);
#14616 = DIRECTION('',(0.,0.,1.));
#14617 = ORIENTED_EDGE('',*,*,#11079,.F.);
#14618 = ORIENTED_EDGE('',*,*,#14612,.F.);
#14619 = CYLINDRICAL_SURFACE('',#14620,0.85);
#14620 = AXIS2_PLACEMENT_3D('',#14621,#14622,#14623);
#14621 = CARTESIAN_POINT('',(210.558313,-123.534792,-4.6E-02));
#14622 = DIRECTION('',(-0.,-0.,-1.));
#14623 = DIRECTION('',(-0.,-1.,0.));
#14624 = ADVANCED_FACE('',(#14625),#14636,.F.);
#14625 = FACE_BOUND('',#14626,.T.);
#14626 = EDGE_LOOP('',(#14627,#14628,#14634,#14635));
#14627 = ORIENTED_EDGE('',*,*,#8279,.T.);
#14628 = ORIENTED_EDGE('',*,*,#14629,.T.);
#14629 = EDGE_CURVE('',#8280,#11091,#14630,.T.);
#14630 = LINE('',#14631,#14632);
#14631 = CARTESIAN_POINT('',(219.842986,-124.225764,-4.6E-02));
#14632 = VECTOR('',#14633,1.);
#14633 = DIRECTION('',(0.,0.,1.));
#14634 = ORIENTED_EDGE('',*,*,#11090,.F.);
#14635 = ORIENTED_EDGE('',*,*,#14629,.F.);
#14636 = CYLINDRICAL_SURFACE('',#14637,0.85);
#14637 = AXIS2_PLACEMENT_3D('',#14638,#14639,#14640);
#14638 = CARTESIAN_POINT('',(219.842986,-123.375764,-4.6E-02));
#14639 = DIRECTION('',(-0.,-0.,-1.));
#14640 = DIRECTION('',(-0.,-1.,0.));
#14641 = ADVANCED_FACE('',(#14642),#14653,.F.);
#14642 = FACE_BOUND('',#14643,.T.);
#14643 = EDGE_LOOP('',(#14644,#14645,#14651,#14652));
#14644 = ORIENTED_EDGE('',*,*,#8290,.T.);
#14645 = ORIENTED_EDGE('',*,*,#14646,.T.);
#14646 = EDGE_CURVE('',#8291,#11102,#14647,.T.);
#14647 = LINE('',#14648,#14649);
#14648 = CARTESIAN_POINT('',(224.922986,-125.375764,-4.6E-02));
#14649 = VECTOR('',#14650,1.);
#14650 = DIRECTION('',(0.,0.,1.));
#14651 = ORIENTED_EDGE('',*,*,#11101,.F.);
#14652 = ORIENTED_EDGE('',*,*,#14646,.F.);
#14653 = CYLINDRICAL_SURFACE('',#14654,2.);
#14654 = AXIS2_PLACEMENT_3D('',#14655,#14656,#14657);
#14655 = CARTESIAN_POINT('',(224.922986,-123.375764,-4.6E-02));
#14656 = DIRECTION('',(-0.,-0.,-1.));
#14657 = DIRECTION('',(-0.,-1.,0.));
#14658 = ADVANCED_FACE('',(#14659),#14670,.F.);
#14659 = FACE_BOUND('',#14660,.T.);
#14660 = EDGE_LOOP('',(#14661,#14662,#14668,#14669));
#14661 = ORIENTED_EDGE('',*,*,#8301,.T.);
#14662 = ORIENTED_EDGE('',*,*,#14663,.T.);
#14663 = EDGE_CURVE('',#8302,#11113,#14664,.T.);
#14664 = LINE('',#14665,#14666);
#14665 = CARTESIAN_POINT('',(230.002986,-124.225764,-4.6E-02));
#14666 = VECTOR('',#14667,1.);
#14667 = DIRECTION('',(0.,0.,1.));
#14668 = ORIENTED_EDGE('',*,*,#11112,.F.);
#14669 = ORIENTED_EDGE('',*,*,#14663,.F.);
#14670 = CYLINDRICAL_SURFACE('',#14671,0.85);
#14671 = AXIS2_PLACEMENT_3D('',#14672,#14673,#14674);
#14672 = CARTESIAN_POINT('',(230.002986,-123.375764,-4.6E-02));
#14673 = DIRECTION('',(-0.,-0.,-1.));
#14674 = DIRECTION('',(-0.,-1.,0.));
#14675 = ADVANCED_FACE('',(#14676),#14687,.F.);
#14676 = FACE_BOUND('',#14677,.T.);
#14677 = EDGE_LOOP('',(#14678,#14679,#14685,#14686));
#14678 = ORIENTED_EDGE('',*,*,#8312,.T.);
#14679 = ORIENTED_EDGE('',*,*,#14680,.T.);
#14680 = EDGE_CURVE('',#8313,#11124,#14681,.T.);
#14681 = LINE('',#14682,#14683);
#14682 = CARTESIAN_POINT('',(221.112986,-121.585764,-4.6E-02));
#14683 = VECTOR('',#14684,1.);
#14684 = DIRECTION('',(0.,0.,1.));
#14685 = ORIENTED_EDGE('',*,*,#11123,.F.);
#14686 = ORIENTED_EDGE('',*,*,#14680,.F.);
#14687 = CYLINDRICAL_SURFACE('',#14688,0.75);
#14688 = AXIS2_PLACEMENT_3D('',#14689,#14690,#14691);
#14689 = CARTESIAN_POINT('',(221.112986,-120.835764,-4.6E-02));
#14690 = DIRECTION('',(-0.,-0.,-1.));
#14691 = DIRECTION('',(-0.,-1.,0.));
#14692 = ADVANCED_FACE('',(#14693),#14704,.F.);
#14693 = FACE_BOUND('',#14694,.T.);
#14694 = EDGE_LOOP('',(#14695,#14696,#14702,#14703));
#14695 = ORIENTED_EDGE('',*,*,#8323,.T.);
#14696 = ORIENTED_EDGE('',*,*,#14697,.T.);
#14697 = EDGE_CURVE('',#8324,#11135,#14698,.T.);
#14698 = LINE('',#14699,#14700);
#14699 = CARTESIAN_POINT('',(227.462986,-119.045764,-4.6E-02));
#14700 = VECTOR('',#14701,1.);
#14701 = DIRECTION('',(0.,0.,1.));
#14702 = ORIENTED_EDGE('',*,*,#11134,.F.);
#14703 = ORIENTED_EDGE('',*,*,#14697,.F.);
#14704 = CYLINDRICAL_SURFACE('',#14705,0.75);
#14705 = AXIS2_PLACEMENT_3D('',#14706,#14707,#14708);
#14706 = CARTESIAN_POINT('',(227.462986,-118.295764,-4.6E-02));
#14707 = DIRECTION('',(-0.,-0.,-1.));
#14708 = DIRECTION('',(-0.,-1.,0.));
#14709 = ADVANCED_FACE('',(#14710),#14721,.F.);
#14710 = FACE_BOUND('',#14711,.T.);
#14711 = EDGE_LOOP('',(#14712,#14713,#14719,#14720));
#14712 = ORIENTED_EDGE('',*,*,#8334,.T.);
#14713 = ORIENTED_EDGE('',*,*,#14714,.T.);
#14714 = EDGE_CURVE('',#8335,#11146,#14715,.T.);
#14715 = LINE('',#14716,#14717);
#14716 = CARTESIAN_POINT('',(189.405661,-102.870471,-4.6E-02));
#14717 = VECTOR('',#14718,1.);
#14718 = DIRECTION('',(0.,0.,1.));
#14719 = ORIENTED_EDGE('',*,*,#11145,.F.);
#14720 = ORIENTED_EDGE('',*,*,#14714,.F.);
#14721 = CYLINDRICAL_SURFACE('',#14722,0.85);
#14722 = AXIS2_PLACEMENT_3D('',#14723,#14724,#14725);
#14723 = CARTESIAN_POINT('',(189.405661,-102.020471,-4.6E-02));
#14724 = DIRECTION('',(-0.,-0.,-1.));
#14725 = DIRECTION('',(-0.,-1.,0.));
#14726 = ADVANCED_FACE('',(#14727),#14738,.F.);
#14727 = FACE_BOUND('',#14728,.T.);
#14728 = EDGE_LOOP('',(#14729,#14730,#14736,#14737));
#14729 = ORIENTED_EDGE('',*,*,#8345,.T.);
#14730 = ORIENTED_EDGE('',*,*,#14731,.T.);
#14731 = EDGE_CURVE('',#8346,#11157,#14732,.T.);
#14732 = LINE('',#14733,#14734);
#14733 = CARTESIAN_POINT('',(194.485661,-104.020471,-4.6E-02));
#14734 = VECTOR('',#14735,1.);
#14735 = DIRECTION('',(0.,0.,1.));
#14736 = ORIENTED_EDGE('',*,*,#11156,.F.);
#14737 = ORIENTED_EDGE('',*,*,#14731,.F.);
#14738 = CYLINDRICAL_SURFACE('',#14739,2.);
#14739 = AXIS2_PLACEMENT_3D('',#14740,#14741,#14742);
#14740 = CARTESIAN_POINT('',(194.485661,-102.020471,-4.6E-02));
#14741 = DIRECTION('',(-0.,-0.,-1.));
#14742 = DIRECTION('',(-0.,-1.,0.));
#14743 = ADVANCED_FACE('',(#14744),#14755,.F.);
#14744 = FACE_BOUND('',#14745,.T.);
#14745 = EDGE_LOOP('',(#14746,#14747,#14753,#14754));
#14746 = ORIENTED_EDGE('',*,*,#8356,.T.);
#14747 = ORIENTED_EDGE('',*,*,#14748,.T.);
#14748 = EDGE_CURVE('',#8357,#11168,#14749,.T.);
#14749 = LINE('',#14750,#14751);
#14750 = CARTESIAN_POINT('',(199.565661,-102.870471,-4.6E-02));
#14751 = VECTOR('',#14752,1.);
#14752 = DIRECTION('',(0.,0.,1.));
#14753 = ORIENTED_EDGE('',*,*,#11167,.F.);
#14754 = ORIENTED_EDGE('',*,*,#14748,.F.);
#14755 = CYLINDRICAL_SURFACE('',#14756,0.85);
#14756 = AXIS2_PLACEMENT_3D('',#14757,#14758,#14759);
#14757 = CARTESIAN_POINT('',(199.565661,-102.020471,-4.6E-02));
#14758 = DIRECTION('',(-0.,-0.,-1.));
#14759 = DIRECTION('',(-0.,-1.,0.));
#14760 = ADVANCED_FACE('',(#14761),#14772,.F.);
#14761 = FACE_BOUND('',#14762,.T.);
#14762 = EDGE_LOOP('',(#14763,#14764,#14770,#14771));
#14763 = ORIENTED_EDGE('',*,*,#8367,.T.);
#14764 = ORIENTED_EDGE('',*,*,#14765,.T.);
#14765 = EDGE_CURVE('',#8368,#11179,#14766,.T.);
#14766 = LINE('',#14767,#14768);
#14767 = CARTESIAN_POINT('',(209.18883,-102.775325,-4.6E-02));
#14768 = VECTOR('',#14769,1.);
#14769 = DIRECTION('',(0.,0.,1.));
#14770 = ORIENTED_EDGE('',*,*,#11178,.F.);
#14771 = ORIENTED_EDGE('',*,*,#14765,.F.);
#14772 = CYLINDRICAL_SURFACE('',#14773,0.85);
#14773 = AXIS2_PLACEMENT_3D('',#14774,#14775,#14776);
#14774 = CARTESIAN_POINT('',(209.18883,-101.925325,-4.6E-02));
#14775 = DIRECTION('',(-0.,-0.,-1.));
#14776 = DIRECTION('',(-0.,-1.,0.));
#14777 = ADVANCED_FACE('',(#14778),#14789,.F.);
#14778 = FACE_BOUND('',#14779,.T.);
#14779 = EDGE_LOOP('',(#14780,#14781,#14787,#14788));
#14780 = ORIENTED_EDGE('',*,*,#8378,.T.);
#14781 = ORIENTED_EDGE('',*,*,#14782,.T.);
#14782 = EDGE_CURVE('',#8379,#11190,#14783,.T.);
#14783 = LINE('',#14784,#14785);
#14784 = CARTESIAN_POINT('',(214.26883,-103.925325,-4.6E-02));
#14785 = VECTOR('',#14786,1.);
#14786 = DIRECTION('',(0.,0.,1.));
#14787 = ORIENTED_EDGE('',*,*,#11189,.F.);
#14788 = ORIENTED_EDGE('',*,*,#14782,.F.);
#14789 = CYLINDRICAL_SURFACE('',#14790,2.);
#14790 = AXIS2_PLACEMENT_3D('',#14791,#14792,#14793);
#14791 = CARTESIAN_POINT('',(214.26883,-101.925325,-4.6E-02));
#14792 = DIRECTION('',(-0.,-0.,-1.));
#14793 = DIRECTION('',(-0.,-1.,0.));
#14794 = ADVANCED_FACE('',(#14795),#14806,.F.);
#14795 = FACE_BOUND('',#14796,.T.);
#14796 = EDGE_LOOP('',(#14797,#14798,#14804,#14805));
#14797 = ORIENTED_EDGE('',*,*,#8389,.T.);
#14798 = ORIENTED_EDGE('',*,*,#14799,.T.);
#14799 = EDGE_CURVE('',#8390,#11201,#14800,.T.);
#14800 = LINE('',#14801,#14802);
#14801 = CARTESIAN_POINT('',(219.34883,-102.775325,-4.6E-02));
#14802 = VECTOR('',#14803,1.);
#14803 = DIRECTION('',(0.,0.,1.));
#14804 = ORIENTED_EDGE('',*,*,#11200,.F.);
#14805 = ORIENTED_EDGE('',*,*,#14799,.F.);
#14806 = CYLINDRICAL_SURFACE('',#14807,0.85);
#14807 = AXIS2_PLACEMENT_3D('',#14808,#14809,#14810);
#14808 = CARTESIAN_POINT('',(219.34883,-101.925325,-4.6E-02));
#14809 = DIRECTION('',(-0.,-0.,-1.));
#14810 = DIRECTION('',(-0.,-1.,0.));
#14811 = ADVANCED_FACE('',(#14812),#14823,.F.);
#14812 = FACE_BOUND('',#14813,.T.);
#14813 = EDGE_LOOP('',(#14814,#14815,#14821,#14822));
#14814 = ORIENTED_EDGE('',*,*,#8400,.T.);
#14815 = ORIENTED_EDGE('',*,*,#14816,.T.);
#14816 = EDGE_CURVE('',#8401,#11212,#14817,.T.);
#14817 = LINE('',#14818,#14819);
#14818 = CARTESIAN_POINT('',(33.713777,-100.267185,-4.6E-02));
#14819 = VECTOR('',#14820,1.);
#14820 = DIRECTION('',(0.,0.,1.));
#14821 = ORIENTED_EDGE('',*,*,#11211,.F.);
#14822 = ORIENTED_EDGE('',*,*,#14816,.F.);
#14823 = CYLINDRICAL_SURFACE('',#14824,0.75);
#14824 = AXIS2_PLACEMENT_3D('',#14825,#14826,#14827);
#14825 = CARTESIAN_POINT('',(33.713777,-99.517185,-4.6E-02));
#14826 = DIRECTION('',(-0.,-0.,-1.));
#14827 = DIRECTION('',(-0.,-1.,0.));
#14828 = ADVANCED_FACE('',(#14829),#14840,.F.);
#14829 = FACE_BOUND('',#14830,.T.);
#14830 = EDGE_LOOP('',(#14831,#14832,#14838,#14839));
#14831 = ORIENTED_EDGE('',*,*,#8411,.T.);
#14832 = ORIENTED_EDGE('',*,*,#14833,.T.);
#14833 = EDGE_CURVE('',#8412,#11223,#14834,.T.);
#14834 = LINE('',#14835,#14836);
#14835 = CARTESIAN_POINT('',(40.063777,-97.727185,-4.6E-02));
#14836 = VECTOR('',#14837,1.);
#14837 = DIRECTION('',(0.,0.,1.));
#14838 = ORIENTED_EDGE('',*,*,#11222,.F.);
#14839 = ORIENTED_EDGE('',*,*,#14833,.F.);
#14840 = CYLINDRICAL_SURFACE('',#14841,0.75);
#14841 = AXIS2_PLACEMENT_3D('',#14842,#14843,#14844);
#14842 = CARTESIAN_POINT('',(40.063777,-96.977185,-4.6E-02));
#14843 = DIRECTION('',(-0.,-0.,-1.));
#14844 = DIRECTION('',(-0.,-1.,0.));
#14845 = ADVANCED_FACE('',(#14846),#14857,.F.);
#14846 = FACE_BOUND('',#14847,.T.);
#14847 = EDGE_LOOP('',(#14848,#14849,#14855,#14856));
#14848 = ORIENTED_EDGE('',*,*,#8422,.T.);
#14849 = ORIENTED_EDGE('',*,*,#14850,.T.);
#14850 = EDGE_CURVE('',#8423,#11234,#14851,.T.);
#14851 = LINE('',#14852,#14853);
#14852 = CARTESIAN_POINT('',(53.211373,-100.378753,-4.6E-02));
#14853 = VECTOR('',#14854,1.);
#14854 = DIRECTION('',(0.,0.,1.));
#14855 = ORIENTED_EDGE('',*,*,#11233,.F.);
#14856 = ORIENTED_EDGE('',*,*,#14850,.F.);
#14857 = CYLINDRICAL_SURFACE('',#14858,0.75);
#14858 = AXIS2_PLACEMENT_3D('',#14859,#14860,#14861);
#14859 = CARTESIAN_POINT('',(53.211373,-99.628753,-4.6E-02));
#14860 = DIRECTION('',(-0.,-0.,-1.));
#14861 = DIRECTION('',(-0.,-1.,0.));
#14862 = ADVANCED_FACE('',(#14863),#14874,.F.);
#14863 = FACE_BOUND('',#14864,.T.);
#14864 = EDGE_LOOP('',(#14865,#14866,#14872,#14873));
#14865 = ORIENTED_EDGE('',*,*,#8433,.T.);
#14866 = ORIENTED_EDGE('',*,*,#14867,.T.);
#14867 = EDGE_CURVE('',#8434,#11245,#14868,.T.);
#14868 = LINE('',#14869,#14870);
#14869 = CARTESIAN_POINT('',(59.561373,-97.838753,-4.6E-02));
#14870 = VECTOR('',#14871,1.);
#14871 = DIRECTION('',(0.,0.,1.));
#14872 = ORIENTED_EDGE('',*,*,#11244,.F.);
#14873 = ORIENTED_EDGE('',*,*,#14867,.F.);
#14874 = CYLINDRICAL_SURFACE('',#14875,0.75);
#14875 = AXIS2_PLACEMENT_3D('',#14876,#14877,#14878);
#14876 = CARTESIAN_POINT('',(59.561373,-97.088753,-4.6E-02));
#14877 = DIRECTION('',(-0.,-0.,-1.));
#14878 = DIRECTION('',(-0.,-1.,0.));
#14879 = ADVANCED_FACE('',(#14880),#14891,.F.);
#14880 = FACE_BOUND('',#14881,.T.);
#14881 = EDGE_LOOP('',(#14882,#14883,#14889,#14890));
#14882 = ORIENTED_EDGE('',*,*,#8444,.T.);
#14883 = ORIENTED_EDGE('',*,*,#14884,.T.);
#14884 = EDGE_CURVE('',#8445,#11256,#14885,.T.);
#14885 = LINE('',#14886,#14887);
#14886 = CARTESIAN_POINT('',(72.991748,-100.267185,-4.6E-02));
#14887 = VECTOR('',#14888,1.);
#14888 = DIRECTION('',(0.,0.,1.));
#14889 = ORIENTED_EDGE('',*,*,#11255,.F.);
#14890 = ORIENTED_EDGE('',*,*,#14884,.F.);
#14891 = CYLINDRICAL_SURFACE('',#14892,0.75);
#14892 = AXIS2_PLACEMENT_3D('',#14893,#14894,#14895);
#14893 = CARTESIAN_POINT('',(72.991748,-99.517185,-4.6E-02));
#14894 = DIRECTION('',(-0.,-0.,-1.));
#14895 = DIRECTION('',(-0.,-1.,0.));
#14896 = ADVANCED_FACE('',(#14897),#14908,.F.);
#14897 = FACE_BOUND('',#14898,.T.);
#14898 = EDGE_LOOP('',(#14899,#14900,#14906,#14907));
#14899 = ORIENTED_EDGE('',*,*,#8455,.T.);
#14900 = ORIENTED_EDGE('',*,*,#14901,.T.);
#14901 = EDGE_CURVE('',#8456,#11267,#14902,.T.);
#14902 = LINE('',#14903,#14904);
#14903 = CARTESIAN_POINT('',(43.294647,-81.370471,-4.6E-02));
#14904 = VECTOR('',#14905,1.);
#14905 = DIRECTION('',(0.,0.,1.));
#14906 = ORIENTED_EDGE('',*,*,#11266,.F.);
#14907 = ORIENTED_EDGE('',*,*,#14901,.F.);
#14908 = CYLINDRICAL_SURFACE('',#14909,0.85);
#14909 = AXIS2_PLACEMENT_3D('',#14910,#14911,#14912);
#14910 = CARTESIAN_POINT('',(43.294647,-80.520471,-4.6E-02));
#14911 = DIRECTION('',(-0.,-0.,-1.));
#14912 = DIRECTION('',(-0.,-1.,0.));
#14913 = ADVANCED_FACE('',(#14914),#14925,.F.);
#14914 = FACE_BOUND('',#14915,.T.);
#14915 = EDGE_LOOP('',(#14916,#14917,#14923,#14924));
#14916 = ORIENTED_EDGE('',*,*,#8466,.T.);
#14917 = ORIENTED_EDGE('',*,*,#14918,.T.);
#14918 = EDGE_CURVE('',#8467,#11278,#14919,.T.);
#14919 = LINE('',#14920,#14921);
#14920 = CARTESIAN_POINT('',(48.374647,-82.520471,-4.6E-02));
#14921 = VECTOR('',#14922,1.);
#14922 = DIRECTION('',(0.,0.,1.));
#14923 = ORIENTED_EDGE('',*,*,#11277,.F.);
#14924 = ORIENTED_EDGE('',*,*,#14918,.F.);
#14925 = CYLINDRICAL_SURFACE('',#14926,2.);
#14926 = AXIS2_PLACEMENT_3D('',#14927,#14928,#14929);
#14927 = CARTESIAN_POINT('',(48.374647,-80.520471,-4.6E-02));
#14928 = DIRECTION('',(-0.,-0.,-1.));
#14929 = DIRECTION('',(-0.,-1.,0.));
#14930 = ADVANCED_FACE('',(#14931),#14942,.F.);
#14931 = FACE_BOUND('',#14932,.T.);
#14932 = EDGE_LOOP('',(#14933,#14934,#14940,#14941));
#14933 = ORIENTED_EDGE('',*,*,#8477,.T.);
#14934 = ORIENTED_EDGE('',*,*,#14935,.T.);
#14935 = EDGE_CURVE('',#8478,#11289,#14936,.T.);
#14936 = LINE('',#14937,#14938);
#14937 = CARTESIAN_POINT('',(44.564647,-78.730471,-4.6E-02));
#14938 = VECTOR('',#14939,1.);
#14939 = DIRECTION('',(0.,0.,1.));
#14940 = ORIENTED_EDGE('',*,*,#11288,.F.);
#14941 = ORIENTED_EDGE('',*,*,#14935,.F.);
#14942 = CYLINDRICAL_SURFACE('',#14943,0.75);
#14943 = AXIS2_PLACEMENT_3D('',#14944,#14945,#14946);
#14944 = CARTESIAN_POINT('',(44.564647,-77.980471,-4.6E-02));
#14945 = DIRECTION('',(-0.,-0.,-1.));
#14946 = DIRECTION('',(-0.,-1.,0.));
#14947 = ADVANCED_FACE('',(#14948),#14959,.F.);
#14948 = FACE_BOUND('',#14949,.T.);
#14949 = EDGE_LOOP('',(#14950,#14951,#14957,#14958));
#14950 = ORIENTED_EDGE('',*,*,#8488,.T.);
#14951 = ORIENTED_EDGE('',*,*,#14952,.T.);
#14952 = EDGE_CURVE('',#8489,#11300,#14953,.T.);
#14953 = LINE('',#14954,#14955);
#14954 = CARTESIAN_POINT('',(53.454647,-81.370471,-4.6E-02));
#14955 = VECTOR('',#14956,1.);
#14956 = DIRECTION('',(0.,0.,1.));
#14957 = ORIENTED_EDGE('',*,*,#11299,.F.);
#14958 = ORIENTED_EDGE('',*,*,#14952,.F.);
#14959 = CYLINDRICAL_SURFACE('',#14960,0.85);
#14960 = AXIS2_PLACEMENT_3D('',#14961,#14962,#14963);
#14961 = CARTESIAN_POINT('',(53.454647,-80.520471,-4.6E-02));
#14962 = DIRECTION('',(-0.,-0.,-1.));
#14963 = DIRECTION('',(-0.,-1.,0.));
#14964 = ADVANCED_FACE('',(#14965),#14976,.F.);
#14965 = FACE_BOUND('',#14966,.T.);
#14966 = EDGE_LOOP('',(#14967,#14968,#14974,#14975));
#14967 = ORIENTED_EDGE('',*,*,#8499,.T.);
#14968 = ORIENTED_EDGE('',*,*,#14969,.T.);
#14969 = EDGE_CURVE('',#8500,#11311,#14970,.T.);
#14970 = LINE('',#14971,#14972);
#14971 = CARTESIAN_POINT('',(62.980581,-81.473799,-4.6E-02));
#14972 = VECTOR('',#14973,1.);
#14973 = DIRECTION('',(0.,0.,1.));
#14974 = ORIENTED_EDGE('',*,*,#11310,.F.);
#14975 = ORIENTED_EDGE('',*,*,#14969,.F.);
#14976 = CYLINDRICAL_SURFACE('',#14977,0.85);
#14977 = AXIS2_PLACEMENT_3D('',#14978,#14979,#14980);
#14978 = CARTESIAN_POINT('',(62.980581,-80.623799,-4.6E-02));
#14979 = DIRECTION('',(-0.,-0.,-1.));
#14980 = DIRECTION('',(-0.,-1.,0.));
#14981 = ADVANCED_FACE('',(#14982),#14993,.F.);
#14982 = FACE_BOUND('',#14983,.T.);
#14983 = EDGE_LOOP('',(#14984,#14985,#14991,#14992));
#14984 = ORIENTED_EDGE('',*,*,#8510,.T.);
#14985 = ORIENTED_EDGE('',*,*,#14986,.T.);
#14986 = EDGE_CURVE('',#8511,#11322,#14987,.T.);
#14987 = LINE('',#14988,#14989);
#14988 = CARTESIAN_POINT('',(68.060581,-82.623799,-4.6E-02));
#14989 = VECTOR('',#14990,1.);
#14990 = DIRECTION('',(0.,0.,1.));
#14991 = ORIENTED_EDGE('',*,*,#11321,.F.);
#14992 = ORIENTED_EDGE('',*,*,#14986,.F.);
#14993 = CYLINDRICAL_SURFACE('',#14994,2.);
#14994 = AXIS2_PLACEMENT_3D('',#14995,#14996,#14997);
#14995 = CARTESIAN_POINT('',(68.060581,-80.623799,-4.6E-02));
#14996 = DIRECTION('',(-0.,-0.,-1.));
#14997 = DIRECTION('',(-0.,-1.,0.));
#14998 = ADVANCED_FACE('',(#14999),#15010,.F.);
#14999 = FACE_BOUND('',#15000,.T.);
#15000 = EDGE_LOOP('',(#15001,#15002,#15008,#15009));
#15001 = ORIENTED_EDGE('',*,*,#8521,.T.);
#15002 = ORIENTED_EDGE('',*,*,#15003,.T.);
#15003 = EDGE_CURVE('',#8522,#11333,#15004,.T.);
#15004 = LINE('',#15005,#15006);
#15005 = CARTESIAN_POINT('',(73.140581,-81.473799,-4.6E-02));
#15006 = VECTOR('',#15007,1.);
#15007 = DIRECTION('',(0.,0.,1.));
#15008 = ORIENTED_EDGE('',*,*,#11332,.F.);
#15009 = ORIENTED_EDGE('',*,*,#15003,.F.);
#15010 = CYLINDRICAL_SURFACE('',#15011,0.85);
#15011 = AXIS2_PLACEMENT_3D('',#15012,#15013,#15014);
#15012 = CARTESIAN_POINT('',(73.140581,-80.623799,-4.6E-02));
#15013 = DIRECTION('',(-0.,-0.,-1.));
#15014 = DIRECTION('',(-0.,-1.,0.));
#15015 = ADVANCED_FACE('',(#15016),#15027,.F.);
#15016 = FACE_BOUND('',#15017,.T.);
#15017 = EDGE_LOOP('',(#15018,#15019,#15025,#15026));
#15018 = ORIENTED_EDGE('',*,*,#8532,.T.);
#15019 = ORIENTED_EDGE('',*,*,#15020,.T.);
#15020 = EDGE_CURVE('',#8533,#11344,#15021,.T.);
#15021 = LINE('',#15022,#15023);
#15022 = CARTESIAN_POINT('',(50.914647,-76.190471,-4.6E-02));
#15023 = VECTOR('',#15024,1.);
#15024 = DIRECTION('',(0.,0.,1.));
#15025 = ORIENTED_EDGE('',*,*,#11343,.F.);
#15026 = ORIENTED_EDGE('',*,*,#15020,.F.);
#15027 = CYLINDRICAL_SURFACE('',#15028,0.75);
#15028 = AXIS2_PLACEMENT_3D('',#15029,#15030,#15031);
#15029 = CARTESIAN_POINT('',(50.914647,-75.440471,-4.6E-02));
#15030 = DIRECTION('',(-0.,-0.,-1.));
#15031 = DIRECTION('',(-0.,-1.,0.));
#15032 = ADVANCED_FACE('',(#15033),#15044,.F.);
#15033 = FACE_BOUND('',#15034,.T.);
#15034 = EDGE_LOOP('',(#15035,#15036,#15042,#15043));
#15035 = ORIENTED_EDGE('',*,*,#8543,.T.);
#15036 = ORIENTED_EDGE('',*,*,#15037,.T.);
#15037 = EDGE_CURVE('',#8544,#11355,#15038,.T.);
#15038 = LINE('',#15039,#15040);
#15039 = CARTESIAN_POINT('',(64.250581,-78.833799,-4.6E-02));
#15040 = VECTOR('',#15041,1.);
#15041 = DIRECTION('',(0.,0.,1.));
#15042 = ORIENTED_EDGE('',*,*,#11354,.F.);
#15043 = ORIENTED_EDGE('',*,*,#15037,.F.);
#15044 = CYLINDRICAL_SURFACE('',#15045,0.75);
#15045 = AXIS2_PLACEMENT_3D('',#15046,#15047,#15048);
#15046 = CARTESIAN_POINT('',(64.250581,-78.083799,-4.6E-02));
#15047 = DIRECTION('',(-0.,-0.,-1.));
#15048 = DIRECTION('',(-0.,-1.,0.));
#15049 = ADVANCED_FACE('',(#15050),#15061,.F.);
#15050 = FACE_BOUND('',#15051,.T.);
#15051 = EDGE_LOOP('',(#15052,#15053,#15059,#15060));
#15052 = ORIENTED_EDGE('',*,*,#8554,.T.);
#15053 = ORIENTED_EDGE('',*,*,#15054,.T.);
#15054 = EDGE_CURVE('',#8555,#11366,#15055,.T.);
#15055 = LINE('',#15056,#15057);
#15056 = CARTESIAN_POINT('',(70.600581,-76.293799,-4.6E-02));
#15057 = VECTOR('',#15058,1.);
#15058 = DIRECTION('',(0.,0.,1.));
#15059 = ORIENTED_EDGE('',*,*,#11365,.F.);
#15060 = ORIENTED_EDGE('',*,*,#15054,.F.);
#15061 = CYLINDRICAL_SURFACE('',#15062,0.75);
#15062 = AXIS2_PLACEMENT_3D('',#15063,#15064,#15065);
#15063 = CARTESIAN_POINT('',(70.600581,-75.543799,-4.6E-02));
#15064 = DIRECTION('',(-0.,-0.,-1.));
#15065 = DIRECTION('',(-0.,-1.,0.));
#15066 = ADVANCED_FACE('',(#15067),#15078,.F.);
#15067 = FACE_BOUND('',#15068,.T.);
#15068 = EDGE_LOOP('',(#15069,#15070,#15076,#15077));
#15069 = ORIENTED_EDGE('',*,*,#8565,.T.);
#15070 = ORIENTED_EDGE('',*,*,#15071,.T.);
#15071 = EDGE_CURVE('',#8566,#11377,#15072,.T.);
#15072 = LINE('',#15073,#15074);
#15073 = CARTESIAN_POINT('',(79.341748,-97.727185,-4.6E-02));
#15074 = VECTOR('',#15075,1.);
#15075 = DIRECTION('',(0.,0.,1.));
#15076 = ORIENTED_EDGE('',*,*,#11376,.F.);
#15077 = ORIENTED_EDGE('',*,*,#15071,.F.);
#15078 = CYLINDRICAL_SURFACE('',#15079,0.75);
#15079 = AXIS2_PLACEMENT_3D('',#15080,#15081,#15082);
#15080 = CARTESIAN_POINT('',(79.341748,-96.977185,-4.6E-02));
#15081 = DIRECTION('',(-0.,-0.,-1.));
#15082 = DIRECTION('',(-0.,-1.,0.));
#15083 = ADVANCED_FACE('',(#15084),#15095,.F.);
#15084 = FACE_BOUND('',#15085,.T.);
#15085 = EDGE_LOOP('',(#15086,#15087,#15093,#15094));
#15086 = ORIENTED_EDGE('',*,*,#8576,.T.);
#15087 = ORIENTED_EDGE('',*,*,#15088,.T.);
#15088 = EDGE_CURVE('',#8577,#11388,#15089,.T.);
#15089 = LINE('',#15090,#15091);
#15090 = CARTESIAN_POINT('',(92.380734,-100.267185,-4.6E-02));
#15091 = VECTOR('',#15092,1.);
#15092 = DIRECTION('',(0.,0.,1.));
#15093 = ORIENTED_EDGE('',*,*,#11387,.F.);
#15094 = ORIENTED_EDGE('',*,*,#15088,.F.);
#15095 = CYLINDRICAL_SURFACE('',#15096,0.75);
#15096 = AXIS2_PLACEMENT_3D('',#15097,#15098,#15099);
#15097 = CARTESIAN_POINT('',(92.380734,-99.517185,-4.6E-02));
#15098 = DIRECTION('',(-0.,-0.,-1.));
#15099 = DIRECTION('',(-0.,-1.,0.));
#15100 = ADVANCED_FACE('',(#15101),#15112,.F.);
#15101 = FACE_BOUND('',#15102,.T.);
#15102 = EDGE_LOOP('',(#15103,#15104,#15110,#15111));
#15103 = ORIENTED_EDGE('',*,*,#8587,.T.);
#15104 = ORIENTED_EDGE('',*,*,#15105,.T.);
#15105 = EDGE_CURVE('',#8588,#11399,#15106,.T.);
#15106 = LINE('',#15107,#15108);
#15107 = CARTESIAN_POINT('',(98.730734,-97.727185,-4.6E-02));
#15108 = VECTOR('',#15109,1.);
#15109 = DIRECTION('',(0.,0.,1.));
#15110 = ORIENTED_EDGE('',*,*,#11398,.F.);
#15111 = ORIENTED_EDGE('',*,*,#15105,.F.);
#15112 = CYLINDRICAL_SURFACE('',#15113,0.75);
#15113 = AXIS2_PLACEMENT_3D('',#15114,#15115,#15116);
#15114 = CARTESIAN_POINT('',(98.730734,-96.977185,-4.6E-02));
#15115 = DIRECTION('',(-0.,-0.,-1.));
#15116 = DIRECTION('',(-0.,-1.,0.));
#15117 = ADVANCED_FACE('',(#15118),#15129,.F.);
#15118 = FACE_BOUND('',#15119,.T.);
#15119 = EDGE_LOOP('',(#15120,#15121,#15127,#15128));
#15120 = ORIENTED_EDGE('',*,*,#8598,.T.);
#15121 = ORIENTED_EDGE('',*,*,#15122,.T.);
#15122 = EDGE_CURVE('',#8599,#11410,#15123,.T.);
#15123 = LINE('',#15124,#15125);
#15124 = CARTESIAN_POINT('',(112.174647,-100.267185,-4.6E-02));
#15125 = VECTOR('',#15126,1.);
#15126 = DIRECTION('',(0.,0.,1.));
#15127 = ORIENTED_EDGE('',*,*,#11409,.F.);
#15128 = ORIENTED_EDGE('',*,*,#15122,.F.);
#15129 = CYLINDRICAL_SURFACE('',#15130,0.75);
#15130 = AXIS2_PLACEMENT_3D('',#15131,#15132,#15133);
#15131 = CARTESIAN_POINT('',(112.174647,-99.517185,-4.6E-02));
#15132 = DIRECTION('',(-0.,-0.,-1.));
#15133 = DIRECTION('',(-0.,-1.,0.));
#15134 = ADVANCED_FACE('',(#15135),#15146,.F.);
#15135 = FACE_BOUND('',#15136,.T.);
#15136 = EDGE_LOOP('',(#15137,#15138,#15144,#15145));
#15137 = ORIENTED_EDGE('',*,*,#8609,.T.);
#15138 = ORIENTED_EDGE('',*,*,#15139,.T.);
#15139 = EDGE_CURVE('',#8610,#11421,#15140,.T.);
#15140 = LINE('',#15141,#15142);
#15141 = CARTESIAN_POINT('',(118.524647,-97.727185,-4.6E-02));
#15142 = VECTOR('',#15143,1.);
#15143 = DIRECTION('',(0.,0.,1.));
#15144 = ORIENTED_EDGE('',*,*,#11420,.F.);
#15145 = ORIENTED_EDGE('',*,*,#15139,.F.);
#15146 = CYLINDRICAL_SURFACE('',#15147,0.75);
#15147 = AXIS2_PLACEMENT_3D('',#15148,#15149,#15150);
#15148 = CARTESIAN_POINT('',(118.524647,-96.977185,-4.6E-02));
#15149 = DIRECTION('',(-0.,-0.,-1.));
#15150 = DIRECTION('',(-0.,-1.,0.));
#15151 = ADVANCED_FACE('',(#15152),#15163,.F.);
#15152 = FACE_BOUND('',#15153,.T.);
#15153 = EDGE_LOOP('',(#15154,#15155,#15161,#15162));
#15154 = ORIENTED_EDGE('',*,*,#8620,.T.);
#15155 = ORIENTED_EDGE('',*,*,#15156,.T.);
#15156 = EDGE_CURVE('',#8621,#11432,#15157,.T.);
#15157 = LINE('',#15158,#15159);
#15158 = CARTESIAN_POINT('',(82.648833,-81.473799,-4.6E-02));
#15159 = VECTOR('',#15160,1.);
#15160 = DIRECTION('',(0.,0.,1.));
#15161 = ORIENTED_EDGE('',*,*,#11431,.F.);
#15162 = ORIENTED_EDGE('',*,*,#15156,.F.);
#15163 = CYLINDRICAL_SURFACE('',#15164,0.85);
#15164 = AXIS2_PLACEMENT_3D('',#15165,#15166,#15167);
#15165 = CARTESIAN_POINT('',(82.648833,-80.623799,-4.6E-02));
#15166 = DIRECTION('',(-0.,-0.,-1.));
#15167 = DIRECTION('',(-0.,-1.,0.));
#15168 = ADVANCED_FACE('',(#15169),#15180,.F.);
#15169 = FACE_BOUND('',#15170,.T.);
#15170 = EDGE_LOOP('',(#15171,#15172,#15178,#15179));
#15171 = ORIENTED_EDGE('',*,*,#8631,.T.);
#15172 = ORIENTED_EDGE('',*,*,#15173,.T.);
#15173 = EDGE_CURVE('',#8632,#11443,#15174,.T.);
#15174 = LINE('',#15175,#15176);
#15175 = CARTESIAN_POINT('',(87.728833,-82.623799,-4.6E-02));
#15176 = VECTOR('',#15177,1.);
#15177 = DIRECTION('',(0.,0.,1.));
#15178 = ORIENTED_EDGE('',*,*,#11442,.F.);
#15179 = ORIENTED_EDGE('',*,*,#15173,.F.);
#15180 = CYLINDRICAL_SURFACE('',#15181,2.);
#15181 = AXIS2_PLACEMENT_3D('',#15182,#15183,#15184);
#15182 = CARTESIAN_POINT('',(87.728833,-80.623799,-4.6E-02));
#15183 = DIRECTION('',(-0.,-0.,-1.));
#15184 = DIRECTION('',(-0.,-1.,0.));
#15185 = ADVANCED_FACE('',(#15186),#15197,.F.);
#15186 = FACE_BOUND('',#15187,.T.);
#15187 = EDGE_LOOP('',(#15188,#15189,#15195,#15196));
#15188 = ORIENTED_EDGE('',*,*,#8642,.T.);
#15189 = ORIENTED_EDGE('',*,*,#15190,.T.);
#15190 = EDGE_CURVE('',#8643,#11454,#15191,.T.);
#15191 = LINE('',#15192,#15193);
#15192 = CARTESIAN_POINT('',(92.808833,-81.473799,-4.6E-02));
#15193 = VECTOR('',#15194,1.);
#15194 = DIRECTION('',(0.,0.,1.));
#15195 = ORIENTED_EDGE('',*,*,#11453,.F.);
#15196 = ORIENTED_EDGE('',*,*,#15190,.F.);
#15197 = CYLINDRICAL_SURFACE('',#15198,0.85);
#15198 = AXIS2_PLACEMENT_3D('',#15199,#15200,#15201);
#15199 = CARTESIAN_POINT('',(92.808833,-80.623799,-4.6E-02));
#15200 = DIRECTION('',(-0.,0.,-1.));
#15201 = DIRECTION('',(1.671865260612E-14,-1.,-0.));
#15202 = ADVANCED_FACE('',(#15203),#15214,.F.);
#15203 = FACE_BOUND('',#15204,.T.);
#15204 = EDGE_LOOP('',(#15205,#15206,#15212,#15213));
#15205 = ORIENTED_EDGE('',*,*,#8653,.T.);
#15206 = ORIENTED_EDGE('',*,*,#15207,.T.);
#15207 = EDGE_CURVE('',#8654,#11465,#15208,.T.);
#15208 = LINE('',#15209,#15210);
#15209 = CARTESIAN_POINT('',(102.215912,-81.526412,-4.6E-02));
#15210 = VECTOR('',#15211,1.);
#15211 = DIRECTION('',(0.,0.,1.));
#15212 = ORIENTED_EDGE('',*,*,#11464,.F.);
#15213 = ORIENTED_EDGE('',*,*,#15207,.F.);
#15214 = CYLINDRICAL_SURFACE('',#15215,0.85);
#15215 = AXIS2_PLACEMENT_3D('',#15216,#15217,#15218);
#15216 = CARTESIAN_POINT('',(102.215912,-80.676412,-4.6E-02));
#15217 = DIRECTION('',(-0.,-0.,-1.));
#15218 = DIRECTION('',(-0.,-1.,0.));
#15219 = ADVANCED_FACE('',(#15220),#15231,.F.);
#15220 = FACE_BOUND('',#15221,.T.);
#15221 = EDGE_LOOP('',(#15222,#15223,#15229,#15230));
#15222 = ORIENTED_EDGE('',*,*,#8664,.T.);
#15223 = ORIENTED_EDGE('',*,*,#15224,.T.);
#15224 = EDGE_CURVE('',#8665,#11476,#15225,.T.);
#15225 = LINE('',#15226,#15227);
#15226 = CARTESIAN_POINT('',(83.918833,-78.833799,-4.6E-02));
#15227 = VECTOR('',#15228,1.);
#15228 = DIRECTION('',(0.,0.,1.));
#15229 = ORIENTED_EDGE('',*,*,#11475,.F.);
#15230 = ORIENTED_EDGE('',*,*,#15224,.F.);
#15231 = CYLINDRICAL_SURFACE('',#15232,0.75);
#15232 = AXIS2_PLACEMENT_3D('',#15233,#15234,#15235);
#15233 = CARTESIAN_POINT('',(83.918833,-78.083799,-4.6E-02));
#15234 = DIRECTION('',(-0.,-0.,-1.));
#15235 = DIRECTION('',(-0.,-1.,0.));
#15236 = ADVANCED_FACE('',(#15237),#15248,.F.);
#15237 = FACE_BOUND('',#15238,.T.);
#15238 = EDGE_LOOP('',(#15239,#15240,#15246,#15247));
#15239 = ORIENTED_EDGE('',*,*,#8675,.T.);
#15240 = ORIENTED_EDGE('',*,*,#15241,.T.);
#15241 = EDGE_CURVE('',#8676,#11487,#15242,.T.);
#15242 = LINE('',#15243,#15244);
#15243 = CARTESIAN_POINT('',(90.268833,-76.293799,-4.6E-02));
#15244 = VECTOR('',#15245,1.);
#15245 = DIRECTION('',(0.,0.,1.));
#15246 = ORIENTED_EDGE('',*,*,#11486,.F.);
#15247 = ORIENTED_EDGE('',*,*,#15241,.F.);
#15248 = CYLINDRICAL_SURFACE('',#15249,0.75);
#15249 = AXIS2_PLACEMENT_3D('',#15250,#15251,#15252);
#15250 = CARTESIAN_POINT('',(90.268833,-75.543799,-4.6E-02));
#15251 = DIRECTION('',(-0.,-0.,-1.));
#15252 = DIRECTION('',(-0.,-1.,0.));
#15253 = ADVANCED_FACE('',(#15254),#15265,.F.);
#15254 = FACE_BOUND('',#15255,.T.);
#15255 = EDGE_LOOP('',(#15256,#15257,#15263,#15264));
#15256 = ORIENTED_EDGE('',*,*,#8686,.T.);
#15257 = ORIENTED_EDGE('',*,*,#15258,.T.);
#15258 = EDGE_CURVE('',#8687,#11498,#15259,.T.);
#15259 = LINE('',#15260,#15261);
#15260 = CARTESIAN_POINT('',(103.485912,-78.886412,-4.6E-02));
#15261 = VECTOR('',#15262,1.);
#15262 = DIRECTION('',(0.,0.,1.));
#15263 = ORIENTED_EDGE('',*,*,#11497,.F.);
#15264 = ORIENTED_EDGE('',*,*,#15258,.F.);
#15265 = CYLINDRICAL_SURFACE('',#15266,0.75);
#15266 = AXIS2_PLACEMENT_3D('',#15267,#15268,#15269);
#15267 = CARTESIAN_POINT('',(103.485912,-78.136412,-4.6E-02));
#15268 = DIRECTION('',(-0.,-0.,-1.));
#15269 = DIRECTION('',(-0.,-1.,0.));
#15270 = ADVANCED_FACE('',(#15271),#15282,.F.);
#15271 = FACE_BOUND('',#15272,.T.);
#15272 = EDGE_LOOP('',(#15273,#15274,#15280,#15281));
#15273 = ORIENTED_EDGE('',*,*,#8697,.T.);
#15274 = ORIENTED_EDGE('',*,*,#15275,.T.);
#15275 = EDGE_CURVE('',#8698,#11509,#15276,.T.);
#15276 = LINE('',#15277,#15278);
#15277 = CARTESIAN_POINT('',(107.295912,-82.676412,-4.6E-02));
#15278 = VECTOR('',#15279,1.);
#15279 = DIRECTION('',(0.,0.,1.));
#15280 = ORIENTED_EDGE('',*,*,#11508,.F.);
#15281 = ORIENTED_EDGE('',*,*,#15275,.F.);
#15282 = CYLINDRICAL_SURFACE('',#15283,2.);
#15283 = AXIS2_PLACEMENT_3D('',#15284,#15285,#15286);
#15284 = CARTESIAN_POINT('',(107.295912,-80.676412,-4.6E-02));
#15285 = DIRECTION('',(-0.,-0.,-1.));
#15286 = DIRECTION('',(-0.,-1.,0.));
#15287 = ADVANCED_FACE('',(#15288),#15299,.F.);
#15288 = FACE_BOUND('',#15289,.T.);
#15289 = EDGE_LOOP('',(#15290,#15291,#15297,#15298));
#15290 = ORIENTED_EDGE('',*,*,#8708,.T.);
#15291 = ORIENTED_EDGE('',*,*,#15292,.T.);
#15292 = EDGE_CURVE('',#8709,#11520,#15293,.T.);
#15293 = LINE('',#15294,#15295);
#15294 = CARTESIAN_POINT('',(112.375912,-81.526412,-4.6E-02));
#15295 = VECTOR('',#15296,1.);
#15296 = DIRECTION('',(0.,0.,1.));
#15297 = ORIENTED_EDGE('',*,*,#11519,.F.);
#15298 = ORIENTED_EDGE('',*,*,#15292,.F.);
#15299 = CYLINDRICAL_SURFACE('',#15300,0.85);
#15300 = AXIS2_PLACEMENT_3D('',#15301,#15302,#15303);
#15301 = CARTESIAN_POINT('',(112.375912,-80.676412,-4.6E-02));
#15302 = DIRECTION('',(-0.,-0.,-1.));
#15303 = DIRECTION('',(-0.,-1.,0.));
#15304 = ADVANCED_FACE('',(#15305),#15316,.F.);
#15305 = FACE_BOUND('',#15306,.T.);
#15306 = EDGE_LOOP('',(#15307,#15308,#15314,#15315));
#15307 = ORIENTED_EDGE('',*,*,#8719,.T.);
#15308 = ORIENTED_EDGE('',*,*,#15309,.T.);
#15309 = EDGE_CURVE('',#8720,#11531,#15310,.T.);
#15310 = LINE('',#15311,#15312);
#15311 = CARTESIAN_POINT('',(121.914721,-81.560471,-4.6E-02));
#15312 = VECTOR('',#15313,1.);
#15313 = DIRECTION('',(0.,0.,1.));
#15314 = ORIENTED_EDGE('',*,*,#11530,.F.);
#15315 = ORIENTED_EDGE('',*,*,#15309,.F.);
#15316 = CYLINDRICAL_SURFACE('',#15317,0.85);
#15317 = AXIS2_PLACEMENT_3D('',#15318,#15319,#15320);
#15318 = CARTESIAN_POINT('',(121.914721,-80.710471,-4.6E-02));
#15319 = DIRECTION('',(-0.,-0.,-1.));
#15320 = DIRECTION('',(-0.,-1.,0.));
#15321 = ADVANCED_FACE('',(#15322),#15333,.F.);
#15322 = FACE_BOUND('',#15323,.T.);
#15323 = EDGE_LOOP('',(#15324,#15325,#15331,#15332));
#15324 = ORIENTED_EDGE('',*,*,#8730,.T.);
#15325 = ORIENTED_EDGE('',*,*,#15326,.T.);
#15326 = EDGE_CURVE('',#8731,#11542,#15327,.T.);
#15327 = LINE('',#15328,#15329);
#15328 = CARTESIAN_POINT('',(126.994721,-82.710471,-4.6E-02));
#15329 = VECTOR('',#15330,1.);
#15330 = DIRECTION('',(0.,0.,1.));
#15331 = ORIENTED_EDGE('',*,*,#11541,.F.);
#15332 = ORIENTED_EDGE('',*,*,#15326,.F.);
#15333 = CYLINDRICAL_SURFACE('',#15334,2.);
#15334 = AXIS2_PLACEMENT_3D('',#15335,#15336,#15337);
#15335 = CARTESIAN_POINT('',(126.994721,-80.710471,-4.6E-02));
#15336 = DIRECTION('',(-0.,-0.,-1.));
#15337 = DIRECTION('',(-0.,-1.,0.));
#15338 = ADVANCED_FACE('',(#15339),#15350,.F.);
#15339 = FACE_BOUND('',#15340,.T.);
#15340 = EDGE_LOOP('',(#15341,#15342,#15348,#15349));
#15341 = ORIENTED_EDGE('',*,*,#8741,.T.);
#15342 = ORIENTED_EDGE('',*,*,#15343,.T.);
#15343 = EDGE_CURVE('',#8742,#11553,#15344,.T.);
#15344 = LINE('',#15345,#15346);
#15345 = CARTESIAN_POINT('',(109.835912,-76.346412,-4.6E-02));
#15346 = VECTOR('',#15347,1.);
#15347 = DIRECTION('',(0.,0.,1.));
#15348 = ORIENTED_EDGE('',*,*,#11552,.F.);
#15349 = ORIENTED_EDGE('',*,*,#15343,.F.);
#15350 = CYLINDRICAL_SURFACE('',#15351,0.75);
#15351 = AXIS2_PLACEMENT_3D('',#15352,#15353,#15354);
#15352 = CARTESIAN_POINT('',(109.835912,-75.596412,-4.6E-02));
#15353 = DIRECTION('',(-0.,-0.,-1.));
#15354 = DIRECTION('',(-0.,-1.,0.));
#15355 = ADVANCED_FACE('',(#15356),#15367,.F.);
#15356 = FACE_BOUND('',#15357,.T.);
#15357 = EDGE_LOOP('',(#15358,#15359,#15365,#15366));
#15358 = ORIENTED_EDGE('',*,*,#8752,.T.);
#15359 = ORIENTED_EDGE('',*,*,#15360,.T.);
#15360 = EDGE_CURVE('',#8753,#11564,#15361,.T.);
#15361 = LINE('',#15362,#15363);
#15362 = CARTESIAN_POINT('',(123.184721,-78.920471,-4.6E-02));
#15363 = VECTOR('',#15364,1.);
#15364 = DIRECTION('',(0.,0.,1.));
#15365 = ORIENTED_EDGE('',*,*,#11563,.F.);
#15366 = ORIENTED_EDGE('',*,*,#15360,.F.);
#15367 = CYLINDRICAL_SURFACE('',#15368,0.75);
#15368 = AXIS2_PLACEMENT_3D('',#15369,#15370,#15371);
#15369 = CARTESIAN_POINT('',(123.184721,-78.170471,-4.6E-02));
#15370 = DIRECTION('',(-0.,-0.,-1.));
#15371 = DIRECTION('',(-0.,-1.,0.));
#15372 = ADVANCED_FACE('',(#15373),#15384,.F.);
#15373 = FACE_BOUND('',#15374,.T.);
#15374 = EDGE_LOOP('',(#15375,#15376,#15382,#15383));
#15375 = ORIENTED_EDGE('',*,*,#8763,.T.);
#15376 = ORIENTED_EDGE('',*,*,#15377,.T.);
#15377 = EDGE_CURVE('',#8764,#11575,#15378,.T.);
#15378 = LINE('',#15379,#15380);
#15379 = CARTESIAN_POINT('',(129.534721,-76.380471,-4.6E-02));
#15380 = VECTOR('',#15381,1.);
#15381 = DIRECTION('',(0.,0.,1.));
#15382 = ORIENTED_EDGE('',*,*,#11574,.F.);
#15383 = ORIENTED_EDGE('',*,*,#15377,.F.);
#15384 = CYLINDRICAL_SURFACE('',#15385,0.75);
#15385 = AXIS2_PLACEMENT_3D('',#15386,#15387,#15388);
#15386 = CARTESIAN_POINT('',(129.534721,-75.630471,-4.6E-02));
#15387 = DIRECTION('',(-0.,-0.,-1.));
#15388 = DIRECTION('',(-0.,-1.,0.));
#15389 = ADVANCED_FACE('',(#15390),#15401,.F.);
#15390 = FACE_BOUND('',#15391,.T.);
#15391 = EDGE_LOOP('',(#15392,#15393,#15399,#15400));
#15392 = ORIENTED_EDGE('',*,*,#8774,.T.);
#15393 = ORIENTED_EDGE('',*,*,#15394,.T.);
#15394 = EDGE_CURVE('',#8775,#11586,#15395,.T.);
#15395 = LINE('',#15396,#15397);
#15396 = CARTESIAN_POINT('',(32.294647,-58.992386,-4.6E-02));
#15397 = VECTOR('',#15398,1.);
#15398 = DIRECTION('',(0.,0.,1.));
#15399 = ORIENTED_EDGE('',*,*,#11585,.F.);
#15400 = ORIENTED_EDGE('',*,*,#15394,.F.);
#15401 = CYLINDRICAL_SURFACE('',#15402,0.85);
#15402 = AXIS2_PLACEMENT_3D('',#15403,#15404,#15405);
#15403 = CARTESIAN_POINT('',(32.294647,-58.142386,-4.6E-02));
#15404 = DIRECTION('',(-0.,-0.,-1.));
#15405 = DIRECTION('',(-0.,-1.,0.));
#15406 = ADVANCED_FACE('',(#15407),#15418,.F.);
#15407 = FACE_BOUND('',#15408,.T.);
#15408 = EDGE_LOOP('',(#15409,#15410,#15416,#15417));
#15409 = ORIENTED_EDGE('',*,*,#8785,.T.);
#15410 = ORIENTED_EDGE('',*,*,#15411,.T.);
#15411 = EDGE_CURVE('',#8786,#11597,#15412,.T.);
#15412 = LINE('',#15413,#15414);
#15413 = CARTESIAN_POINT('',(37.374647,-60.142386,-4.6E-02));
#15414 = VECTOR('',#15415,1.);
#15415 = DIRECTION('',(0.,0.,1.));
#15416 = ORIENTED_EDGE('',*,*,#11596,.F.);
#15417 = ORIENTED_EDGE('',*,*,#15411,.F.);
#15418 = CYLINDRICAL_SURFACE('',#15419,2.);
#15419 = AXIS2_PLACEMENT_3D('',#15420,#15421,#15422);
#15420 = CARTESIAN_POINT('',(37.374647,-58.142386,-4.6E-02));
#15421 = DIRECTION('',(-0.,-0.,-1.));
#15422 = DIRECTION('',(-0.,-1.,0.));
#15423 = ADVANCED_FACE('',(#15424),#15435,.F.);
#15424 = FACE_BOUND('',#15425,.T.);
#15425 = EDGE_LOOP('',(#15426,#15427,#15433,#15434));
#15426 = ORIENTED_EDGE('',*,*,#8796,.T.);
#15427 = ORIENTED_EDGE('',*,*,#15428,.T.);
#15428 = EDGE_CURVE('',#8797,#11608,#15429,.T.);
#15429 = LINE('',#15430,#15431);
#15430 = CARTESIAN_POINT('',(42.454647,-58.992386,-4.6E-02));
#15431 = VECTOR('',#15432,1.);
#15432 = DIRECTION('',(0.,0.,1.));
#15433 = ORIENTED_EDGE('',*,*,#11607,.F.);
#15434 = ORIENTED_EDGE('',*,*,#15428,.F.);
#15435 = CYLINDRICAL_SURFACE('',#15436,0.85);
#15436 = AXIS2_PLACEMENT_3D('',#15437,#15438,#15439);
#15437 = CARTESIAN_POINT('',(42.454647,-58.142386,-4.6E-02));
#15438 = DIRECTION('',(-0.,-0.,-1.));
#15439 = DIRECTION('',(-0.,-1.,0.));
#15440 = ADVANCED_FACE('',(#15441),#15452,.F.);
#15441 = FACE_BOUND('',#15442,.T.);
#15442 = EDGE_LOOP('',(#15443,#15444,#15450,#15451));
#15443 = ORIENTED_EDGE('',*,*,#8807,.T.);
#15444 = ORIENTED_EDGE('',*,*,#15445,.T.);
#15445 = EDGE_CURVE('',#8808,#11619,#15446,.T.);
#15446 = LINE('',#15447,#15448);
#15447 = CARTESIAN_POINT('',(51.938397,-58.992386,-4.6E-02));
#15448 = VECTOR('',#15449,1.);
#15449 = DIRECTION('',(0.,0.,1.));
#15450 = ORIENTED_EDGE('',*,*,#11618,.F.);
#15451 = ORIENTED_EDGE('',*,*,#15445,.F.);
#15452 = CYLINDRICAL_SURFACE('',#15453,0.85);
#15453 = AXIS2_PLACEMENT_3D('',#15454,#15455,#15456);
#15454 = CARTESIAN_POINT('',(51.938397,-58.142386,-4.6E-02));
#15455 = DIRECTION('',(-0.,-0.,-1.));
#15456 = DIRECTION('',(-0.,-1.,0.));
#15457 = ADVANCED_FACE('',(#15458),#15469,.F.);
#15458 = FACE_BOUND('',#15459,.T.);
#15459 = EDGE_LOOP('',(#15460,#15461,#15467,#15468));
#15460 = ORIENTED_EDGE('',*,*,#8818,.T.);
#15461 = ORIENTED_EDGE('',*,*,#15462,.T.);
#15462 = EDGE_CURVE('',#8819,#11630,#15463,.T.);
#15463 = LINE('',#15464,#15465);
#15464 = CARTESIAN_POINT('',(57.018397,-60.142386,-4.6E-02));
#15465 = VECTOR('',#15466,1.);
#15466 = DIRECTION('',(0.,0.,1.));
#15467 = ORIENTED_EDGE('',*,*,#11629,.F.);
#15468 = ORIENTED_EDGE('',*,*,#15462,.F.);
#15469 = CYLINDRICAL_SURFACE('',#15470,2.);
#15470 = AXIS2_PLACEMENT_3D('',#15471,#15472,#15473);
#15471 = CARTESIAN_POINT('',(57.018397,-58.142386,-4.6E-02));
#15472 = DIRECTION('',(-0.,-0.,-1.));
#15473 = DIRECTION('',(-0.,-1.,0.));
#15474 = ADVANCED_FACE('',(#15475),#15486,.F.);
#15475 = FACE_BOUND('',#15476,.T.);
#15476 = EDGE_LOOP('',(#15477,#15478,#15484,#15485));
#15477 = ORIENTED_EDGE('',*,*,#8829,.T.);
#15478 = ORIENTED_EDGE('',*,*,#15479,.T.);
#15479 = EDGE_CURVE('',#8830,#11641,#15480,.T.);
#15480 = LINE('',#15481,#15482);
#15481 = CARTESIAN_POINT('',(62.098397,-58.992386,-4.6E-02));
#15482 = VECTOR('',#15483,1.);
#15483 = DIRECTION('',(0.,0.,1.));
#15484 = ORIENTED_EDGE('',*,*,#11640,.F.);
#15485 = ORIENTED_EDGE('',*,*,#15479,.F.);
#15486 = CYLINDRICAL_SURFACE('',#15487,0.85);
#15487 = AXIS2_PLACEMENT_3D('',#15488,#15489,#15490);
#15488 = CARTESIAN_POINT('',(62.098397,-58.142386,-4.6E-02));
#15489 = DIRECTION('',(-0.,-0.,-1.));
#15490 = DIRECTION('',(-0.,-1.,0.));
#15491 = ADVANCED_FACE('',(#15492),#15503,.F.);
#15492 = FACE_BOUND('',#15493,.T.);
#15493 = EDGE_LOOP('',(#15494,#15495,#15501,#15502));
#15494 = ORIENTED_EDGE('',*,*,#8840,.T.);
#15495 = ORIENTED_EDGE('',*,*,#15496,.T.);
#15496 = EDGE_CURVE('',#8841,#11652,#15497,.T.);
#15497 = LINE('',#15498,#15499);
#15498 = CARTESIAN_POINT('',(71.582147,-58.992386,-4.6E-02));
#15499 = VECTOR('',#15500,1.);
#15500 = DIRECTION('',(0.,0.,1.));
#15501 = ORIENTED_EDGE('',*,*,#11651,.F.);
#15502 = ORIENTED_EDGE('',*,*,#15496,.F.);
#15503 = CYLINDRICAL_SURFACE('',#15504,0.85);
#15504 = AXIS2_PLACEMENT_3D('',#15505,#15506,#15507);
#15505 = CARTESIAN_POINT('',(71.582147,-58.142386,-4.6E-02));
#15506 = DIRECTION('',(-0.,0.,-1.));
#15507 = DIRECTION('',(1.671865260612E-14,-1.,-0.));
#15508 = ADVANCED_FACE('',(#15509),#15520,.F.);
#15509 = FACE_BOUND('',#15510,.T.);
#15510 = EDGE_LOOP('',(#15511,#15512,#15518,#15519));
#15511 = ORIENTED_EDGE('',*,*,#8851,.T.);
#15512 = ORIENTED_EDGE('',*,*,#15513,.T.);
#15513 = EDGE_CURVE('',#8852,#11663,#15514,.T.);
#15514 = LINE('',#15515,#15516);
#15515 = CARTESIAN_POINT('',(76.662147,-60.142386,-4.6E-02));
#15516 = VECTOR('',#15517,1.);
#15517 = DIRECTION('',(0.,0.,1.));
#15518 = ORIENTED_EDGE('',*,*,#11662,.F.);
#15519 = ORIENTED_EDGE('',*,*,#15513,.F.);
#15520 = CYLINDRICAL_SURFACE('',#15521,2.);
#15521 = AXIS2_PLACEMENT_3D('',#15522,#15523,#15524);
#15522 = CARTESIAN_POINT('',(76.662147,-58.142386,-4.6E-02));
#15523 = DIRECTION('',(-0.,-0.,-1.));
#15524 = DIRECTION('',(-0.,-1.,0.));
#15525 = ADVANCED_FACE('',(#15526),#15537,.F.);
#15526 = FACE_BOUND('',#15527,.T.);
#15527 = EDGE_LOOP('',(#15528,#15529,#15535,#15536));
#15528 = ORIENTED_EDGE('',*,*,#8862,.T.);
#15529 = ORIENTED_EDGE('',*,*,#15530,.T.);
#15530 = EDGE_CURVE('',#8863,#11674,#15531,.T.);
#15531 = LINE('',#15532,#15533);
#15532 = CARTESIAN_POINT('',(33.564647,-56.352386,-4.6E-02));
#15533 = VECTOR('',#15534,1.);
#15534 = DIRECTION('',(0.,0.,1.));
#15535 = ORIENTED_EDGE('',*,*,#11673,.F.);
#15536 = ORIENTED_EDGE('',*,*,#15530,.F.);
#15537 = CYLINDRICAL_SURFACE('',#15538,0.75);
#15538 = AXIS2_PLACEMENT_3D('',#15539,#15540,#15541);
#15539 = CARTESIAN_POINT('',(33.564647,-55.602386,-4.6E-02));
#15540 = DIRECTION('',(-0.,-0.,-1.));
#15541 = DIRECTION('',(-0.,-1.,0.));
#15542 = ADVANCED_FACE('',(#15543),#15554,.F.);
#15543 = FACE_BOUND('',#15544,.T.);
#15544 = EDGE_LOOP('',(#15545,#15546,#15552,#15553));
#15545 = ORIENTED_EDGE('',*,*,#8873,.T.);
#15546 = ORIENTED_EDGE('',*,*,#15547,.T.);
#15547 = EDGE_CURVE('',#8874,#11685,#15548,.T.);
#15548 = LINE('',#15549,#15550);
#15549 = CARTESIAN_POINT('',(39.914647,-53.812386,-4.6E-02));
#15550 = VECTOR('',#15551,1.);
#15551 = DIRECTION('',(0.,0.,1.));
#15552 = ORIENTED_EDGE('',*,*,#11684,.F.);
#15553 = ORIENTED_EDGE('',*,*,#15547,.F.);
#15554 = CYLINDRICAL_SURFACE('',#15555,0.75);
#15555 = AXIS2_PLACEMENT_3D('',#15556,#15557,#15558);
#15556 = CARTESIAN_POINT('',(39.914647,-53.062386,-4.6E-02));
#15557 = DIRECTION('',(-0.,-0.,-1.));
#15558 = DIRECTION('',(-0.,-1.,0.));
#15559 = ADVANCED_FACE('',(#15560),#15571,.F.);
#15560 = FACE_BOUND('',#15561,.T.);
#15561 = EDGE_LOOP('',(#15562,#15563,#15569,#15570));
#15562 = ORIENTED_EDGE('',*,*,#8884,.T.);
#15563 = ORIENTED_EDGE('',*,*,#15564,.T.);
#15564 = EDGE_CURVE('',#8885,#11696,#15565,.T.);
#15565 = LINE('',#15566,#15567);
#15566 = CARTESIAN_POINT('',(25.499201,-45.048402,-4.6E-02));
#15567 = VECTOR('',#15568,1.);
#15568 = DIRECTION('',(0.,0.,1.));
#15569 = ORIENTED_EDGE('',*,*,#11695,.F.);
#15570 = ORIENTED_EDGE('',*,*,#15564,.F.);
#15571 = CYLINDRICAL_SURFACE('',#15572,1.05);
#15572 = AXIS2_PLACEMENT_3D('',#15573,#15574,#15575);
#15573 = CARTESIAN_POINT('',(25.499201,-43.998402,-4.6E-02));
#15574 = DIRECTION('',(-0.,-0.,-1.));
#15575 = DIRECTION('',(-0.,-1.,0.));
#15576 = ADVANCED_FACE('',(#15577),#15588,.F.);
#15577 = FACE_BOUND('',#15578,.T.);
#15578 = EDGE_LOOP('',(#15579,#15580,#15586,#15587));
#15579 = ORIENTED_EDGE('',*,*,#8895,.T.);
#15580 = ORIENTED_EDGE('',*,*,#15581,.T.);
#15581 = EDGE_CURVE('',#8896,#11707,#15582,.T.);
#15582 = LINE('',#15583,#15584);
#15583 = CARTESIAN_POINT('',(53.208397,-56.352386,-4.6E-02));
#15584 = VECTOR('',#15585,1.);
#15585 = DIRECTION('',(0.,0.,1.));
#15586 = ORIENTED_EDGE('',*,*,#11706,.F.);
#15587 = ORIENTED_EDGE('',*,*,#15581,.F.);
#15588 = CYLINDRICAL_SURFACE('',#15589,0.75);
#15589 = AXIS2_PLACEMENT_3D('',#15590,#15591,#15592);
#15590 = CARTESIAN_POINT('',(53.208397,-55.602386,-4.6E-02));
#15591 = DIRECTION('',(-0.,-0.,-1.));
#15592 = DIRECTION('',(-0.,-1.,0.));
#15593 = ADVANCED_FACE('',(#15594),#15605,.F.);
#15594 = FACE_BOUND('',#15595,.T.);
#15595 = EDGE_LOOP('',(#15596,#15597,#15603,#15604));
#15596 = ORIENTED_EDGE('',*,*,#8906,.T.);
#15597 = ORIENTED_EDGE('',*,*,#15598,.T.);
#15598 = EDGE_CURVE('',#8907,#11718,#15599,.T.);
#15599 = LINE('',#15600,#15601);
#15600 = CARTESIAN_POINT('',(59.558397,-53.812386,-4.6E-02));
#15601 = VECTOR('',#15602,1.);
#15602 = DIRECTION('',(0.,0.,1.));
#15603 = ORIENTED_EDGE('',*,*,#11717,.F.);
#15604 = ORIENTED_EDGE('',*,*,#15598,.F.);
#15605 = CYLINDRICAL_SURFACE('',#15606,0.75);
#15606 = AXIS2_PLACEMENT_3D('',#15607,#15608,#15609);
#15607 = CARTESIAN_POINT('',(59.558397,-53.062386,-4.6E-02));
#15608 = DIRECTION('',(-0.,-0.,-1.));
#15609 = DIRECTION('',(-0.,-1.,0.));
#15610 = ADVANCED_FACE('',(#15611),#15622,.F.);
#15611 = FACE_BOUND('',#15612,.T.);
#15612 = EDGE_LOOP('',(#15613,#15614,#15620,#15621));
#15613 = ORIENTED_EDGE('',*,*,#8917,.T.);
#15614 = ORIENTED_EDGE('',*,*,#15615,.T.);
#15615 = EDGE_CURVE('',#8918,#11729,#15616,.T.);
#15616 = LINE('',#15617,#15618);
#15617 = CARTESIAN_POINT('',(72.852147,-56.352386,-4.6E-02));
#15618 = VECTOR('',#15619,1.);
#15619 = DIRECTION('',(0.,0.,1.));
#15620 = ORIENTED_EDGE('',*,*,#11728,.F.);
#15621 = ORIENTED_EDGE('',*,*,#15615,.F.);
#15622 = CYLINDRICAL_SURFACE('',#15623,0.75);
#15623 = AXIS2_PLACEMENT_3D('',#15624,#15625,#15626);
#15624 = CARTESIAN_POINT('',(72.852147,-55.602386,-4.6E-02));
#15625 = DIRECTION('',(-0.,-0.,-1.));
#15626 = DIRECTION('',(-0.,-1.,0.));
#15627 = ADVANCED_FACE('',(#15628),#15639,.F.);
#15628 = FACE_BOUND('',#15629,.T.);
#15629 = EDGE_LOOP('',(#15630,#15631,#15637,#15638));
#15630 = ORIENTED_EDGE('',*,*,#8928,.T.);
#15631 = ORIENTED_EDGE('',*,*,#15632,.T.);
#15632 = EDGE_CURVE('',#8929,#11740,#15633,.T.);
#15633 = LINE('',#15634,#15635);
#15634 = CARTESIAN_POINT('',(81.742147,-58.992386,-4.6E-02));
#15635 = VECTOR('',#15636,1.);
#15636 = DIRECTION('',(0.,0.,1.));
#15637 = ORIENTED_EDGE('',*,*,#11739,.F.);
#15638 = ORIENTED_EDGE('',*,*,#15632,.F.);
#15639 = CYLINDRICAL_SURFACE('',#15640,0.85);
#15640 = AXIS2_PLACEMENT_3D('',#15641,#15642,#15643);
#15641 = CARTESIAN_POINT('',(81.742147,-58.142386,-4.6E-02));
#15642 = DIRECTION('',(-0.,0.,-1.));
#15643 = DIRECTION('',(1.671865260612E-14,-1.,-0.));
#15644 = ADVANCED_FACE('',(#15645),#15656,.F.);
#15645 = FACE_BOUND('',#15646,.T.);
#15646 = EDGE_LOOP('',(#15647,#15648,#15654,#15655));
#15647 = ORIENTED_EDGE('',*,*,#8939,.T.);
#15648 = ORIENTED_EDGE('',*,*,#15649,.T.);
#15649 = EDGE_CURVE('',#8940,#11751,#15650,.T.);
#15650 = LINE('',#15651,#15652);
#15651 = CARTESIAN_POINT('',(91.225897,-58.992386,-4.6E-02));
#15652 = VECTOR('',#15653,1.);
#15653 = DIRECTION('',(0.,0.,1.));
#15654 = ORIENTED_EDGE('',*,*,#11750,.F.);
#15655 = ORIENTED_EDGE('',*,*,#15649,.F.);
#15656 = CYLINDRICAL_SURFACE('',#15657,0.85);
#15657 = AXIS2_PLACEMENT_3D('',#15658,#15659,#15660);
#15658 = CARTESIAN_POINT('',(91.225897,-58.142386,-4.6E-02));
#15659 = DIRECTION('',(-0.,-0.,-1.));
#15660 = DIRECTION('',(-0.,-1.,0.));
#15661 = ADVANCED_FACE('',(#15662),#15673,.F.);
#15662 = FACE_BOUND('',#15663,.T.);
#15663 = EDGE_LOOP('',(#15664,#15665,#15671,#15672));
#15664 = ORIENTED_EDGE('',*,*,#8950,.T.);
#15665 = ORIENTED_EDGE('',*,*,#15666,.T.);
#15666 = EDGE_CURVE('',#8951,#11762,#15667,.T.);
#15667 = LINE('',#15668,#15669);
#15668 = CARTESIAN_POINT('',(96.305897,-60.142386,-4.6E-02));
#15669 = VECTOR('',#15670,1.);
#15670 = DIRECTION('',(0.,0.,1.));
#15671 = ORIENTED_EDGE('',*,*,#11761,.F.);
#15672 = ORIENTED_EDGE('',*,*,#15666,.F.);
#15673 = CYLINDRICAL_SURFACE('',#15674,2.);
#15674 = AXIS2_PLACEMENT_3D('',#15675,#15676,#15677);
#15675 = CARTESIAN_POINT('',(96.305897,-58.142386,-4.6E-02));
#15676 = DIRECTION('',(-0.,-0.,-1.));
#15677 = DIRECTION('',(-0.,-1.,0.));
#15678 = ADVANCED_FACE('',(#15679),#15690,.F.);
#15679 = FACE_BOUND('',#15680,.T.);
#15680 = EDGE_LOOP('',(#15681,#15682,#15688,#15689));
#15681 = ORIENTED_EDGE('',*,*,#8961,.T.);
#15682 = ORIENTED_EDGE('',*,*,#15683,.T.);
#15683 = EDGE_CURVE('',#8962,#11773,#15684,.T.);
#15684 = LINE('',#15685,#15686);
#15685 = CARTESIAN_POINT('',(101.385897,-58.992386,-4.6E-02));
#15686 = VECTOR('',#15687,1.);
#15687 = DIRECTION('',(0.,0.,1.));
#15688 = ORIENTED_EDGE('',*,*,#11772,.F.);
#15689 = ORIENTED_EDGE('',*,*,#15683,.F.);
#15690 = CYLINDRICAL_SURFACE('',#15691,0.85);
#15691 = AXIS2_PLACEMENT_3D('',#15692,#15693,#15694);
#15692 = CARTESIAN_POINT('',(101.385897,-58.142386,-4.6E-02));
#15693 = DIRECTION('',(-0.,-0.,-1.));
#15694 = DIRECTION('',(-0.,-1.,0.));
#15695 = ADVANCED_FACE('',(#15696),#15707,.F.);
#15696 = FACE_BOUND('',#15697,.T.);
#15697 = EDGE_LOOP('',(#15698,#15699,#15705,#15706));
#15698 = ORIENTED_EDGE('',*,*,#8972,.T.);
#15699 = ORIENTED_EDGE('',*,*,#15700,.T.);
#15700 = EDGE_CURVE('',#8973,#11784,#15701,.T.);
#15701 = LINE('',#15702,#15703);
#15702 = CARTESIAN_POINT('',(110.869647,-58.992386,-4.6E-02));
#15703 = VECTOR('',#15704,1.);
#15704 = DIRECTION('',(0.,0.,1.));
#15705 = ORIENTED_EDGE('',*,*,#11783,.F.);
#15706 = ORIENTED_EDGE('',*,*,#15700,.F.);
#15707 = CYLINDRICAL_SURFACE('',#15708,0.85);
#15708 = AXIS2_PLACEMENT_3D('',#15709,#15710,#15711);
#15709 = CARTESIAN_POINT('',(110.869647,-58.142386,-4.6E-02));
#15710 = DIRECTION('',(-0.,-0.,-1.));
#15711 = DIRECTION('',(-0.,-1.,0.));
#15712 = ADVANCED_FACE('',(#15713),#15724,.F.);
#15713 = FACE_BOUND('',#15714,.T.);
#15714 = EDGE_LOOP('',(#15715,#15716,#15722,#15723));
#15715 = ORIENTED_EDGE('',*,*,#8983,.T.);
#15716 = ORIENTED_EDGE('',*,*,#15717,.T.);
#15717 = EDGE_CURVE('',#8984,#11795,#15718,.T.);
#15718 = LINE('',#15719,#15720);
#15719 = CARTESIAN_POINT('',(115.949647,-60.142386,-4.6E-02));
#15720 = VECTOR('',#15721,1.);
#15721 = DIRECTION('',(0.,0.,1.));
#15722 = ORIENTED_EDGE('',*,*,#11794,.F.);
#15723 = ORIENTED_EDGE('',*,*,#15717,.F.);
#15724 = CYLINDRICAL_SURFACE('',#15725,2.);
#15725 = AXIS2_PLACEMENT_3D('',#15726,#15727,#15728);
#15726 = CARTESIAN_POINT('',(115.949647,-58.142386,-4.6E-02));
#15727 = DIRECTION('',(-0.,-0.,-1.));
#15728 = DIRECTION('',(-0.,-1.,0.));
#15729 = ADVANCED_FACE('',(#15730),#15741,.F.);
#15730 = FACE_BOUND('',#15731,.T.);
#15731 = EDGE_LOOP('',(#15732,#15733,#15739,#15740));
#15732 = ORIENTED_EDGE('',*,*,#8994,.T.);
#15733 = ORIENTED_EDGE('',*,*,#15734,.T.);
#15734 = EDGE_CURVE('',#8995,#11806,#15735,.T.);
#15735 = LINE('',#15736,#15737);
#15736 = CARTESIAN_POINT('',(121.029647,-58.992386,-4.6E-02));
#15737 = VECTOR('',#15738,1.);
#15738 = DIRECTION('',(0.,0.,1.));
#15739 = ORIENTED_EDGE('',*,*,#11805,.F.);
#15740 = ORIENTED_EDGE('',*,*,#15734,.F.);
#15741 = CYLINDRICAL_SURFACE('',#15742,0.85);
#15742 = AXIS2_PLACEMENT_3D('',#15743,#15744,#15745);
#15743 = CARTESIAN_POINT('',(121.029647,-58.142386,-4.6E-02));
#15744 = DIRECTION('',(-0.,-0.,-1.));
#15745 = DIRECTION('',(-1.671865260612E-14,-1.,0.));
#15746 = ADVANCED_FACE('',(#15747),#15758,.F.);
#15747 = FACE_BOUND('',#15748,.T.);
#15748 = EDGE_LOOP('',(#15749,#15750,#15756,#15757));
#15749 = ORIENTED_EDGE('',*,*,#9005,.T.);
#15750 = ORIENTED_EDGE('',*,*,#15751,.T.);
#15751 = EDGE_CURVE('',#9006,#11817,#15752,.T.);
#15752 = LINE('',#15753,#15754);
#15753 = CARTESIAN_POINT('',(79.202147,-53.812386,-4.6E-02));
#15754 = VECTOR('',#15755,1.);
#15755 = DIRECTION('',(0.,0.,1.));
#15756 = ORIENTED_EDGE('',*,*,#11816,.F.);
#15757 = ORIENTED_EDGE('',*,*,#15751,.F.);
#15758 = CYLINDRICAL_SURFACE('',#15759,0.75);
#15759 = AXIS2_PLACEMENT_3D('',#15760,#15761,#15762);
#15760 = CARTESIAN_POINT('',(79.202147,-53.062386,-4.6E-02));
#15761 = DIRECTION('',(-0.,-0.,-1.));
#15762 = DIRECTION('',(-0.,-1.,0.));
#15763 = ADVANCED_FACE('',(#15764),#15775,.F.);
#15764 = FACE_BOUND('',#15765,.T.);
#15765 = EDGE_LOOP('',(#15766,#15767,#15773,#15774));
#15766 = ORIENTED_EDGE('',*,*,#9016,.T.);
#15767 = ORIENTED_EDGE('',*,*,#15768,.T.);
#15768 = EDGE_CURVE('',#9017,#11828,#15769,.T.);
#15769 = LINE('',#15770,#15771);
#15770 = CARTESIAN_POINT('',(92.495897,-56.352386,-4.6E-02));
#15771 = VECTOR('',#15772,1.);
#15772 = DIRECTION('',(0.,0.,1.));
#15773 = ORIENTED_EDGE('',*,*,#11827,.F.);
#15774 = ORIENTED_EDGE('',*,*,#15768,.F.);
#15775 = CYLINDRICAL_SURFACE('',#15776,0.75);
#15776 = AXIS2_PLACEMENT_3D('',#15777,#15778,#15779);
#15777 = CARTESIAN_POINT('',(92.495897,-55.602386,-4.6E-02));
#15778 = DIRECTION('',(-0.,-0.,-1.));
#15779 = DIRECTION('',(-0.,-1.,0.));
#15780 = ADVANCED_FACE('',(#15781),#15792,.F.);
#15781 = FACE_BOUND('',#15782,.T.);
#15782 = EDGE_LOOP('',(#15783,#15784,#15790,#15791));
#15783 = ORIENTED_EDGE('',*,*,#9027,.T.);
#15784 = ORIENTED_EDGE('',*,*,#15785,.T.);
#15785 = EDGE_CURVE('',#9028,#11839,#15786,.T.);
#15786 = LINE('',#15787,#15788);
#15787 = CARTESIAN_POINT('',(98.845897,-53.812386,-4.6E-02));
#15788 = VECTOR('',#15789,1.);
#15789 = DIRECTION('',(0.,0.,1.));
#15790 = ORIENTED_EDGE('',*,*,#11838,.F.);
#15791 = ORIENTED_EDGE('',*,*,#15785,.F.);
#15792 = CYLINDRICAL_SURFACE('',#15793,0.75);
#15793 = AXIS2_PLACEMENT_3D('',#15794,#15795,#15796);
#15794 = CARTESIAN_POINT('',(98.845897,-53.062386,-4.6E-02));
#15795 = DIRECTION('',(-0.,-0.,-1.));
#15796 = DIRECTION('',(-0.,-1.,0.));
#15797 = ADVANCED_FACE('',(#15798),#15809,.F.);
#15798 = FACE_BOUND('',#15799,.T.);
#15799 = EDGE_LOOP('',(#15800,#15801,#15807,#15808));
#15800 = ORIENTED_EDGE('',*,*,#9038,.T.);
#15801 = ORIENTED_EDGE('',*,*,#15802,.T.);
#15802 = EDGE_CURVE('',#9039,#11850,#15803,.T.);
#15803 = LINE('',#15804,#15805);
#15804 = CARTESIAN_POINT('',(112.139647,-56.352386,-4.6E-02));
#15805 = VECTOR('',#15806,1.);
#15806 = DIRECTION('',(0.,0.,1.));
#15807 = ORIENTED_EDGE('',*,*,#11849,.F.);
#15808 = ORIENTED_EDGE('',*,*,#15802,.F.);
#15809 = CYLINDRICAL_SURFACE('',#15810,0.75);
#15810 = AXIS2_PLACEMENT_3D('',#15811,#15812,#15813);
#15811 = CARTESIAN_POINT('',(112.139647,-55.602386,-4.6E-02));
#15812 = DIRECTION('',(-0.,-0.,-1.));
#15813 = DIRECTION('',(-0.,-1.,0.));
#15814 = ADVANCED_FACE('',(#15815),#15826,.F.);
#15815 = FACE_BOUND('',#15816,.T.);
#15816 = EDGE_LOOP('',(#15817,#15818,#15824,#15825));
#15817 = ORIENTED_EDGE('',*,*,#9049,.T.);
#15818 = ORIENTED_EDGE('',*,*,#15819,.T.);
#15819 = EDGE_CURVE('',#9050,#11861,#15820,.T.);
#15820 = LINE('',#15821,#15822);
#15821 = CARTESIAN_POINT('',(118.489647,-53.812386,-4.6E-02));
#15822 = VECTOR('',#15823,1.);
#15823 = DIRECTION('',(0.,0.,1.));
#15824 = ORIENTED_EDGE('',*,*,#11860,.F.);
#15825 = ORIENTED_EDGE('',*,*,#15819,.F.);
#15826 = CYLINDRICAL_SURFACE('',#15827,0.75);
#15827 = AXIS2_PLACEMENT_3D('',#15828,#15829,#15830);
#15828 = CARTESIAN_POINT('',(118.489647,-53.062386,-4.6E-02));
#15829 = DIRECTION('',(-0.,-0.,-1.));
#15830 = DIRECTION('',(-0.,-1.,0.));
#15831 = ADVANCED_FACE('',(#15832),#15843,.F.);
#15832 = FACE_BOUND('',#15833,.T.);
#15833 = EDGE_LOOP('',(#15834,#15835,#15841,#15842));
#15834 = ORIENTED_EDGE('',*,*,#9060,.T.);
#15835 = ORIENTED_EDGE('',*,*,#15836,.T.);
#15836 = EDGE_CURVE('',#9061,#11872,#15837,.T.);
#15837 = LINE('',#15838,#15839);
#15838 = CARTESIAN_POINT('',(131.61,-100.21,-4.6E-02));
#15839 = VECTOR('',#15840,1.);
#15840 = DIRECTION('',(0.,0.,1.));
#15841 = ORIENTED_EDGE('',*,*,#11871,.F.);
#15842 = ORIENTED_EDGE('',*,*,#15836,.F.);
#15843 = CYLINDRICAL_SURFACE('',#15844,0.75);
#15844 = AXIS2_PLACEMENT_3D('',#15845,#15846,#15847);
#15845 = CARTESIAN_POINT('',(131.61,-99.46,-4.6E-02));
#15846 = DIRECTION('',(-0.,-0.,-1.));
#15847 = DIRECTION('',(-0.,-1.,0.));
#15848 = ADVANCED_FACE('',(#15849),#15860,.F.);
#15849 = FACE_BOUND('',#15850,.T.);
#15850 = EDGE_LOOP('',(#15851,#15852,#15858,#15859));
#15851 = ORIENTED_EDGE('',*,*,#9071,.T.);
#15852 = ORIENTED_EDGE('',*,*,#15853,.T.);
#15853 = EDGE_CURVE('',#9072,#11883,#15854,.T.);
#15854 = LINE('',#15855,#15856);
#15855 = CARTESIAN_POINT('',(137.96,-97.67,-4.6E-02));
#15856 = VECTOR('',#15857,1.);
#15857 = DIRECTION('',(0.,0.,1.));
#15858 = ORIENTED_EDGE('',*,*,#11882,.F.);
#15859 = ORIENTED_EDGE('',*,*,#15853,.F.);
#15860 = CYLINDRICAL_SURFACE('',#15861,0.75);
#15861 = AXIS2_PLACEMENT_3D('',#15862,#15863,#15864);
#15862 = CARTESIAN_POINT('',(137.96,-96.92,-4.6E-02));
#15863 = DIRECTION('',(-0.,-0.,-1.));
#15864 = DIRECTION('',(-0.,-1.,0.));
#15865 = ADVANCED_FACE('',(#15866),#15877,.F.);
#15866 = FACE_BOUND('',#15867,.T.);
#15867 = EDGE_LOOP('',(#15868,#15869,#15875,#15876));
#15868 = ORIENTED_EDGE('',*,*,#9082,.T.);
#15869 = ORIENTED_EDGE('',*,*,#15870,.T.);
#15870 = EDGE_CURVE('',#9083,#11894,#15871,.T.);
#15871 = LINE('',#15872,#15873);
#15872 = CARTESIAN_POINT('',(151.754647,-100.267185,-4.6E-02));
#15873 = VECTOR('',#15874,1.);
#15874 = DIRECTION('',(0.,0.,1.));
#15875 = ORIENTED_EDGE('',*,*,#11893,.F.);
#15876 = ORIENTED_EDGE('',*,*,#15870,.F.);
#15877 = CYLINDRICAL_SURFACE('',#15878,0.75);
#15878 = AXIS2_PLACEMENT_3D('',#15879,#15880,#15881);
#15879 = CARTESIAN_POINT('',(151.754647,-99.517185,-4.6E-02));
#15880 = DIRECTION('',(-0.,-0.,-1.));
#15881 = DIRECTION('',(-0.,-1.,0.));
#15882 = ADVANCED_FACE('',(#15883),#15894,.F.);
#15883 = FACE_BOUND('',#15884,.T.);
#15884 = EDGE_LOOP('',(#15885,#15886,#15892,#15893));
#15885 = ORIENTED_EDGE('',*,*,#9093,.T.);
#15886 = ORIENTED_EDGE('',*,*,#15887,.T.);
#15887 = EDGE_CURVE('',#9094,#11905,#15888,.T.);
#15888 = LINE('',#15889,#15890);
#15889 = CARTESIAN_POINT('',(158.104647,-97.727185,-4.6E-02));
#15890 = VECTOR('',#15891,1.);
#15891 = DIRECTION('',(0.,0.,1.));
#15892 = ORIENTED_EDGE('',*,*,#11904,.F.);
#15893 = ORIENTED_EDGE('',*,*,#15887,.F.);
#15894 = CYLINDRICAL_SURFACE('',#15895,0.75);
#15895 = AXIS2_PLACEMENT_3D('',#15896,#15897,#15898);
#15896 = CARTESIAN_POINT('',(158.104647,-96.977185,-4.6E-02));
#15897 = DIRECTION('',(-0.,-0.,-1.));
#15898 = DIRECTION('',(-0.,-1.,0.));
#15899 = ADVANCED_FACE('',(#15900),#15911,.F.);
#15900 = FACE_BOUND('',#15901,.T.);
#15901 = EDGE_LOOP('',(#15902,#15903,#15909,#15910));
#15902 = ORIENTED_EDGE('',*,*,#9104,.T.);
#15903 = ORIENTED_EDGE('',*,*,#15904,.T.);
#15904 = EDGE_CURVE('',#9105,#11916,#15905,.T.);
#15905 = LINE('',#15906,#15907);
#15906 = CARTESIAN_POINT('',(171.255776,-100.137458,-4.6E-02));
#15907 = VECTOR('',#15908,1.);
#15908 = DIRECTION('',(0.,0.,1.));
#15909 = ORIENTED_EDGE('',*,*,#11915,.F.);
#15910 = ORIENTED_EDGE('',*,*,#15904,.F.);
#15911 = CYLINDRICAL_SURFACE('',#15912,0.75);
#15912 = AXIS2_PLACEMENT_3D('',#15913,#15914,#15915);
#15913 = CARTESIAN_POINT('',(171.255776,-99.387458,-4.6E-02));
#15914 = DIRECTION('',(-0.,-0.,-1.));
#15915 = DIRECTION('',(-0.,-1.,0.));
#15916 = ADVANCED_FACE('',(#15917),#15928,.F.);
#15917 = FACE_BOUND('',#15918,.T.);
#15918 = EDGE_LOOP('',(#15919,#15920,#15926,#15927));
#15919 = ORIENTED_EDGE('',*,*,#9115,.T.);
#15920 = ORIENTED_EDGE('',*,*,#15921,.T.);
#15921 = EDGE_CURVE('',#9116,#11927,#15922,.T.);
#15922 = LINE('',#15923,#15924);
#15923 = CARTESIAN_POINT('',(177.605776,-97.597458,-4.6E-02));
#15924 = VECTOR('',#15925,1.);
#15925 = DIRECTION('',(0.,0.,1.));
#15926 = ORIENTED_EDGE('',*,*,#11926,.F.);
#15927 = ORIENTED_EDGE('',*,*,#15921,.F.);
#15928 = CYLINDRICAL_SURFACE('',#15929,0.75);
#15929 = AXIS2_PLACEMENT_3D('',#15930,#15931,#15932);
#15930 = CARTESIAN_POINT('',(177.605776,-96.847458,-4.6E-02));
#15931 = DIRECTION('',(-0.,-0.,-1.));
#15932 = DIRECTION('',(-0.,-1.,0.));
#15933 = ADVANCED_FACE('',(#15934),#15945,.F.);
#15934 = FACE_BOUND('',#15935,.T.);
#15935 = EDGE_LOOP('',(#15936,#15937,#15943,#15944));
#15936 = ORIENTED_EDGE('',*,*,#9126,.T.);
#15937 = ORIENTED_EDGE('',*,*,#15938,.T.);
#15938 = EDGE_CURVE('',#9127,#11938,#15939,.T.);
#15939 = LINE('',#15940,#15941);
#15940 = CARTESIAN_POINT('',(132.074721,-81.560471,-4.6E-02));
#15941 = VECTOR('',#15942,1.);
#15942 = DIRECTION('',(0.,0.,1.));
#15943 = ORIENTED_EDGE('',*,*,#11937,.F.);
#15944 = ORIENTED_EDGE('',*,*,#15938,.F.);
#15945 = CYLINDRICAL_SURFACE('',#15946,0.85);
#15946 = AXIS2_PLACEMENT_3D('',#15947,#15948,#15949);
#15947 = CARTESIAN_POINT('',(132.074721,-80.710471,-4.6E-02));
#15948 = DIRECTION('',(-0.,-0.,-1.));
#15949 = DIRECTION('',(-0.,-1.,0.));
#15950 = ADVANCED_FACE('',(#15951),#15962,.F.);
#15951 = FACE_BOUND('',#15952,.T.);
#15952 = EDGE_LOOP('',(#15953,#15954,#15960,#15961));
#15953 = ORIENTED_EDGE('',*,*,#9137,.T.);
#15954 = ORIENTED_EDGE('',*,*,#15955,.T.);
#15955 = EDGE_CURVE('',#9138,#11949,#15956,.T.);
#15956 = LINE('',#15957,#15958);
#15957 = CARTESIAN_POINT('',(141.376945,-81.657188,-4.6E-02));
#15958 = VECTOR('',#15959,1.);
#15959 = DIRECTION('',(0.,0.,1.));
#15960 = ORIENTED_EDGE('',*,*,#11948,.F.);
#15961 = ORIENTED_EDGE('',*,*,#15955,.F.);
#15962 = CYLINDRICAL_SURFACE('',#15963,0.85);
#15963 = AXIS2_PLACEMENT_3D('',#15964,#15965,#15966);
#15964 = CARTESIAN_POINT('',(141.376945,-80.807188,-4.6E-02));
#15965 = DIRECTION('',(-0.,-0.,-1.));
#15966 = DIRECTION('',(-0.,-1.,0.));
#15967 = ADVANCED_FACE('',(#15968),#15979,.F.);
#15968 = FACE_BOUND('',#15969,.T.);
#15969 = EDGE_LOOP('',(#15970,#15971,#15977,#15978));
#15970 = ORIENTED_EDGE('',*,*,#9148,.T.);
#15971 = ORIENTED_EDGE('',*,*,#15972,.T.);
#15972 = EDGE_CURVE('',#9149,#11960,#15973,.T.);
#15973 = LINE('',#15974,#15975);
#15974 = CARTESIAN_POINT('',(146.456945,-82.807188,-4.6E-02));
#15975 = VECTOR('',#15976,1.);
#15976 = DIRECTION('',(0.,0.,1.));
#15977 = ORIENTED_EDGE('',*,*,#11959,.F.);
#15978 = ORIENTED_EDGE('',*,*,#15972,.F.);
#15979 = CYLINDRICAL_SURFACE('',#15980,2.);
#15980 = AXIS2_PLACEMENT_3D('',#15981,#15982,#15983);
#15981 = CARTESIAN_POINT('',(146.456945,-80.807188,-4.6E-02));
#15982 = DIRECTION('',(-0.,-0.,-1.));
#15983 = DIRECTION('',(-0.,-1.,0.));
#15984 = ADVANCED_FACE('',(#15985),#15996,.F.);
#15985 = FACE_BOUND('',#15986,.T.);
#15986 = EDGE_LOOP('',(#15987,#15988,#15994,#15995));
#15987 = ORIENTED_EDGE('',*,*,#9159,.T.);
#15988 = ORIENTED_EDGE('',*,*,#15989,.T.);
#15989 = EDGE_CURVE('',#9160,#11971,#15990,.T.);
#15990 = LINE('',#15991,#15992);
#15991 = CARTESIAN_POINT('',(151.536945,-81.657188,-4.6E-02));
#15992 = VECTOR('',#15993,1.);
#15993 = DIRECTION('',(0.,0.,1.));
#15994 = ORIENTED_EDGE('',*,*,#11970,.F.);
#15995 = ORIENTED_EDGE('',*,*,#15989,.F.);
#15996 = CYLINDRICAL_SURFACE('',#15997,0.85);
#15997 = AXIS2_PLACEMENT_3D('',#15998,#15999,#16000);
#15998 = CARTESIAN_POINT('',(151.536945,-80.807188,-4.6E-02));
#15999 = DIRECTION('',(-0.,-0.,-1.));
#16000 = DIRECTION('',(-0.,-1.,0.));
#16001 = ADVANCED_FACE('',(#16002),#16013,.F.);
#16002 = FACE_BOUND('',#16003,.T.);
#16003 = EDGE_LOOP('',(#16004,#16005,#16011,#16012));
#16004 = ORIENTED_EDGE('',*,*,#9170,.T.);
#16005 = ORIENTED_EDGE('',*,*,#16006,.T.);
#16006 = EDGE_CURVE('',#9171,#11982,#16007,.T.);
#16007 = LINE('',#16008,#16009);
#16008 = CARTESIAN_POINT('',(142.646945,-79.017188,-4.6E-02));
#16009 = VECTOR('',#16010,1.);
#16010 = DIRECTION('',(0.,0.,1.));
#16011 = ORIENTED_EDGE('',*,*,#11981,.F.);
#16012 = ORIENTED_EDGE('',*,*,#16006,.F.);
#16013 = CYLINDRICAL_SURFACE('',#16014,0.75);
#16014 = AXIS2_PLACEMENT_3D('',#16015,#16016,#16017);
#16015 = CARTESIAN_POINT('',(142.646945,-78.267188,-4.6E-02));
#16016 = DIRECTION('',(-0.,-0.,-1.));
#16017 = DIRECTION('',(-0.,-1.,0.));
#16018 = ADVANCED_FACE('',(#16019),#16030,.F.);
#16019 = FACE_BOUND('',#16020,.T.);
#16020 = EDGE_LOOP('',(#16021,#16022,#16028,#16029));
#16021 = ORIENTED_EDGE('',*,*,#9181,.T.);
#16022 = ORIENTED_EDGE('',*,*,#16023,.T.);
#16023 = EDGE_CURVE('',#9182,#11993,#16024,.T.);
#16024 = LINE('',#16025,#16026);
#16025 = CARTESIAN_POINT('',(148.996945,-76.477188,-4.6E-02));
#16026 = VECTOR('',#16027,1.);
#16027 = DIRECTION('',(0.,0.,1.));
#16028 = ORIENTED_EDGE('',*,*,#11992,.F.);
#16029 = ORIENTED_EDGE('',*,*,#16023,.F.);
#16030 = CYLINDRICAL_SURFACE('',#16031,0.75);
#16031 = AXIS2_PLACEMENT_3D('',#16032,#16033,#16034);
#16032 = CARTESIAN_POINT('',(148.996945,-75.727188,-4.6E-02));
#16033 = DIRECTION('',(-0.,-0.,-1.));
#16034 = DIRECTION('',(-0.,-1.,0.));
#16035 = ADVANCED_FACE('',(#16036),#16047,.F.);
#16036 = FACE_BOUND('',#16037,.T.);
#16037 = EDGE_LOOP('',(#16038,#16039,#16045,#16046));
#16038 = ORIENTED_EDGE('',*,*,#9192,.T.);
#16039 = ORIENTED_EDGE('',*,*,#16040,.T.);
#16040 = EDGE_CURVE('',#9193,#12004,#16041,.T.);
#16041 = LINE('',#16042,#16043);
#16042 = CARTESIAN_POINT('',(161.15359,-81.476578,-4.6E-02));
#16043 = VECTOR('',#16044,1.);
#16044 = DIRECTION('',(0.,0.,1.));
#16045 = ORIENTED_EDGE('',*,*,#12003,.F.);
#16046 = ORIENTED_EDGE('',*,*,#16040,.F.);
#16047 = CYLINDRICAL_SURFACE('',#16048,0.85);
#16048 = AXIS2_PLACEMENT_3D('',#16049,#16050,#16051);
#16049 = CARTESIAN_POINT('',(161.15359,-80.626578,-4.6E-02));
#16050 = DIRECTION('',(-0.,-0.,-1.));
#16051 = DIRECTION('',(-0.,-1.,0.));
#16052 = ADVANCED_FACE('',(#16053),#16064,.F.);
#16053 = FACE_BOUND('',#16054,.T.);
#16054 = EDGE_LOOP('',(#16055,#16056,#16062,#16063));
#16055 = ORIENTED_EDGE('',*,*,#9203,.T.);
#16056 = ORIENTED_EDGE('',*,*,#16057,.T.);
#16057 = EDGE_CURVE('',#9204,#12015,#16058,.T.);
#16058 = LINE('',#16059,#16060);
#16059 = CARTESIAN_POINT('',(166.23359,-82.626578,-4.6E-02));
#16060 = VECTOR('',#16061,1.);
#16061 = DIRECTION('',(0.,0.,1.));
#16062 = ORIENTED_EDGE('',*,*,#12014,.F.);
#16063 = ORIENTED_EDGE('',*,*,#16057,.F.);
#16064 = CYLINDRICAL_SURFACE('',#16065,2.);
#16065 = AXIS2_PLACEMENT_3D('',#16066,#16067,#16068);
#16066 = CARTESIAN_POINT('',(166.23359,-80.626578,-4.6E-02));
#16067 = DIRECTION('',(-0.,-0.,-1.));
#16068 = DIRECTION('',(-0.,-1.,0.));
#16069 = ADVANCED_FACE('',(#16070),#16081,.F.);
#16070 = FACE_BOUND('',#16071,.T.);
#16071 = EDGE_LOOP('',(#16072,#16073,#16079,#16080));
#16072 = ORIENTED_EDGE('',*,*,#9214,.T.);
#16073 = ORIENTED_EDGE('',*,*,#16074,.T.);
#16074 = EDGE_CURVE('',#9215,#12026,#16075,.T.);
#16075 = LINE('',#16076,#16077);
#16076 = CARTESIAN_POINT('',(171.31359,-81.476578,-4.6E-02));
#16077 = VECTOR('',#16078,1.);
#16078 = DIRECTION('',(0.,0.,1.));
#16079 = ORIENTED_EDGE('',*,*,#12025,.F.);
#16080 = ORIENTED_EDGE('',*,*,#16074,.F.);
#16081 = CYLINDRICAL_SURFACE('',#16082,0.85);
#16082 = AXIS2_PLACEMENT_3D('',#16083,#16084,#16085);
#16083 = CARTESIAN_POINT('',(171.31359,-80.626578,-4.6E-02));
#16084 = DIRECTION('',(-0.,-0.,-1.));
#16085 = DIRECTION('',(-0.,-1.,0.));
#16086 = ADVANCED_FACE('',(#16087),#16098,.F.);
#16087 = FACE_BOUND('',#16088,.T.);
#16088 = EDGE_LOOP('',(#16089,#16090,#16096,#16097));
#16089 = ORIENTED_EDGE('',*,*,#9225,.T.);
#16090 = ORIENTED_EDGE('',*,*,#16091,.T.);
#16091 = EDGE_CURVE('',#9226,#12037,#16092,.T.);
#16092 = LINE('',#16093,#16094);
#16093 = CARTESIAN_POINT('',(180.904647,-81.32002,-4.6E-02));
#16094 = VECTOR('',#16095,1.);
#16095 = DIRECTION('',(0.,0.,1.));
#16096 = ORIENTED_EDGE('',*,*,#12036,.F.);
#16097 = ORIENTED_EDGE('',*,*,#16091,.F.);
#16098 = CYLINDRICAL_SURFACE('',#16099,0.85);
#16099 = AXIS2_PLACEMENT_3D('',#16100,#16101,#16102);
#16100 = CARTESIAN_POINT('',(180.904647,-80.47002,-4.6E-02));
#16101 = DIRECTION('',(-0.,-0.,-1.));
#16102 = DIRECTION('',(-0.,-1.,0.));
#16103 = ADVANCED_FACE('',(#16104),#16115,.F.);
#16104 = FACE_BOUND('',#16105,.T.);
#16105 = EDGE_LOOP('',(#16106,#16107,#16113,#16114));
#16106 = ORIENTED_EDGE('',*,*,#9236,.T.);
#16107 = ORIENTED_EDGE('',*,*,#16108,.T.);
#16108 = EDGE_CURVE('',#9237,#12048,#16109,.T.);
#16109 = LINE('',#16110,#16111);
#16110 = CARTESIAN_POINT('',(162.42359,-78.836578,-4.6E-02));
#16111 = VECTOR('',#16112,1.);
#16112 = DIRECTION('',(0.,0.,1.));
#16113 = ORIENTED_EDGE('',*,*,#12047,.F.);
#16114 = ORIENTED_EDGE('',*,*,#16108,.F.);
#16115 = CYLINDRICAL_SURFACE('',#16116,0.75);
#16116 = AXIS2_PLACEMENT_3D('',#16117,#16118,#16119);
#16117 = CARTESIAN_POINT('',(162.42359,-78.086578,-4.6E-02));
#16118 = DIRECTION('',(-0.,-0.,-1.));
#16119 = DIRECTION('',(-0.,-1.,0.));
#16120 = ADVANCED_FACE('',(#16121),#16132,.F.);
#16121 = FACE_BOUND('',#16122,.T.);
#16122 = EDGE_LOOP('',(#16123,#16124,#16130,#16131));
#16123 = ORIENTED_EDGE('',*,*,#9247,.T.);
#16124 = ORIENTED_EDGE('',*,*,#16125,.T.);
#16125 = EDGE_CURVE('',#9248,#12059,#16126,.T.);
#16126 = LINE('',#16127,#16128);
#16127 = CARTESIAN_POINT('',(168.77359,-76.296578,-4.6E-02));
#16128 = VECTOR('',#16129,1.);
#16129 = DIRECTION('',(0.,0.,1.));
#16130 = ORIENTED_EDGE('',*,*,#12058,.F.);
#16131 = ORIENTED_EDGE('',*,*,#16125,.F.);
#16132 = CYLINDRICAL_SURFACE('',#16133,0.75);
#16133 = AXIS2_PLACEMENT_3D('',#16134,#16135,#16136);
#16134 = CARTESIAN_POINT('',(168.77359,-75.546578,-4.6E-02));
#16135 = DIRECTION('',(-0.,-0.,-1.));
#16136 = DIRECTION('',(-0.,-1.,0.));
#16137 = ADVANCED_FACE('',(#16138),#16149,.F.);
#16138 = FACE_BOUND('',#16139,.T.);
#16139 = EDGE_LOOP('',(#16140,#16141,#16147,#16148));
#16140 = ORIENTED_EDGE('',*,*,#9258,.T.);
#16141 = ORIENTED_EDGE('',*,*,#16142,.T.);
#16142 = EDGE_CURVE('',#9259,#12070,#16143,.T.);
#16143 = LINE('',#16144,#16145);
#16144 = CARTESIAN_POINT('',(182.174647,-78.68002,-4.6E-02));
#16145 = VECTOR('',#16146,1.);
#16146 = DIRECTION('',(0.,0.,1.));
#16147 = ORIENTED_EDGE('',*,*,#12069,.F.);
#16148 = ORIENTED_EDGE('',*,*,#16142,.F.);
#16149 = CYLINDRICAL_SURFACE('',#16150,0.75);
#16150 = AXIS2_PLACEMENT_3D('',#16151,#16152,#16153);
#16151 = CARTESIAN_POINT('',(182.174647,-77.93002,-4.6E-02));
#16152 = DIRECTION('',(-0.,-0.,-1.));
#16153 = DIRECTION('',(-0.,-1.,0.));
#16154 = ADVANCED_FACE('',(#16155),#16166,.F.);
#16155 = FACE_BOUND('',#16156,.T.);
#16156 = EDGE_LOOP('',(#16157,#16158,#16164,#16165));
#16157 = ORIENTED_EDGE('',*,*,#9269,.T.);
#16158 = ORIENTED_EDGE('',*,*,#16159,.T.);
#16159 = EDGE_CURVE('',#9270,#12081,#16160,.T.);
#16160 = LINE('',#16161,#16162);
#16161 = CARTESIAN_POINT('',(190.675661,-100.230471,-4.6E-02));
#16162 = VECTOR('',#16163,1.);
#16163 = DIRECTION('',(0.,0.,1.));
#16164 = ORIENTED_EDGE('',*,*,#12080,.F.);
#16165 = ORIENTED_EDGE('',*,*,#16159,.F.);
#16166 = CYLINDRICAL_SURFACE('',#16167,0.75);
#16167 = AXIS2_PLACEMENT_3D('',#16168,#16169,#16170);
#16168 = CARTESIAN_POINT('',(190.675661,-99.480471,-4.6E-02));
#16169 = DIRECTION('',(-0.,-0.,-1.));
#16170 = DIRECTION('',(-0.,-1.,0.));
#16171 = ADVANCED_FACE('',(#16172),#16183,.F.);
#16172 = FACE_BOUND('',#16173,.T.);
#16173 = EDGE_LOOP('',(#16174,#16175,#16181,#16182));
#16174 = ORIENTED_EDGE('',*,*,#9280,.T.);
#16175 = ORIENTED_EDGE('',*,*,#16176,.T.);
#16176 = EDGE_CURVE('',#9281,#12092,#16177,.T.);
#16177 = LINE('',#16178,#16179);
#16178 = CARTESIAN_POINT('',(197.025661,-97.690471,-4.6E-02));
#16179 = VECTOR('',#16180,1.);
#16180 = DIRECTION('',(0.,0.,1.));
#16181 = ORIENTED_EDGE('',*,*,#12091,.F.);
#16182 = ORIENTED_EDGE('',*,*,#16176,.F.);
#16183 = CYLINDRICAL_SURFACE('',#16184,0.75);
#16184 = AXIS2_PLACEMENT_3D('',#16185,#16186,#16187);
#16185 = CARTESIAN_POINT('',(197.025661,-96.940471,-4.6E-02));
#16186 = DIRECTION('',(-0.,-0.,-1.));
#16187 = DIRECTION('',(-0.,-1.,0.));
#16188 = ADVANCED_FACE('',(#16189),#16200,.F.);
#16189 = FACE_BOUND('',#16190,.T.);
#16190 = EDGE_LOOP('',(#16191,#16192,#16198,#16199));
#16191 = ORIENTED_EDGE('',*,*,#9291,.T.);
#16192 = ORIENTED_EDGE('',*,*,#16193,.T.);
#16193 = EDGE_CURVE('',#9292,#12103,#16194,.T.);
#16194 = LINE('',#16195,#16196);
#16195 = CARTESIAN_POINT('',(210.45883,-100.135325,-4.6E-02));
#16196 = VECTOR('',#16197,1.);
#16197 = DIRECTION('',(0.,0.,1.));
#16198 = ORIENTED_EDGE('',*,*,#12102,.F.);
#16199 = ORIENTED_EDGE('',*,*,#16193,.F.);
#16200 = CYLINDRICAL_SURFACE('',#16201,0.75);
#16201 = AXIS2_PLACEMENT_3D('',#16202,#16203,#16204);
#16202 = CARTESIAN_POINT('',(210.45883,-99.385325,-4.6E-02));
#16203 = DIRECTION('',(-0.,-0.,-1.));
#16204 = DIRECTION('',(-0.,-1.,0.));
#16205 = ADVANCED_FACE('',(#16206),#16217,.F.);
#16206 = FACE_BOUND('',#16207,.T.);
#16207 = EDGE_LOOP('',(#16208,#16209,#16215,#16216));
#16208 = ORIENTED_EDGE('',*,*,#9302,.T.);
#16209 = ORIENTED_EDGE('',*,*,#16210,.T.);
#16210 = EDGE_CURVE('',#9303,#12114,#16211,.T.);
#16211 = LINE('',#16212,#16213);
#16212 = CARTESIAN_POINT('',(216.80883,-97.595325,-4.6E-02));
#16213 = VECTOR('',#16214,1.);
#16214 = DIRECTION('',(0.,0.,1.));
#16215 = ORIENTED_EDGE('',*,*,#12113,.F.);
#16216 = ORIENTED_EDGE('',*,*,#16210,.F.);
#16217 = CYLINDRICAL_SURFACE('',#16218,0.75);
#16218 = AXIS2_PLACEMENT_3D('',#16219,#16220,#16221);
#16219 = CARTESIAN_POINT('',(216.80883,-96.845325,-4.6E-02));
#16220 = DIRECTION('',(-0.,-0.,-1.));
#16221 = DIRECTION('',(-0.,-1.,0.));
#16222 = ADVANCED_FACE('',(#16223),#16234,.F.);
#16223 = FACE_BOUND('',#16224,.T.);
#16224 = EDGE_LOOP('',(#16225,#16226,#16232,#16233));
#16225 = ORIENTED_EDGE('',*,*,#9313,.T.);
#16226 = ORIENTED_EDGE('',*,*,#16227,.T.);
#16227 = EDGE_CURVE('',#9314,#12125,#16228,.T.);
#16228 = LINE('',#16229,#16230);
#16229 = CARTESIAN_POINT('',(185.984647,-82.47002,-4.6E-02));
#16230 = VECTOR('',#16231,1.);
#16231 = DIRECTION('',(0.,0.,1.));
#16232 = ORIENTED_EDGE('',*,*,#12124,.F.);
#16233 = ORIENTED_EDGE('',*,*,#16227,.F.);
#16234 = CYLINDRICAL_SURFACE('',#16235,2.);
#16235 = AXIS2_PLACEMENT_3D('',#16236,#16237,#16238);
#16236 = CARTESIAN_POINT('',(185.984647,-80.47002,-4.6E-02));
#16237 = DIRECTION('',(-0.,-0.,-1.));
#16238 = DIRECTION('',(-0.,-1.,0.));
#16239 = ADVANCED_FACE('',(#16240),#16251,.F.);
#16240 = FACE_BOUND('',#16241,.T.);
#16241 = EDGE_LOOP('',(#16242,#16243,#16249,#16250));
#16242 = ORIENTED_EDGE('',*,*,#9324,.T.);
#16243 = ORIENTED_EDGE('',*,*,#16244,.T.);
#16244 = EDGE_CURVE('',#9325,#12136,#16245,.T.);
#16245 = LINE('',#16246,#16247);
#16246 = CARTESIAN_POINT('',(191.064647,-81.32002,-4.6E-02));
#16247 = VECTOR('',#16248,1.);
#16248 = DIRECTION('',(0.,0.,1.));
#16249 = ORIENTED_EDGE('',*,*,#12135,.F.);
#16250 = ORIENTED_EDGE('',*,*,#16244,.F.);
#16251 = CYLINDRICAL_SURFACE('',#16252,0.85);
#16252 = AXIS2_PLACEMENT_3D('',#16253,#16254,#16255);
#16253 = CARTESIAN_POINT('',(191.064647,-80.47002,-4.6E-02));
#16254 = DIRECTION('',(-0.,-0.,-1.));
#16255 = DIRECTION('',(-0.,-1.,0.));
#16256 = ADVANCED_FACE('',(#16257),#16268,.F.);
#16257 = FACE_BOUND('',#16258,.T.);
#16258 = EDGE_LOOP('',(#16259,#16260,#16266,#16267));
#16259 = ORIENTED_EDGE('',*,*,#9335,.T.);
#16260 = ORIENTED_EDGE('',*,*,#16261,.T.);
#16261 = EDGE_CURVE('',#9336,#12147,#16262,.T.);
#16262 = LINE('',#16263,#16264);
#16263 = CARTESIAN_POINT('',(200.766951,-81.451729,-4.6E-02));
#16264 = VECTOR('',#16265,1.);
#16265 = DIRECTION('',(0.,0.,1.));
#16266 = ORIENTED_EDGE('',*,*,#12146,.F.);
#16267 = ORIENTED_EDGE('',*,*,#16261,.F.);
#16268 = CYLINDRICAL_SURFACE('',#16269,0.85);
#16269 = AXIS2_PLACEMENT_3D('',#16270,#16271,#16272);
#16270 = CARTESIAN_POINT('',(200.766951,-80.601729,-4.6E-02));
#16271 = DIRECTION('',(-0.,-0.,-1.));
#16272 = DIRECTION('',(-0.,-1.,0.));
#16273 = ADVANCED_FACE('',(#16274),#16285,.F.);
#16274 = FACE_BOUND('',#16275,.T.);
#16275 = EDGE_LOOP('',(#16276,#16277,#16283,#16284));
#16276 = ORIENTED_EDGE('',*,*,#9346,.T.);
#16277 = ORIENTED_EDGE('',*,*,#16278,.T.);
#16278 = EDGE_CURVE('',#9347,#12158,#16279,.T.);
#16279 = LINE('',#16280,#16281);
#16280 = CARTESIAN_POINT('',(205.846951,-82.601729,-4.6E-02));
#16281 = VECTOR('',#16282,1.);
#16282 = DIRECTION('',(0.,0.,1.));
#16283 = ORIENTED_EDGE('',*,*,#12157,.F.);
#16284 = ORIENTED_EDGE('',*,*,#16278,.F.);
#16285 = CYLINDRICAL_SURFACE('',#16286,2.);
#16286 = AXIS2_PLACEMENT_3D('',#16287,#16288,#16289);
#16287 = CARTESIAN_POINT('',(205.846951,-80.601729,-4.6E-02));
#16288 = DIRECTION('',(-0.,-0.,-1.));
#16289 = DIRECTION('',(-0.,-1.,0.));
#16290 = ADVANCED_FACE('',(#16291),#16302,.F.);
#16291 = FACE_BOUND('',#16292,.T.);
#16292 = EDGE_LOOP('',(#16293,#16294,#16300,#16301));
#16293 = ORIENTED_EDGE('',*,*,#9357,.T.);
#16294 = ORIENTED_EDGE('',*,*,#16295,.T.);
#16295 = EDGE_CURVE('',#9358,#12169,#16296,.T.);
#16296 = LINE('',#16297,#16298);
#16297 = CARTESIAN_POINT('',(188.524647,-76.14002,-4.6E-02));
#16298 = VECTOR('',#16299,1.);
#16299 = DIRECTION('',(0.,0.,1.));
#16300 = ORIENTED_EDGE('',*,*,#12168,.F.);
#16301 = ORIENTED_EDGE('',*,*,#16295,.F.);
#16302 = CYLINDRICAL_SURFACE('',#16303,0.75);
#16303 = AXIS2_PLACEMENT_3D('',#16304,#16305,#16306);
#16304 = CARTESIAN_POINT('',(188.524647,-75.39002,-4.6E-02));
#16305 = DIRECTION('',(-0.,-0.,-1.));
#16306 = DIRECTION('',(-0.,-1.,0.));
#16307 = ADVANCED_FACE('',(#16308),#16319,.F.);
#16308 = FACE_BOUND('',#16309,.T.);
#16309 = EDGE_LOOP('',(#16310,#16311,#16317,#16318));
#16310 = ORIENTED_EDGE('',*,*,#9368,.T.);
#16311 = ORIENTED_EDGE('',*,*,#16312,.T.);
#16312 = EDGE_CURVE('',#9369,#12180,#16313,.T.);
#16313 = LINE('',#16314,#16315);
#16314 = CARTESIAN_POINT('',(202.036951,-78.811729,-4.6E-02));
#16315 = VECTOR('',#16316,1.);
#16316 = DIRECTION('',(0.,0.,1.));
#16317 = ORIENTED_EDGE('',*,*,#12179,.F.);
#16318 = ORIENTED_EDGE('',*,*,#16312,.F.);
#16319 = CYLINDRICAL_SURFACE('',#16320,0.75);
#16320 = AXIS2_PLACEMENT_3D('',#16321,#16322,#16323);
#16321 = CARTESIAN_POINT('',(202.036951,-78.061729,-4.6E-02));
#16322 = DIRECTION('',(-0.,-0.,-1.));
#16323 = DIRECTION('',(-0.,-1.,0.));
#16324 = ADVANCED_FACE('',(#16325),#16336,.F.);
#16325 = FACE_BOUND('',#16326,.T.);
#16326 = EDGE_LOOP('',(#16327,#16328,#16334,#16335));
#16327 = ORIENTED_EDGE('',*,*,#9379,.T.);
#16328 = ORIENTED_EDGE('',*,*,#16329,.T.);
#16329 = EDGE_CURVE('',#9380,#12191,#16330,.T.);
#16330 = LINE('',#16331,#16332);
#16331 = CARTESIAN_POINT('',(208.386951,-76.271729,-4.6E-02));
#16332 = VECTOR('',#16333,1.);
#16333 = DIRECTION('',(0.,0.,1.));
#16334 = ORIENTED_EDGE('',*,*,#12190,.F.);
#16335 = ORIENTED_EDGE('',*,*,#16329,.F.);
#16336 = CYLINDRICAL_SURFACE('',#16337,0.75);
#16337 = AXIS2_PLACEMENT_3D('',#16338,#16339,#16340);
#16338 = CARTESIAN_POINT('',(208.386951,-75.521729,-4.6E-02));
#16339 = DIRECTION('',(-0.,-0.,-1.));
#16340 = DIRECTION('',(-0.,-1.,0.));
#16341 = ADVANCED_FACE('',(#16342),#16353,.F.);
#16342 = FACE_BOUND('',#16343,.T.);
#16343 = EDGE_LOOP('',(#16344,#16345,#16351,#16352));
#16344 = ORIENTED_EDGE('',*,*,#9390,.T.);
#16345 = ORIENTED_EDGE('',*,*,#16346,.T.);
#16346 = EDGE_CURVE('',#9391,#12202,#16347,.T.);
#16347 = LINE('',#16348,#16349);
#16348 = CARTESIAN_POINT('',(210.926951,-81.451729,-4.6E-02));
#16349 = VECTOR('',#16350,1.);
#16350 = DIRECTION('',(0.,0.,1.));
#16351 = ORIENTED_EDGE('',*,*,#12201,.F.);
#16352 = ORIENTED_EDGE('',*,*,#16346,.F.);
#16353 = CYLINDRICAL_SURFACE('',#16354,0.85);
#16354 = AXIS2_PLACEMENT_3D('',#16355,#16356,#16357);
#16355 = CARTESIAN_POINT('',(210.926951,-80.601729,-4.6E-02));
#16356 = DIRECTION('',(-0.,-0.,-1.));
#16357 = DIRECTION('',(-0.,-1.,0.));
#16358 = ADVANCED_FACE('',(#16359),#16370,.F.);
#16359 = FACE_BOUND('',#16360,.T.);
#16360 = EDGE_LOOP('',(#16361,#16362,#16368,#16369));
#16361 = ORIENTED_EDGE('',*,*,#9401,.T.);
#16362 = ORIENTED_EDGE('',*,*,#16363,.T.);
#16363 = EDGE_CURVE('',#9402,#12213,#16364,.T.);
#16364 = LINE('',#16365,#16366);
#16365 = CARTESIAN_POINT('',(220.344781,-81.287898,-4.6E-02));
#16366 = VECTOR('',#16367,1.);
#16367 = DIRECTION('',(0.,0.,1.));
#16368 = ORIENTED_EDGE('',*,*,#12212,.F.);
#16369 = ORIENTED_EDGE('',*,*,#16363,.F.);
#16370 = CYLINDRICAL_SURFACE('',#16371,0.85);
#16371 = AXIS2_PLACEMENT_3D('',#16372,#16373,#16374);
#16372 = CARTESIAN_POINT('',(220.344781,-80.437898,-4.6E-02));
#16373 = DIRECTION('',(-0.,-0.,-1.));
#16374 = DIRECTION('',(-0.,-1.,0.));
#16375 = ADVANCED_FACE('',(#16376),#16387,.F.);
#16376 = FACE_BOUND('',#16377,.T.);
#16377 = EDGE_LOOP('',(#16378,#16379,#16385,#16386));
#16378 = ORIENTED_EDGE('',*,*,#9412,.T.);
#16379 = ORIENTED_EDGE('',*,*,#16380,.T.);
#16380 = EDGE_CURVE('',#9413,#12224,#16381,.T.);
#16381 = LINE('',#16382,#16383);
#16382 = CARTESIAN_POINT('',(225.424781,-82.437898,-4.6E-02));
#16383 = VECTOR('',#16384,1.);
#16384 = DIRECTION('',(0.,0.,1.));
#16385 = ORIENTED_EDGE('',*,*,#12223,.F.);
#16386 = ORIENTED_EDGE('',*,*,#16380,.F.);
#16387 = CYLINDRICAL_SURFACE('',#16388,2.);
#16388 = AXIS2_PLACEMENT_3D('',#16389,#16390,#16391);
#16389 = CARTESIAN_POINT('',(225.424781,-80.437898,-4.6E-02));
#16390 = DIRECTION('',(-0.,-0.,-1.));
#16391 = DIRECTION('',(-0.,-1.,0.));
#16392 = ADVANCED_FACE('',(#16393),#16404,.F.);
#16393 = FACE_BOUND('',#16394,.T.);
#16394 = EDGE_LOOP('',(#16395,#16396,#16402,#16403));
#16395 = ORIENTED_EDGE('',*,*,#9423,.T.);
#16396 = ORIENTED_EDGE('',*,*,#16397,.T.);
#16397 = EDGE_CURVE('',#9424,#12235,#16398,.T.);
#16398 = LINE('',#16399,#16400);
#16399 = CARTESIAN_POINT('',(230.504781,-81.287898,-4.6E-02));
#16400 = VECTOR('',#16401,1.);
#16401 = DIRECTION('',(0.,0.,1.));
#16402 = ORIENTED_EDGE('',*,*,#12234,.F.);
#16403 = ORIENTED_EDGE('',*,*,#16397,.F.);
#16404 = CYLINDRICAL_SURFACE('',#16405,0.85);
#16405 = AXIS2_PLACEMENT_3D('',#16406,#16407,#16408);
#16406 = CARTESIAN_POINT('',(230.504781,-80.437898,-4.6E-02));
#16407 = DIRECTION('',(-0.,-0.,-1.));
#16408 = DIRECTION('',(-0.,-1.,0.));
#16409 = ADVANCED_FACE('',(#16410),#16421,.F.);
#16410 = FACE_BOUND('',#16411,.T.);
#16411 = EDGE_LOOP('',(#16412,#16413,#16419,#16420));
#16412 = ORIENTED_EDGE('',*,*,#9434,.T.);
#16413 = ORIENTED_EDGE('',*,*,#16414,.T.);
#16414 = EDGE_CURVE('',#9435,#12246,#16415,.T.);
#16415 = LINE('',#16416,#16417);
#16416 = CARTESIAN_POINT('',(221.614781,-78.647898,-4.6E-02));
#16417 = VECTOR('',#16418,1.);
#16418 = DIRECTION('',(0.,0.,1.));
#16419 = ORIENTED_EDGE('',*,*,#12245,.F.);
#16420 = ORIENTED_EDGE('',*,*,#16414,.F.);
#16421 = CYLINDRICAL_SURFACE('',#16422,0.75);
#16422 = AXIS2_PLACEMENT_3D('',#16423,#16424,#16425);
#16423 = CARTESIAN_POINT('',(221.614781,-77.897898,-4.6E-02));
#16424 = DIRECTION('',(-0.,-0.,-1.));
#16425 = DIRECTION('',(-0.,-1.,0.));
#16426 = ADVANCED_FACE('',(#16427),#16438,.F.);
#16427 = FACE_BOUND('',#16428,.T.);
#16428 = EDGE_LOOP('',(#16429,#16430,#16436,#16437));
#16429 = ORIENTED_EDGE('',*,*,#9445,.T.);
#16430 = ORIENTED_EDGE('',*,*,#16431,.T.);
#16431 = EDGE_CURVE('',#9446,#12257,#16432,.T.);
#16432 = LINE('',#16433,#16434);
#16433 = CARTESIAN_POINT('',(227.964781,-76.107898,-4.6E-02));
#16434 = VECTOR('',#16435,1.);
#16435 = DIRECTION('',(0.,0.,1.));
#16436 = ORIENTED_EDGE('',*,*,#12256,.F.);
#16437 = ORIENTED_EDGE('',*,*,#16431,.F.);
#16438 = CYLINDRICAL_SURFACE('',#16439,0.75);
#16439 = AXIS2_PLACEMENT_3D('',#16440,#16441,#16442);
#16440 = CARTESIAN_POINT('',(227.964781,-75.357898,-4.6E-02));
#16441 = DIRECTION('',(-0.,-0.,-1.));
#16442 = DIRECTION('',(-0.,-1.,0.));
#16443 = ADVANCED_FACE('',(#16444),#16455,.F.);
#16444 = FACE_BOUND('',#16445,.T.);
#16445 = EDGE_LOOP('',(#16446,#16447,#16453,#16454));
#16446 = ORIENTED_EDGE('',*,*,#9456,.T.);
#16447 = ORIENTED_EDGE('',*,*,#16448,.T.);
#16448 = EDGE_CURVE('',#9457,#12268,#16449,.T.);
#16449 = LINE('',#16450,#16451);
#16450 = CARTESIAN_POINT('',(130.513397,-58.992386,-4.6E-02));
#16451 = VECTOR('',#16452,1.);
#16452 = DIRECTION('',(0.,0.,1.));
#16453 = ORIENTED_EDGE('',*,*,#12267,.F.);
#16454 = ORIENTED_EDGE('',*,*,#16448,.F.);
#16455 = CYLINDRICAL_SURFACE('',#16456,0.85);
#16456 = AXIS2_PLACEMENT_3D('',#16457,#16458,#16459);
#16457 = CARTESIAN_POINT('',(130.513397,-58.142386,-4.6E-02));
#16458 = DIRECTION('',(-0.,-0.,-1.));
#16459 = DIRECTION('',(-0.,-1.,0.));
#16460 = ADVANCED_FACE('',(#16461),#16472,.F.);
#16461 = FACE_BOUND('',#16462,.T.);
#16462 = EDGE_LOOP('',(#16463,#16464,#16470,#16471));
#16463 = ORIENTED_EDGE('',*,*,#9467,.T.);
#16464 = ORIENTED_EDGE('',*,*,#16465,.T.);
#16465 = EDGE_CURVE('',#9468,#12279,#16466,.T.);
#16466 = LINE('',#16467,#16468);
#16467 = CARTESIAN_POINT('',(135.593397,-60.142386,-4.6E-02));
#16468 = VECTOR('',#16469,1.);
#16469 = DIRECTION('',(0.,0.,1.));
#16470 = ORIENTED_EDGE('',*,*,#12278,.F.);
#16471 = ORIENTED_EDGE('',*,*,#16465,.F.);
#16472 = CYLINDRICAL_SURFACE('',#16473,2.);
#16473 = AXIS2_PLACEMENT_3D('',#16474,#16475,#16476);
#16474 = CARTESIAN_POINT('',(135.593397,-58.142386,-4.6E-02));
#16475 = DIRECTION('',(-0.,-0.,-1.));
#16476 = DIRECTION('',(-0.,-1.,0.));
#16477 = ADVANCED_FACE('',(#16478),#16489,.F.);
#16478 = FACE_BOUND('',#16479,.T.);
#16479 = EDGE_LOOP('',(#16480,#16481,#16487,#16488));
#16480 = ORIENTED_EDGE('',*,*,#9478,.T.);
#16481 = ORIENTED_EDGE('',*,*,#16482,.T.);
#16482 = EDGE_CURVE('',#9479,#12290,#16483,.T.);
#16483 = LINE('',#16484,#16485);
#16484 = CARTESIAN_POINT('',(140.673397,-58.992386,-4.6E-02));
#16485 = VECTOR('',#16486,1.);
#16486 = DIRECTION('',(0.,0.,1.));
#16487 = ORIENTED_EDGE('',*,*,#12289,.F.);
#16488 = ORIENTED_EDGE('',*,*,#16482,.F.);
#16489 = CYLINDRICAL_SURFACE('',#16490,0.85);
#16490 = AXIS2_PLACEMENT_3D('',#16491,#16492,#16493);
#16491 = CARTESIAN_POINT('',(140.673397,-58.142386,-4.6E-02));
#16492 = DIRECTION('',(-0.,-0.,-1.));
#16493 = DIRECTION('',(-0.,-1.,0.));
#16494 = ADVANCED_FACE('',(#16495),#16506,.F.);
#16495 = FACE_BOUND('',#16496,.T.);
#16496 = EDGE_LOOP('',(#16497,#16498,#16504,#16505));
#16497 = ORIENTED_EDGE('',*,*,#9489,.T.);
#16498 = ORIENTED_EDGE('',*,*,#16499,.T.);
#16499 = EDGE_CURVE('',#9490,#12301,#16500,.T.);
#16500 = LINE('',#16501,#16502);
#16501 = CARTESIAN_POINT('',(150.157147,-58.992386,-4.6E-02));
#16502 = VECTOR('',#16503,1.);
#16503 = DIRECTION('',(0.,0.,1.));
#16504 = ORIENTED_EDGE('',*,*,#12300,.F.);
#16505 = ORIENTED_EDGE('',*,*,#16499,.F.);
#16506 = CYLINDRICAL_SURFACE('',#16507,0.85);
#16507 = AXIS2_PLACEMENT_3D('',#16508,#16509,#16510);
#16508 = CARTESIAN_POINT('',(150.157147,-58.142386,-4.6E-02));
#16509 = DIRECTION('',(-0.,-0.,-1.));
#16510 = DIRECTION('',(-0.,-1.,0.));
#16511 = ADVANCED_FACE('',(#16512),#16523,.F.);
#16512 = FACE_BOUND('',#16513,.T.);
#16513 = EDGE_LOOP('',(#16514,#16515,#16521,#16522));
#16514 = ORIENTED_EDGE('',*,*,#9500,.T.);
#16515 = ORIENTED_EDGE('',*,*,#16516,.T.);
#16516 = EDGE_CURVE('',#9501,#12312,#16517,.T.);
#16517 = LINE('',#16518,#16519);
#16518 = CARTESIAN_POINT('',(155.237147,-60.142386,-4.6E-02));
#16519 = VECTOR('',#16520,1.);
#16520 = DIRECTION('',(0.,0.,1.));
#16521 = ORIENTED_EDGE('',*,*,#12311,.F.);
#16522 = ORIENTED_EDGE('',*,*,#16516,.F.);
#16523 = CYLINDRICAL_SURFACE('',#16524,2.);
#16524 = AXIS2_PLACEMENT_3D('',#16525,#16526,#16527);
#16525 = CARTESIAN_POINT('',(155.237147,-58.142386,-4.6E-02));
#16526 = DIRECTION('',(-0.,-0.,-1.));
#16527 = DIRECTION('',(-0.,-1.,0.));
#16528 = ADVANCED_FACE('',(#16529),#16540,.F.);
#16529 = FACE_BOUND('',#16530,.T.);
#16530 = EDGE_LOOP('',(#16531,#16532,#16538,#16539));
#16531 = ORIENTED_EDGE('',*,*,#9511,.T.);
#16532 = ORIENTED_EDGE('',*,*,#16533,.T.);
#16533 = EDGE_CURVE('',#9512,#12323,#16534,.T.);
#16534 = LINE('',#16535,#16536);
#16535 = CARTESIAN_POINT('',(160.317147,-58.992386,-4.6E-02));
#16536 = VECTOR('',#16537,1.);
#16537 = DIRECTION('',(0.,0.,1.));
#16538 = ORIENTED_EDGE('',*,*,#12322,.F.);
#16539 = ORIENTED_EDGE('',*,*,#16533,.F.);
#16540 = CYLINDRICAL_SURFACE('',#16541,0.85);
#16541 = AXIS2_PLACEMENT_3D('',#16542,#16543,#16544);
#16542 = CARTESIAN_POINT('',(160.317147,-58.142386,-4.6E-02));
#16543 = DIRECTION('',(-0.,-0.,-1.));
#16544 = DIRECTION('',(-0.,-1.,0.));
#16545 = ADVANCED_FACE('',(#16546),#16557,.F.);
#16546 = FACE_BOUND('',#16547,.T.);
#16547 = EDGE_LOOP('',(#16548,#16549,#16555,#16556));
#16548 = ORIENTED_EDGE('',*,*,#9522,.T.);
#16549 = ORIENTED_EDGE('',*,*,#16550,.T.);
#16550 = EDGE_CURVE('',#9523,#12334,#16551,.T.);
#16551 = LINE('',#16552,#16553);
#16552 = CARTESIAN_POINT('',(169.800897,-58.992386,-4.6E-02));
#16553 = VECTOR('',#16554,1.);
#16554 = DIRECTION('',(0.,0.,1.));
#16555 = ORIENTED_EDGE('',*,*,#12333,.F.);
#16556 = ORIENTED_EDGE('',*,*,#16550,.F.);
#16557 = CYLINDRICAL_SURFACE('',#16558,0.85);
#16558 = AXIS2_PLACEMENT_3D('',#16559,#16560,#16561);
#16559 = CARTESIAN_POINT('',(169.800897,-58.142386,-4.6E-02));
#16560 = DIRECTION('',(-0.,-0.,-1.));
#16561 = DIRECTION('',(-0.,-1.,0.));
#16562 = ADVANCED_FACE('',(#16563),#16574,.F.);
#16563 = FACE_BOUND('',#16564,.T.);
#16564 = EDGE_LOOP('',(#16565,#16566,#16572,#16573));
#16565 = ORIENTED_EDGE('',*,*,#9533,.T.);
#16566 = ORIENTED_EDGE('',*,*,#16567,.T.);
#16567 = EDGE_CURVE('',#9534,#12345,#16568,.T.);
#16568 = LINE('',#16569,#16570);
#16569 = CARTESIAN_POINT('',(174.880897,-60.142386,-4.6E-02));
#16570 = VECTOR('',#16571,1.);
#16571 = DIRECTION('',(0.,0.,1.));
#16572 = ORIENTED_EDGE('',*,*,#12344,.F.);
#16573 = ORIENTED_EDGE('',*,*,#16567,.F.);
#16574 = CYLINDRICAL_SURFACE('',#16575,2.);
#16575 = AXIS2_PLACEMENT_3D('',#16576,#16577,#16578);
#16576 = CARTESIAN_POINT('',(174.880897,-58.142386,-4.6E-02));
#16577 = DIRECTION('',(-0.,-0.,-1.));
#16578 = DIRECTION('',(-0.,-1.,0.));
#16579 = ADVANCED_FACE('',(#16580),#16591,.F.);
#16580 = FACE_BOUND('',#16581,.T.);
#16581 = EDGE_LOOP('',(#16582,#16583,#16589,#16590));
#16582 = ORIENTED_EDGE('',*,*,#9544,.T.);
#16583 = ORIENTED_EDGE('',*,*,#16584,.T.);
#16584 = EDGE_CURVE('',#9545,#12356,#16585,.T.);
#16585 = LINE('',#16586,#16587);
#16586 = CARTESIAN_POINT('',(179.960897,-58.992386,-4.6E-02));
#16587 = VECTOR('',#16588,1.);
#16588 = DIRECTION('',(0.,0.,1.));
#16589 = ORIENTED_EDGE('',*,*,#12355,.F.);
#16590 = ORIENTED_EDGE('',*,*,#16584,.F.);
#16591 = CYLINDRICAL_SURFACE('',#16592,0.85);
#16592 = AXIS2_PLACEMENT_3D('',#16593,#16594,#16595);
#16593 = CARTESIAN_POINT('',(179.960897,-58.142386,-4.6E-02));
#16594 = DIRECTION('',(-0.,-0.,-1.));
#16595 = DIRECTION('',(-0.,-1.,0.));
#16596 = ADVANCED_FACE('',(#16597),#16608,.F.);
#16597 = FACE_BOUND('',#16598,.T.);
#16598 = EDGE_LOOP('',(#16599,#16600,#16606,#16607));
#16599 = ORIENTED_EDGE('',*,*,#9555,.T.);
#16600 = ORIENTED_EDGE('',*,*,#16601,.T.);
#16601 = EDGE_CURVE('',#9556,#12367,#16602,.T.);
#16602 = LINE('',#16603,#16604);
#16603 = CARTESIAN_POINT('',(131.783397,-56.352386,-4.6E-02));
#16604 = VECTOR('',#16605,1.);
#16605 = DIRECTION('',(0.,0.,1.));
#16606 = ORIENTED_EDGE('',*,*,#12366,.F.);
#16607 = ORIENTED_EDGE('',*,*,#16601,.F.);
#16608 = CYLINDRICAL_SURFACE('',#16609,0.75);
#16609 = AXIS2_PLACEMENT_3D('',#16610,#16611,#16612);
#16610 = CARTESIAN_POINT('',(131.783397,-55.602386,-4.6E-02));
#16611 = DIRECTION('',(-0.,-0.,-1.));
#16612 = DIRECTION('',(-0.,-1.,0.));
#16613 = ADVANCED_FACE('',(#16614),#16625,.F.);
#16614 = FACE_BOUND('',#16615,.T.);
#16615 = EDGE_LOOP('',(#16616,#16617,#16623,#16624));
#16616 = ORIENTED_EDGE('',*,*,#9566,.T.);
#16617 = ORIENTED_EDGE('',*,*,#16618,.T.);
#16618 = EDGE_CURVE('',#9567,#12378,#16619,.T.);
#16619 = LINE('',#16620,#16621);
#16620 = CARTESIAN_POINT('',(138.133397,-53.812386,-4.6E-02));
#16621 = VECTOR('',#16622,1.);
#16622 = DIRECTION('',(0.,0.,1.));
#16623 = ORIENTED_EDGE('',*,*,#12377,.F.);
#16624 = ORIENTED_EDGE('',*,*,#16618,.F.);
#16625 = CYLINDRICAL_SURFACE('',#16626,0.75);
#16626 = AXIS2_PLACEMENT_3D('',#16627,#16628,#16629);
#16627 = CARTESIAN_POINT('',(138.133397,-53.062386,-4.6E-02));
#16628 = DIRECTION('',(-0.,-0.,-1.));
#16629 = DIRECTION('',(-0.,-1.,0.));
#16630 = ADVANCED_FACE('',(#16631),#16642,.F.);
#16631 = FACE_BOUND('',#16632,.T.);
#16632 = EDGE_LOOP('',(#16633,#16634,#16640,#16641));
#16633 = ORIENTED_EDGE('',*,*,#9577,.T.);
#16634 = ORIENTED_EDGE('',*,*,#16635,.T.);
#16635 = EDGE_CURVE('',#9578,#12389,#16636,.T.);
#16636 = LINE('',#16637,#16638);
#16637 = CARTESIAN_POINT('',(151.427147,-56.352386,-4.6E-02));
#16638 = VECTOR('',#16639,1.);
#16639 = DIRECTION('',(0.,0.,1.));
#16640 = ORIENTED_EDGE('',*,*,#12388,.F.);
#16641 = ORIENTED_EDGE('',*,*,#16635,.F.);
#16642 = CYLINDRICAL_SURFACE('',#16643,0.75);
#16643 = AXIS2_PLACEMENT_3D('',#16644,#16645,#16646);
#16644 = CARTESIAN_POINT('',(151.427147,-55.602386,-4.6E-02));
#16645 = DIRECTION('',(-0.,-0.,-1.));
#16646 = DIRECTION('',(-0.,-1.,0.));
#16647 = ADVANCED_FACE('',(#16648),#16659,.F.);
#16648 = FACE_BOUND('',#16649,.T.);
#16649 = EDGE_LOOP('',(#16650,#16651,#16657,#16658));
#16650 = ORIENTED_EDGE('',*,*,#9588,.T.);
#16651 = ORIENTED_EDGE('',*,*,#16652,.T.);
#16652 = EDGE_CURVE('',#9589,#12400,#16653,.T.);
#16653 = LINE('',#16654,#16655);
#16654 = CARTESIAN_POINT('',(157.777147,-53.812386,-4.6E-02));
#16655 = VECTOR('',#16656,1.);
#16656 = DIRECTION('',(0.,0.,1.));
#16657 = ORIENTED_EDGE('',*,*,#12399,.F.);
#16658 = ORIENTED_EDGE('',*,*,#16652,.F.);
#16659 = CYLINDRICAL_SURFACE('',#16660,0.75);
#16660 = AXIS2_PLACEMENT_3D('',#16661,#16662,#16663);
#16661 = CARTESIAN_POINT('',(157.777147,-53.062386,-4.6E-02));
#16662 = DIRECTION('',(-0.,-0.,-1.));
#16663 = DIRECTION('',(-0.,-1.,0.));
#16664 = ADVANCED_FACE('',(#16665),#16676,.F.);
#16665 = FACE_BOUND('',#16666,.T.);
#16666 = EDGE_LOOP('',(#16667,#16668,#16674,#16675));
#16667 = ORIENTED_EDGE('',*,*,#9599,.T.);
#16668 = ORIENTED_EDGE('',*,*,#16669,.T.);
#16669 = EDGE_CURVE('',#9600,#12411,#16670,.T.);
#16670 = LINE('',#16671,#16672);
#16671 = CARTESIAN_POINT('',(171.070897,-56.352386,-4.6E-02));
#16672 = VECTOR('',#16673,1.);
#16673 = DIRECTION('',(0.,0.,1.));
#16674 = ORIENTED_EDGE('',*,*,#12410,.F.);
#16675 = ORIENTED_EDGE('',*,*,#16669,.F.);
#16676 = CYLINDRICAL_SURFACE('',#16677,0.75);
#16677 = AXIS2_PLACEMENT_3D('',#16678,#16679,#16680);
#16678 = CARTESIAN_POINT('',(171.070897,-55.602386,-4.6E-02));
#16679 = DIRECTION('',(-0.,-0.,-1.));
#16680 = DIRECTION('',(-0.,-1.,0.));
#16681 = ADVANCED_FACE('',(#16682),#16693,.F.);
#16682 = FACE_BOUND('',#16683,.T.);
#16683 = EDGE_LOOP('',(#16684,#16685,#16691,#16692));
#16684 = ORIENTED_EDGE('',*,*,#9610,.T.);
#16685 = ORIENTED_EDGE('',*,*,#16686,.T.);
#16686 = EDGE_CURVE('',#9611,#12422,#16687,.T.);
#16687 = LINE('',#16688,#16689);
#16688 = CARTESIAN_POINT('',(177.420897,-53.812386,-4.6E-02));
#16689 = VECTOR('',#16690,1.);
#16690 = DIRECTION('',(0.,0.,1.));
#16691 = ORIENTED_EDGE('',*,*,#12421,.F.);
#16692 = ORIENTED_EDGE('',*,*,#16686,.F.);
#16693 = CYLINDRICAL_SURFACE('',#16694,0.75);
#16694 = AXIS2_PLACEMENT_3D('',#16695,#16696,#16697);
#16695 = CARTESIAN_POINT('',(177.420897,-53.062386,-4.6E-02));
#16696 = DIRECTION('',(-0.,-0.,-1.));
#16697 = DIRECTION('',(-0.,-1.,0.));
#16698 = ADVANCED_FACE('',(#16699),#16710,.F.);
#16699 = FACE_BOUND('',#16700,.T.);
#16700 = EDGE_LOOP('',(#16701,#16702,#16708,#16709));
#16701 = ORIENTED_EDGE('',*,*,#9621,.T.);
#16702 = ORIENTED_EDGE('',*,*,#16703,.T.);
#16703 = EDGE_CURVE('',#9622,#12433,#16704,.T.);
#16704 = LINE('',#16705,#16706);
#16705 = CARTESIAN_POINT('',(189.444647,-58.992386,-4.6E-02));
#16706 = VECTOR('',#16707,1.);
#16707 = DIRECTION('',(0.,0.,1.));
#16708 = ORIENTED_EDGE('',*,*,#12432,.F.);
#16709 = ORIENTED_EDGE('',*,*,#16703,.F.);
#16710 = CYLINDRICAL_SURFACE('',#16711,0.85);
#16711 = AXIS2_PLACEMENT_3D('',#16712,#16713,#16714);
#16712 = CARTESIAN_POINT('',(189.444647,-58.142386,-4.6E-02));
#16713 = DIRECTION('',(-0.,-0.,-1.));
#16714 = DIRECTION('',(-0.,-1.,0.));
#16715 = ADVANCED_FACE('',(#16716),#16727,.F.);
#16716 = FACE_BOUND('',#16717,.T.);
#16717 = EDGE_LOOP('',(#16718,#16719,#16725,#16726));
#16718 = ORIENTED_EDGE('',*,*,#9632,.T.);
#16719 = ORIENTED_EDGE('',*,*,#16720,.T.);
#16720 = EDGE_CURVE('',#9633,#12444,#16721,.T.);
#16721 = LINE('',#16722,#16723);
#16722 = CARTESIAN_POINT('',(194.524647,-60.142386,-4.6E-02));
#16723 = VECTOR('',#16724,1.);
#16724 = DIRECTION('',(0.,0.,1.));
#16725 = ORIENTED_EDGE('',*,*,#12443,.F.);
#16726 = ORIENTED_EDGE('',*,*,#16720,.F.);
#16727 = CYLINDRICAL_SURFACE('',#16728,2.);
#16728 = AXIS2_PLACEMENT_3D('',#16729,#16730,#16731);
#16729 = CARTESIAN_POINT('',(194.524647,-58.142386,-4.6E-02));
#16730 = DIRECTION('',(-0.,-0.,-1.));
#16731 = DIRECTION('',(-0.,-1.,0.));
#16732 = ADVANCED_FACE('',(#16733),#16744,.F.);
#16733 = FACE_BOUND('',#16734,.T.);
#16734 = EDGE_LOOP('',(#16735,#16736,#16742,#16743));
#16735 = ORIENTED_EDGE('',*,*,#9643,.T.);
#16736 = ORIENTED_EDGE('',*,*,#16737,.T.);
#16737 = EDGE_CURVE('',#9644,#12455,#16738,.T.);
#16738 = LINE('',#16739,#16740);
#16739 = CARTESIAN_POINT('',(199.604647,-58.992386,-4.6E-02));
#16740 = VECTOR('',#16741,1.);
#16741 = DIRECTION('',(0.,0.,1.));
#16742 = ORIENTED_EDGE('',*,*,#12454,.F.);
#16743 = ORIENTED_EDGE('',*,*,#16737,.F.);
#16744 = CYLINDRICAL_SURFACE('',#16745,0.85);
#16745 = AXIS2_PLACEMENT_3D('',#16746,#16747,#16748);
#16746 = CARTESIAN_POINT('',(199.604647,-58.142386,-4.6E-02));
#16747 = DIRECTION('',(-0.,-0.,-1.));
#16748 = DIRECTION('',(-0.,-1.,0.));
#16749 = ADVANCED_FACE('',(#16750),#16761,.F.);
#16750 = FACE_BOUND('',#16751,.T.);
#16751 = EDGE_LOOP('',(#16752,#16753,#16759,#16760));
#16752 = ORIENTED_EDGE('',*,*,#9654,.T.);
#16753 = ORIENTED_EDGE('',*,*,#16754,.T.);
#16754 = EDGE_CURVE('',#9655,#12466,#16755,.T.);
#16755 = LINE('',#16756,#16757);
#16756 = CARTESIAN_POINT('',(209.294647,-58.870471,-4.6E-02));
#16757 = VECTOR('',#16758,1.);
#16758 = DIRECTION('',(0.,0.,1.));
#16759 = ORIENTED_EDGE('',*,*,#12465,.F.);
#16760 = ORIENTED_EDGE('',*,*,#16754,.F.);
#16761 = CYLINDRICAL_SURFACE('',#16762,0.85);
#16762 = AXIS2_PLACEMENT_3D('',#16763,#16764,#16765);
#16763 = CARTESIAN_POINT('',(209.294647,-58.020471,-4.6E-02));
#16764 = DIRECTION('',(-0.,-0.,-1.));
#16765 = DIRECTION('',(-0.,-1.,0.));
#16766 = ADVANCED_FACE('',(#16767),#16778,.F.);
#16767 = FACE_BOUND('',#16768,.T.);
#16768 = EDGE_LOOP('',(#16769,#16770,#16776,#16777));
#16769 = ORIENTED_EDGE('',*,*,#9665,.T.);
#16770 = ORIENTED_EDGE('',*,*,#16771,.T.);
#16771 = EDGE_CURVE('',#9666,#12477,#16772,.T.);
#16772 = LINE('',#16773,#16774);
#16773 = CARTESIAN_POINT('',(214.374647,-60.020471,-4.6E-02));
#16774 = VECTOR('',#16775,1.);
#16775 = DIRECTION('',(0.,0.,1.));
#16776 = ORIENTED_EDGE('',*,*,#12476,.F.);
#16777 = ORIENTED_EDGE('',*,*,#16771,.F.);
#16778 = CYLINDRICAL_SURFACE('',#16779,2.);
#16779 = AXIS2_PLACEMENT_3D('',#16780,#16781,#16782);
#16780 = CARTESIAN_POINT('',(214.374647,-58.020471,-4.6E-02));
#16781 = DIRECTION('',(-0.,-0.,-1.));
#16782 = DIRECTION('',(-0.,-1.,0.));
#16783 = ADVANCED_FACE('',(#16784),#16795,.F.);
#16784 = FACE_BOUND('',#16785,.T.);
#16785 = EDGE_LOOP('',(#16786,#16787,#16793,#16794));
#16786 = ORIENTED_EDGE('',*,*,#9676,.T.);
#16787 = ORIENTED_EDGE('',*,*,#16788,.T.);
#16788 = EDGE_CURVE('',#9677,#12488,#16789,.T.);
#16789 = LINE('',#16790,#16791);
#16790 = CARTESIAN_POINT('',(219.454647,-58.870471,-4.6E-02));
#16791 = VECTOR('',#16792,1.);
#16792 = DIRECTION('',(0.,0.,1.));
#16793 = ORIENTED_EDGE('',*,*,#12487,.F.);
#16794 = ORIENTED_EDGE('',*,*,#16788,.F.);
#16795 = CYLINDRICAL_SURFACE('',#16796,0.85);
#16796 = AXIS2_PLACEMENT_3D('',#16797,#16798,#16799);
#16797 = CARTESIAN_POINT('',(219.454647,-58.020471,-4.6E-02));
#16798 = DIRECTION('',(-0.,-0.,-1.));
#16799 = DIRECTION('',(-0.,-1.,0.));
#16800 = ADVANCED_FACE('',(#16801),#16812,.F.);
#16801 = FACE_BOUND('',#16802,.T.);
#16802 = EDGE_LOOP('',(#16803,#16804,#16810,#16811));
#16803 = ORIENTED_EDGE('',*,*,#9687,.T.);
#16804 = ORIENTED_EDGE('',*,*,#16805,.T.);
#16805 = EDGE_CURVE('',#9688,#12499,#16806,.T.);
#16806 = LINE('',#16807,#16808);
#16807 = CARTESIAN_POINT('',(190.714647,-56.352386,-4.6E-02));
#16808 = VECTOR('',#16809,1.);
#16809 = DIRECTION('',(0.,0.,1.));
#16810 = ORIENTED_EDGE('',*,*,#12498,.F.);
#16811 = ORIENTED_EDGE('',*,*,#16805,.F.);
#16812 = CYLINDRICAL_SURFACE('',#16813,0.75);
#16813 = AXIS2_PLACEMENT_3D('',#16814,#16815,#16816);
#16814 = CARTESIAN_POINT('',(190.714647,-55.602386,-4.6E-02));
#16815 = DIRECTION('',(-0.,-0.,-1.));
#16816 = DIRECTION('',(-0.,-1.,0.));
#16817 = ADVANCED_FACE('',(#16818),#16829,.F.);
#16818 = FACE_BOUND('',#16819,.T.);
#16819 = EDGE_LOOP('',(#16820,#16821,#16827,#16828));
#16820 = ORIENTED_EDGE('',*,*,#9698,.T.);
#16821 = ORIENTED_EDGE('',*,*,#16822,.T.);
#16822 = EDGE_CURVE('',#9699,#12510,#16823,.T.);
#16823 = LINE('',#16824,#16825);
#16824 = CARTESIAN_POINT('',(197.064647,-53.812386,-4.6E-02));
#16825 = VECTOR('',#16826,1.);
#16826 = DIRECTION('',(0.,0.,1.));
#16827 = ORIENTED_EDGE('',*,*,#12509,.F.);
#16828 = ORIENTED_EDGE('',*,*,#16822,.F.);
#16829 = CYLINDRICAL_SURFACE('',#16830,0.75);
#16830 = AXIS2_PLACEMENT_3D('',#16831,#16832,#16833);
#16831 = CARTESIAN_POINT('',(197.064647,-53.062386,-4.6E-02));
#16832 = DIRECTION('',(-0.,-0.,-1.));
#16833 = DIRECTION('',(-0.,-1.,0.));
#16834 = ADVANCED_FACE('',(#16835),#16846,.F.);
#16835 = FACE_BOUND('',#16836,.T.);
#16836 = EDGE_LOOP('',(#16837,#16838,#16844,#16845));
#16837 = ORIENTED_EDGE('',*,*,#9709,.T.);
#16838 = ORIENTED_EDGE('',*,*,#16839,.T.);
#16839 = EDGE_CURVE('',#9710,#12521,#16840,.T.);
#16840 = LINE('',#16841,#16842);
#16841 = CARTESIAN_POINT('',(210.564647,-56.230471,-4.6E-02));
#16842 = VECTOR('',#16843,1.);
#16843 = DIRECTION('',(0.,0.,1.));
#16844 = ORIENTED_EDGE('',*,*,#12520,.F.);
#16845 = ORIENTED_EDGE('',*,*,#16839,.F.);
#16846 = CYLINDRICAL_SURFACE('',#16847,0.75);
#16847 = AXIS2_PLACEMENT_3D('',#16848,#16849,#16850);
#16848 = CARTESIAN_POINT('',(210.564647,-55.480471,-4.6E-02));
#16849 = DIRECTION('',(-0.,-0.,-1.));
#16850 = DIRECTION('',(-0.,-1.,0.));
#16851 = ADVANCED_FACE('',(#16852),#16863,.F.);
#16852 = FACE_BOUND('',#16853,.T.);
#16853 = EDGE_LOOP('',(#16854,#16855,#16861,#16862));
#16854 = ORIENTED_EDGE('',*,*,#9720,.T.);
#16855 = ORIENTED_EDGE('',*,*,#16856,.T.);
#16856 = EDGE_CURVE('',#9721,#12532,#16857,.T.);
#16857 = LINE('',#16858,#16859);
#16858 = CARTESIAN_POINT('',(216.914647,-53.690471,-4.6E-02));
#16859 = VECTOR('',#16860,1.);
#16860 = DIRECTION('',(0.,0.,1.));
#16861 = ORIENTED_EDGE('',*,*,#12531,.F.);
#16862 = ORIENTED_EDGE('',*,*,#16856,.F.);
#16863 = CYLINDRICAL_SURFACE('',#16864,0.75);
#16864 = AXIS2_PLACEMENT_3D('',#16865,#16866,#16867);
#16865 = CARTESIAN_POINT('',(216.914647,-52.940471,-4.6E-02));
#16866 = DIRECTION('',(-0.,-0.,-1.));
#16867 = DIRECTION('',(-0.,-1.,0.));
#16868 = ADVANCED_FACE('',(#16869),#16880,.F.);
#16869 = FACE_BOUND('',#16870,.T.);
#16870 = EDGE_LOOP('',(#16871,#16872,#16878,#16879));
#16871 = ORIENTED_EDGE('',*,*,#9731,.T.);
#16872 = ORIENTED_EDGE('',*,*,#16873,.T.);
#16873 = EDGE_CURVE('',#9732,#12543,#16874,.T.);
#16874 = LINE('',#16875,#16876);
#16875 = CARTESIAN_POINT('',(234.5,-45.55,-4.6E-02));
#16876 = VECTOR('',#16877,1.);
#16877 = DIRECTION('',(0.,0.,1.));
#16878 = ORIENTED_EDGE('',*,*,#12542,.F.);
#16879 = ORIENTED_EDGE('',*,*,#16873,.F.);
#16880 = CYLINDRICAL_SURFACE('',#16881,1.05);
#16881 = AXIS2_PLACEMENT_3D('',#16882,#16883,#16884);
#16882 = CARTESIAN_POINT('',(234.5,-44.5,-4.6E-02));
#16883 = DIRECTION('',(-0.,-0.,-1.));
#16884 = DIRECTION('',(-0.,-1.,0.));
#16885 = ( GEOMETRIC_REPRESENTATION_CONTEXT(3) 
GLOBAL_UNCERTAINTY_ASSIGNED_CONTEXT((#16889)) 
GLOBAL_UNIT_ASSIGNED_CONTEXT((#16886,#16887,#16888)) 
REPRESENTATION_CONTEXT('Context #1',
  '3D Context with UNIT and UNCERTAINTY') );
#16886 = ( LENGTH_UNIT() NAMED_UNIT(*) SI_UNIT(.MILLI.,.METRE.) );
#16887 = ( NAMED_UNIT(*) PLANE_ANGLE_UNIT() SI_UNIT($,.RADIAN.) );
#16888 = ( NAMED_UNIT(*) SI_UNIT($,.STERADIAN.) SOLID_ANGLE_UNIT() );
#16889 = UNCERTAINTY_MEASURE_WITH_UNIT(LENGTH_MEASURE(1.E-07),#16886,
  'distance_accuracy_value','confusion accuracy');
#16890 = CONTEXT_DEPENDENT_SHAPE_REPRESENTATION(#16891,#16893);
#16891 = ( REPRESENTATION_RELATIONSHIP('','',#6828,#10) 
REPRESENTATION_RELATIONSHIP_WITH_TRANSFORMATION(#16892) 
SHAPE_REPRESENTATION_RELATIONSHIP() );
#16892 = ITEM_DEFINED_TRANSFORMATION('','',#11,#219);
#16893 = PRODUCT_DEFINITION_SHAPE('Placement','Placement of an item',
  #16894);
#16894 = NEXT_ASSEMBLY_USAGE_OCCURRENCE('54','=>[0:1:1:6]','',#5,#6823,$
  );
#16895 = PRODUCT_RELATED_PRODUCT_CATEGORY('part',$,(#6825));
#16896 = MECHANICAL_DESIGN_GEOMETRIC_PRESENTATION_REPRESENTATION('',(
    #16897),#16885);
#16897 = STYLED_ITEM('color',(#16898),#6829);
#16898 = PRESENTATION_STYLE_ASSIGNMENT((#16899));
#16899 = SURFACE_STYLE_USAGE(.BOTH.,#16900);
#16900 = SURFACE_SIDE_STYLE('',(#16901));
#16901 = SURFACE_STYLE_FILL_AREA(#16902);
#16902 = FILL_AREA_STYLE('',(#16903));
#16903 = FILL_AREA_STYLE_COLOUR('',#16904);
#16904 = COLOUR_RGB('',0.313304153717,0.484529207832,0.410020903123);
#16905 = MECHANICAL_DESIGN_GEOMETRIC_PRESENTATION_REPRESENTATION('',(
    #16906,#16914,#16921,#16928,#16935,#16942,#16950,#16957,#16964,
    #16971,#16978,#16985,#16992,#16999,#17006,#17013,#17020,#17027,
    #17034,#17041,#17048,#17055,#17062,#17069,#17076,#17083,#17090,
    #17097,#17104,#17111,#17118,#17125,#17132,#17139,#17146,#17153,
    #17160,#17167,#17174,#17181,#17188,#17195,#17202,#17209,#17216,
    #17223,#17230,#17237,#17244,#17251,#17258,#17265,#17272,#17279,
    #17286,#17293,#17300,#17307,#17314,#17321,#17328,#17335,#17342,
    #17349,#17356,#17363,#17370,#17377,#17384,#17391,#17398,#17405,
    #17412,#17419,#17426,#17433,#17440,#17447,#17454,#17461,#17468,
    #17475,#17482,#17489,#17496,#17503,#17510,#17517,#17524,#17531,
    #17538,#17545,#17552,#17559,#17566,#17573,#17580,#17587,#17594,
    #17601,#17608,#17615,#17622,#17629,#17636,#17643,#17650,#17657,
    #17664,#17671,#17678,#17685,#17692,#17699,#17706,#17713,#17720,
    #17727,#17734,#17741,#17748,#17755,#17762,#17769,#17776,#17783,
    #17790,#17797,#17804,#17811,#17818,#17825,#17832,#17839,#17846,
    #17853,#17860,#17867,#17874,#17881,#17888,#17895,#17902,#17909,
    #17916,#17923,#17930,#17937,#17944,#17951,#17958,#17965,#17972,
    #17979,#17986,#17993,#18000,#18007,#18014,#18021,#18028,#18035,
    #18042,#18049,#18056,#18063,#18070,#18077,#18084,#18091,#18098,
    #18105,#18112,#18119,#18126,#18133,#18140,#18147,#18154,#18161,
    #18168,#18176),#6605);
#16906 = STYLED_ITEM('color',(#16907),#637);
#16907 = PRESENTATION_STYLE_ASSIGNMENT((#16908));
#16908 = SURFACE_STYLE_USAGE(.BOTH.,#16909);
#16909 = SURFACE_SIDE_STYLE('',(#16910));
#16910 = SURFACE_STYLE_FILL_AREA(#16911);
#16911 = FILL_AREA_STYLE('',(#16912));
#16912 = FILL_AREA_STYLE_COLOUR('',#16913);
#16913 = COLOUR_RGB('',0.823999987314,0.819999987296,0.781000009244);
#16914 = STYLED_ITEM('color',(#16915),#678);
#16915 = PRESENTATION_STYLE_ASSIGNMENT((#16916));
#16916 = SURFACE_STYLE_USAGE(.BOTH.,#16917);
#16917 = SURFACE_SIDE_STYLE('',(#16918));
#16918 = SURFACE_STYLE_FILL_AREA(#16919);
#16919 = FILL_AREA_STYLE('',(#16920));
#16920 = FILL_AREA_STYLE_COLOUR('',#16913);
#16921 = STYLED_ITEM('color',(#16922),#725);
#16922 = PRESENTATION_STYLE_ASSIGNMENT((#16923));
#16923 = SURFACE_STYLE_USAGE(.BOTH.,#16924);
#16924 = SURFACE_SIDE_STYLE('',(#16925));
#16925 = SURFACE_STYLE_FILL_AREA(#16926);
#16926 = FILL_AREA_STYLE('',(#16927));
#16927 = FILL_AREA_STYLE_COLOUR('',#16913);
#16928 = STYLED_ITEM('color',(#16929),#750);
#16929 = PRESENTATION_STYLE_ASSIGNMENT((#16930));
#16930 = SURFACE_STYLE_USAGE(.BOTH.,#16931);
#16931 = SURFACE_SIDE_STYLE('',(#16932));
#16932 = SURFACE_STYLE_FILL_AREA(#16933);
#16933 = FILL_AREA_STYLE('',(#16934));
#16934 = FILL_AREA_STYLE_COLOUR('',#16913);
#16935 = STYLED_ITEM('color',(#16936),#790);
#16936 = PRESENTATION_STYLE_ASSIGNMENT((#16937));
#16937 = SURFACE_STYLE_USAGE(.BOTH.,#16938);
#16938 = SURFACE_SIDE_STYLE('',(#16939));
#16939 = SURFACE_STYLE_FILL_AREA(#16940);
#16940 = FILL_AREA_STYLE('',(#16941));
#16941 = FILL_AREA_STYLE_COLOUR('',#16913);
#16942 = STYLED_ITEM('color',(#16943),#807);
#16943 = PRESENTATION_STYLE_ASSIGNMENT((#16944));
#16944 = SURFACE_STYLE_USAGE(.BOTH.,#16945);
#16945 = SURFACE_SIDE_STYLE('',(#16946));
#16946 = SURFACE_STYLE_FILL_AREA(#16947);
#16947 = FILL_AREA_STYLE('',(#16948));
#16948 = FILL_AREA_STYLE_COLOUR('',#16949);
#16949 = COLOUR_RGB('',0.147999998088,0.144999993226,0.144999993226);
#16950 = STYLED_ITEM('color',(#16951),#1789);
#16951 = PRESENTATION_STYLE_ASSIGNMENT((#16952));
#16952 = SURFACE_STYLE_USAGE(.BOTH.,#16953);
#16953 = SURFACE_SIDE_STYLE('',(#16954));
#16954 = SURFACE_STYLE_FILL_AREA(#16955);
#16955 = FILL_AREA_STYLE('',(#16956));
#16956 = FILL_AREA_STYLE_COLOUR('',#16949);
#16957 = STYLED_ITEM('color',(#16958),#1967);
#16958 = PRESENTATION_STYLE_ASSIGNMENT((#16959));
#16959 = SURFACE_STYLE_USAGE(.BOTH.,#16960);
#16960 = SURFACE_SIDE_STYLE('',(#16961));
#16961 = SURFACE_STYLE_FILL_AREA(#16962);
#16962 = FILL_AREA_STYLE('',(#16963));
#16963 = FILL_AREA_STYLE_COLOUR('',#16913);
#16964 = STYLED_ITEM('color',(#16965),#1979);
#16965 = PRESENTATION_STYLE_ASSIGNMENT((#16966));
#16966 = SURFACE_STYLE_USAGE(.BOTH.,#16967);
#16967 = SURFACE_SIDE_STYLE('',(#16968));
#16968 = SURFACE_STYLE_FILL_AREA(#16969);
#16969 = FILL_AREA_STYLE('',(#16970));
#16970 = FILL_AREA_STYLE_COLOUR('',#16949);
#16971 = STYLED_ITEM('color',(#16972),#2164);
#16972 = PRESENTATION_STYLE_ASSIGNMENT((#16973));
#16973 = SURFACE_STYLE_USAGE(.BOTH.,#16974);
#16974 = SURFACE_SIDE_STYLE('',(#16975));
#16975 = SURFACE_STYLE_FILL_AREA(#16976);
#16976 = FILL_AREA_STYLE('',(#16977));
#16977 = FILL_AREA_STYLE_COLOUR('',#16913);
#16978 = STYLED_ITEM('color',(#16979),#2204);
#16979 = PRESENTATION_STYLE_ASSIGNMENT((#16980));
#16980 = SURFACE_STYLE_USAGE(.BOTH.,#16981);
#16981 = SURFACE_SIDE_STYLE('',(#16982));
#16982 = SURFACE_STYLE_FILL_AREA(#16983);
#16983 = FILL_AREA_STYLE('',(#16984));
#16984 = FILL_AREA_STYLE_COLOUR('',#16913);
#16985 = STYLED_ITEM('color',(#16986),#2244);
#16986 = PRESENTATION_STYLE_ASSIGNMENT((#16987));
#16987 = SURFACE_STYLE_USAGE(.BOTH.,#16988);
#16988 = SURFACE_SIDE_STYLE('',(#16989));
#16989 = SURFACE_STYLE_FILL_AREA(#16990);
#16990 = FILL_AREA_STYLE('',(#16991));
#16991 = FILL_AREA_STYLE_COLOUR('',#16913);
#16992 = STYLED_ITEM('color',(#16993),#2269);
#16993 = PRESENTATION_STYLE_ASSIGNMENT((#16994));
#16994 = SURFACE_STYLE_USAGE(.BOTH.,#16995);
#16995 = SURFACE_SIDE_STYLE('',(#16996));
#16996 = SURFACE_STYLE_FILL_AREA(#16997);
#16997 = FILL_AREA_STYLE('',(#16998));
#16998 = FILL_AREA_STYLE_COLOUR('',#16913);
#16999 = STYLED_ITEM('color',(#17000),#2294);
#17000 = PRESENTATION_STYLE_ASSIGNMENT((#17001));
#17001 = SURFACE_STYLE_USAGE(.BOTH.,#17002);
#17002 = SURFACE_SIDE_STYLE('',(#17003));
#17003 = SURFACE_STYLE_FILL_AREA(#17004);
#17004 = FILL_AREA_STYLE('',(#17005));
#17005 = FILL_AREA_STYLE_COLOUR('',#16913);
#17006 = STYLED_ITEM('color',(#17007),#2327);
#17007 = PRESENTATION_STYLE_ASSIGNMENT((#17008));
#17008 = SURFACE_STYLE_USAGE(.BOTH.,#17009);
#17009 = SURFACE_SIDE_STYLE('',(#17010));
#17010 = SURFACE_STYLE_FILL_AREA(#17011);
#17011 = FILL_AREA_STYLE('',(#17012));
#17012 = FILL_AREA_STYLE_COLOUR('',#16913);
#17013 = STYLED_ITEM('color',(#17014),#2360);
#17014 = PRESENTATION_STYLE_ASSIGNMENT((#17015));
#17015 = SURFACE_STYLE_USAGE(.BOTH.,#17016);
#17016 = SURFACE_SIDE_STYLE('',(#17017));
#17017 = SURFACE_STYLE_FILL_AREA(#17018);
#17018 = FILL_AREA_STYLE('',(#17019));
#17019 = FILL_AREA_STYLE_COLOUR('',#16913);
#17020 = STYLED_ITEM('color',(#17021),#2400);
#17021 = PRESENTATION_STYLE_ASSIGNMENT((#17022));
#17022 = SURFACE_STYLE_USAGE(.BOTH.,#17023);
#17023 = SURFACE_SIDE_STYLE('',(#17024));
#17024 = SURFACE_STYLE_FILL_AREA(#17025);
#17025 = FILL_AREA_STYLE('',(#17026));
#17026 = FILL_AREA_STYLE_COLOUR('',#16913);
#17027 = STYLED_ITEM('color',(#17028),#2440);
#17028 = PRESENTATION_STYLE_ASSIGNMENT((#17029));
#17029 = SURFACE_STYLE_USAGE(.BOTH.,#17030);
#17030 = SURFACE_SIDE_STYLE('',(#17031));
#17031 = SURFACE_STYLE_FILL_AREA(#17032);
#17032 = FILL_AREA_STYLE('',(#17033));
#17033 = FILL_AREA_STYLE_COLOUR('',#16913);
#17034 = STYLED_ITEM('color',(#17035),#2465);
#17035 = PRESENTATION_STYLE_ASSIGNMENT((#17036));
#17036 = SURFACE_STYLE_USAGE(.BOTH.,#17037);
#17037 = SURFACE_SIDE_STYLE('',(#17038));
#17038 = SURFACE_STYLE_FILL_AREA(#17039);
#17039 = FILL_AREA_STYLE('',(#17040));
#17040 = FILL_AREA_STYLE_COLOUR('',#16913);
#17041 = STYLED_ITEM('color',(#17042),#2490);
#17042 = PRESENTATION_STYLE_ASSIGNMENT((#17043));
#17043 = SURFACE_STYLE_USAGE(.BOTH.,#17044);
#17044 = SURFACE_SIDE_STYLE('',(#17045));
#17045 = SURFACE_STYLE_FILL_AREA(#17046);
#17046 = FILL_AREA_STYLE('',(#17047));
#17047 = FILL_AREA_STYLE_COLOUR('',#16913);
#17048 = STYLED_ITEM('color',(#17049),#2523);
#17049 = PRESENTATION_STYLE_ASSIGNMENT((#17050));
#17050 = SURFACE_STYLE_USAGE(.BOTH.,#17051);
#17051 = SURFACE_SIDE_STYLE('',(#17052));
#17052 = SURFACE_STYLE_FILL_AREA(#17053);
#17053 = FILL_AREA_STYLE('',(#17054));
#17054 = FILL_AREA_STYLE_COLOUR('',#16913);
#17055 = STYLED_ITEM('color',(#17056),#2556);
#17056 = PRESENTATION_STYLE_ASSIGNMENT((#17057));
#17057 = SURFACE_STYLE_USAGE(.BOTH.,#17058);
#17058 = SURFACE_SIDE_STYLE('',(#17059));
#17059 = SURFACE_STYLE_FILL_AREA(#17060);
#17060 = FILL_AREA_STYLE('',(#17061));
#17061 = FILL_AREA_STYLE_COLOUR('',#16913);
#17062 = STYLED_ITEM('color',(#17063),#2596);
#17063 = PRESENTATION_STYLE_ASSIGNMENT((#17064));
#17064 = SURFACE_STYLE_USAGE(.BOTH.,#17065);
#17065 = SURFACE_SIDE_STYLE('',(#17066));
#17066 = SURFACE_STYLE_FILL_AREA(#17067);
#17067 = FILL_AREA_STYLE('',(#17068));
#17068 = FILL_AREA_STYLE_COLOUR('',#16913);
#17069 = STYLED_ITEM('color',(#17070),#2621);
#17070 = PRESENTATION_STYLE_ASSIGNMENT((#17071));
#17071 = SURFACE_STYLE_USAGE(.BOTH.,#17072);
#17072 = SURFACE_SIDE_STYLE('',(#17073));
#17073 = SURFACE_STYLE_FILL_AREA(#17074);
#17074 = FILL_AREA_STYLE('',(#17075));
#17075 = FILL_AREA_STYLE_COLOUR('',#16913);
#17076 = STYLED_ITEM('color',(#17077),#2654);
#17077 = PRESENTATION_STYLE_ASSIGNMENT((#17078));
#17078 = SURFACE_STYLE_USAGE(.BOTH.,#17079);
#17079 = SURFACE_SIDE_STYLE('',(#17080));
#17080 = SURFACE_STYLE_FILL_AREA(#17081);
#17081 = FILL_AREA_STYLE('',(#17082));
#17082 = FILL_AREA_STYLE_COLOUR('',#16913);
#17083 = STYLED_ITEM('color',(#17084),#2694);
#17084 = PRESENTATION_STYLE_ASSIGNMENT((#17085));
#17085 = SURFACE_STYLE_USAGE(.BOTH.,#17086);
#17086 = SURFACE_SIDE_STYLE('',(#17087));
#17087 = SURFACE_STYLE_FILL_AREA(#17088);
#17088 = FILL_AREA_STYLE('',(#17089));
#17089 = FILL_AREA_STYLE_COLOUR('',#16913);
#17090 = STYLED_ITEM('color',(#17091),#2734);
#17091 = PRESENTATION_STYLE_ASSIGNMENT((#17092));
#17092 = SURFACE_STYLE_USAGE(.BOTH.,#17093);
#17093 = SURFACE_SIDE_STYLE('',(#17094));
#17094 = SURFACE_STYLE_FILL_AREA(#17095);
#17095 = FILL_AREA_STYLE('',(#17096));
#17096 = FILL_AREA_STYLE_COLOUR('',#16913);
#17097 = STYLED_ITEM('color',(#17098),#2759);
#17098 = PRESENTATION_STYLE_ASSIGNMENT((#17099));
#17099 = SURFACE_STYLE_USAGE(.BOTH.,#17100);
#17100 = SURFACE_SIDE_STYLE('',(#17101));
#17101 = SURFACE_STYLE_FILL_AREA(#17102);
#17102 = FILL_AREA_STYLE('',(#17103));
#17103 = FILL_AREA_STYLE_COLOUR('',#16913);
#17104 = STYLED_ITEM('color',(#17105),#2784);
#17105 = PRESENTATION_STYLE_ASSIGNMENT((#17106));
#17106 = SURFACE_STYLE_USAGE(.BOTH.,#17107);
#17107 = SURFACE_SIDE_STYLE('',(#17108));
#17108 = SURFACE_STYLE_FILL_AREA(#17109);
#17109 = FILL_AREA_STYLE('',(#17110));
#17110 = FILL_AREA_STYLE_COLOUR('',#16913);
#17111 = STYLED_ITEM('color',(#17112),#2817);
#17112 = PRESENTATION_STYLE_ASSIGNMENT((#17113));
#17113 = SURFACE_STYLE_USAGE(.BOTH.,#17114);
#17114 = SURFACE_SIDE_STYLE('',(#17115));
#17115 = SURFACE_STYLE_FILL_AREA(#17116);
#17116 = FILL_AREA_STYLE('',(#17117));
#17117 = FILL_AREA_STYLE_COLOUR('',#16913);
#17118 = STYLED_ITEM('color',(#17119),#2850);
#17119 = PRESENTATION_STYLE_ASSIGNMENT((#17120));
#17120 = SURFACE_STYLE_USAGE(.BOTH.,#17121);
#17121 = SURFACE_SIDE_STYLE('',(#17122));
#17122 = SURFACE_STYLE_FILL_AREA(#17123);
#17123 = FILL_AREA_STYLE('',(#17124));
#17124 = FILL_AREA_STYLE_COLOUR('',#16913);
#17125 = STYLED_ITEM('color',(#17126),#2890);
#17126 = PRESENTATION_STYLE_ASSIGNMENT((#17127));
#17127 = SURFACE_STYLE_USAGE(.BOTH.,#17128);
#17128 = SURFACE_SIDE_STYLE('',(#17129));
#17129 = SURFACE_STYLE_FILL_AREA(#17130);
#17130 = FILL_AREA_STYLE('',(#17131));
#17131 = FILL_AREA_STYLE_COLOUR('',#16913);
#17132 = STYLED_ITEM('color',(#17133),#2930);
#17133 = PRESENTATION_STYLE_ASSIGNMENT((#17134));
#17134 = SURFACE_STYLE_USAGE(.BOTH.,#17135);
#17135 = SURFACE_SIDE_STYLE('',(#17136));
#17136 = SURFACE_STYLE_FILL_AREA(#17137);
#17137 = FILL_AREA_STYLE('',(#17138));
#17138 = FILL_AREA_STYLE_COLOUR('',#16913);
#17139 = STYLED_ITEM('color',(#17140),#2955);
#17140 = PRESENTATION_STYLE_ASSIGNMENT((#17141));
#17141 = SURFACE_STYLE_USAGE(.BOTH.,#17142);
#17142 = SURFACE_SIDE_STYLE('',(#17143));
#17143 = SURFACE_STYLE_FILL_AREA(#17144);
#17144 = FILL_AREA_STYLE('',(#17145));
#17145 = FILL_AREA_STYLE_COLOUR('',#16913);
#17146 = STYLED_ITEM('color',(#17147),#2980);
#17147 = PRESENTATION_STYLE_ASSIGNMENT((#17148));
#17148 = SURFACE_STYLE_USAGE(.BOTH.,#17149);
#17149 = SURFACE_SIDE_STYLE('',(#17150));
#17150 = SURFACE_STYLE_FILL_AREA(#17151);
#17151 = FILL_AREA_STYLE('',(#17152));
#17152 = FILL_AREA_STYLE_COLOUR('',#16913);
#17153 = STYLED_ITEM('color',(#17154),#3013);
#17154 = PRESENTATION_STYLE_ASSIGNMENT((#17155));
#17155 = SURFACE_STYLE_USAGE(.BOTH.,#17156);
#17156 = SURFACE_SIDE_STYLE('',(#17157));
#17157 = SURFACE_STYLE_FILL_AREA(#17158);
#17158 = FILL_AREA_STYLE('',(#17159));
#17159 = FILL_AREA_STYLE_COLOUR('',#16913);
#17160 = STYLED_ITEM('color',(#17161),#3046);
#17161 = PRESENTATION_STYLE_ASSIGNMENT((#17162));
#17162 = SURFACE_STYLE_USAGE(.BOTH.,#17163);
#17163 = SURFACE_SIDE_STYLE('',(#17164));
#17164 = SURFACE_STYLE_FILL_AREA(#17165);
#17165 = FILL_AREA_STYLE('',(#17166));
#17166 = FILL_AREA_STYLE_COLOUR('',#16913);
#17167 = STYLED_ITEM('color',(#17168),#3086);
#17168 = PRESENTATION_STYLE_ASSIGNMENT((#17169));
#17169 = SURFACE_STYLE_USAGE(.BOTH.,#17170);
#17170 = SURFACE_SIDE_STYLE('',(#17171));
#17171 = SURFACE_STYLE_FILL_AREA(#17172);
#17172 = FILL_AREA_STYLE('',(#17173));
#17173 = FILL_AREA_STYLE_COLOUR('',#16913);
#17174 = STYLED_ITEM('color',(#17175),#3126);
#17175 = PRESENTATION_STYLE_ASSIGNMENT((#17176));
#17176 = SURFACE_STYLE_USAGE(.BOTH.,#17177);
#17177 = SURFACE_SIDE_STYLE('',(#17178));
#17178 = SURFACE_STYLE_FILL_AREA(#17179);
#17179 = FILL_AREA_STYLE('',(#17180));
#17180 = FILL_AREA_STYLE_COLOUR('',#16913);
#17181 = STYLED_ITEM('color',(#17182),#3151);
#17182 = PRESENTATION_STYLE_ASSIGNMENT((#17183));
#17183 = SURFACE_STYLE_USAGE(.BOTH.,#17184);
#17184 = SURFACE_SIDE_STYLE('',(#17185));
#17185 = SURFACE_STYLE_FILL_AREA(#17186);
#17186 = FILL_AREA_STYLE('',(#17187));
#17187 = FILL_AREA_STYLE_COLOUR('',#16913);
#17188 = STYLED_ITEM('color',(#17189),#3176);
#17189 = PRESENTATION_STYLE_ASSIGNMENT((#17190));
#17190 = SURFACE_STYLE_USAGE(.BOTH.,#17191);
#17191 = SURFACE_SIDE_STYLE('',(#17192));
#17192 = SURFACE_STYLE_FILL_AREA(#17193);
#17193 = FILL_AREA_STYLE('',(#17194));
#17194 = FILL_AREA_STYLE_COLOUR('',#16913);
#17195 = STYLED_ITEM('color',(#17196),#3209);
#17196 = PRESENTATION_STYLE_ASSIGNMENT((#17197));
#17197 = SURFACE_STYLE_USAGE(.BOTH.,#17198);
#17198 = SURFACE_SIDE_STYLE('',(#17199));
#17199 = SURFACE_STYLE_FILL_AREA(#17200);
#17200 = FILL_AREA_STYLE('',(#17201));
#17201 = FILL_AREA_STYLE_COLOUR('',#16913);
#17202 = STYLED_ITEM('color',(#17203),#3242);
#17203 = PRESENTATION_STYLE_ASSIGNMENT((#17204));
#17204 = SURFACE_STYLE_USAGE(.BOTH.,#17205);
#17205 = SURFACE_SIDE_STYLE('',(#17206));
#17206 = SURFACE_STYLE_FILL_AREA(#17207);
#17207 = FILL_AREA_STYLE('',(#17208));
#17208 = FILL_AREA_STYLE_COLOUR('',#16913);
#17209 = STYLED_ITEM('color',(#17210),#3282);
#17210 = PRESENTATION_STYLE_ASSIGNMENT((#17211));
#17211 = SURFACE_STYLE_USAGE(.BOTH.,#17212);
#17212 = SURFACE_SIDE_STYLE('',(#17213));
#17213 = SURFACE_STYLE_FILL_AREA(#17214);
#17214 = FILL_AREA_STYLE('',(#17215));
#17215 = FILL_AREA_STYLE_COLOUR('',#16913);
#17216 = STYLED_ITEM('color',(#17217),#3322);
#17217 = PRESENTATION_STYLE_ASSIGNMENT((#17218));
#17218 = SURFACE_STYLE_USAGE(.BOTH.,#17219);
#17219 = SURFACE_SIDE_STYLE('',(#17220));
#17220 = SURFACE_STYLE_FILL_AREA(#17221);
#17221 = FILL_AREA_STYLE('',(#17222));
#17222 = FILL_AREA_STYLE_COLOUR('',#16913);
#17223 = STYLED_ITEM('color',(#17224),#3347);
#17224 = PRESENTATION_STYLE_ASSIGNMENT((#17225));
#17225 = SURFACE_STYLE_USAGE(.BOTH.,#17226);
#17226 = SURFACE_SIDE_STYLE('',(#17227));
#17227 = SURFACE_STYLE_FILL_AREA(#17228);
#17228 = FILL_AREA_STYLE('',(#17229));
#17229 = FILL_AREA_STYLE_COLOUR('',#16913);
#17230 = STYLED_ITEM('color',(#17231),#3372);
#17231 = PRESENTATION_STYLE_ASSIGNMENT((#17232));
#17232 = SURFACE_STYLE_USAGE(.BOTH.,#17233);
#17233 = SURFACE_SIDE_STYLE('',(#17234));
#17234 = SURFACE_STYLE_FILL_AREA(#17235);
#17235 = FILL_AREA_STYLE('',(#17236));
#17236 = FILL_AREA_STYLE_COLOUR('',#16913);
#17237 = STYLED_ITEM('color',(#17238),#3405);
#17238 = PRESENTATION_STYLE_ASSIGNMENT((#17239));
#17239 = SURFACE_STYLE_USAGE(.BOTH.,#17240);
#17240 = SURFACE_SIDE_STYLE('',(#17241));
#17241 = SURFACE_STYLE_FILL_AREA(#17242);
#17242 = FILL_AREA_STYLE('',(#17243));
#17243 = FILL_AREA_STYLE_COLOUR('',#16913);
#17244 = STYLED_ITEM('color',(#17245),#3438);
#17245 = PRESENTATION_STYLE_ASSIGNMENT((#17246));
#17246 = SURFACE_STYLE_USAGE(.BOTH.,#17247);
#17247 = SURFACE_SIDE_STYLE('',(#17248));
#17248 = SURFACE_STYLE_FILL_AREA(#17249);
#17249 = FILL_AREA_STYLE('',(#17250));
#17250 = FILL_AREA_STYLE_COLOUR('',#16949);
#17251 = STYLED_ITEM('color',(#17252),#3623);
#17252 = PRESENTATION_STYLE_ASSIGNMENT((#17253));
#17253 = SURFACE_STYLE_USAGE(.BOTH.,#17254);
#17254 = SURFACE_SIDE_STYLE('',(#17255));
#17255 = SURFACE_STYLE_FILL_AREA(#17256);
#17256 = FILL_AREA_STYLE('',(#17257));
#17257 = FILL_AREA_STYLE_COLOUR('',#16949);
#17258 = STYLED_ITEM('color',(#17259),#3801);
#17259 = PRESENTATION_STYLE_ASSIGNMENT((#17260));
#17260 = SURFACE_STYLE_USAGE(.BOTH.,#17261);
#17261 = SURFACE_SIDE_STYLE('',(#17262));
#17262 = SURFACE_STYLE_FILL_AREA(#17263);
#17263 = FILL_AREA_STYLE('',(#17264));
#17264 = FILL_AREA_STYLE_COLOUR('',#16913);
#17265 = STYLED_ITEM('color',(#17266),#3841);
#17266 = PRESENTATION_STYLE_ASSIGNMENT((#17267));
#17267 = SURFACE_STYLE_USAGE(.BOTH.,#17268);
#17268 = SURFACE_SIDE_STYLE('',(#17269));
#17269 = SURFACE_STYLE_FILL_AREA(#17270);
#17270 = FILL_AREA_STYLE('',(#17271));
#17271 = FILL_AREA_STYLE_COLOUR('',#16913);
#17272 = STYLED_ITEM('color',(#17273),#3881);
#17273 = PRESENTATION_STYLE_ASSIGNMENT((#17274));
#17274 = SURFACE_STYLE_USAGE(.BOTH.,#17275);
#17275 = SURFACE_SIDE_STYLE('',(#17276));
#17276 = SURFACE_STYLE_FILL_AREA(#17277);
#17277 = FILL_AREA_STYLE('',(#17278));
#17278 = FILL_AREA_STYLE_COLOUR('',#16913);
#17279 = STYLED_ITEM('color',(#17280),#3906);
#17280 = PRESENTATION_STYLE_ASSIGNMENT((#17281));
#17281 = SURFACE_STYLE_USAGE(.BOTH.,#17282);
#17282 = SURFACE_SIDE_STYLE('',(#17283));
#17283 = SURFACE_STYLE_FILL_AREA(#17284);
#17284 = FILL_AREA_STYLE('',(#17285));
#17285 = FILL_AREA_STYLE_COLOUR('',#16913);
#17286 = STYLED_ITEM('color',(#17287),#3931);
#17287 = PRESENTATION_STYLE_ASSIGNMENT((#17288));
#17288 = SURFACE_STYLE_USAGE(.BOTH.,#17289);
#17289 = SURFACE_SIDE_STYLE('',(#17290));
#17290 = SURFACE_STYLE_FILL_AREA(#17291);
#17291 = FILL_AREA_STYLE('',(#17292));
#17292 = FILL_AREA_STYLE_COLOUR('',#16913);
#17293 = STYLED_ITEM('color',(#17294),#3964);
#17294 = PRESENTATION_STYLE_ASSIGNMENT((#17295));
#17295 = SURFACE_STYLE_USAGE(.BOTH.,#17296);
#17296 = SURFACE_SIDE_STYLE('',(#17297));
#17297 = SURFACE_STYLE_FILL_AREA(#17298);
#17298 = FILL_AREA_STYLE('',(#17299));
#17299 = FILL_AREA_STYLE_COLOUR('',#16913);
#17300 = STYLED_ITEM('color',(#17301),#3997);
#17301 = PRESENTATION_STYLE_ASSIGNMENT((#17302));
#17302 = SURFACE_STYLE_USAGE(.BOTH.,#17303);
#17303 = SURFACE_SIDE_STYLE('',(#17304));
#17304 = SURFACE_STYLE_FILL_AREA(#17305);
#17305 = FILL_AREA_STYLE('',(#17306));
#17306 = FILL_AREA_STYLE_COLOUR('',#16913);
#17307 = STYLED_ITEM('color',(#17308),#4037);
#17308 = PRESENTATION_STYLE_ASSIGNMENT((#17309));
#17309 = SURFACE_STYLE_USAGE(.BOTH.,#17310);
#17310 = SURFACE_SIDE_STYLE('',(#17311));
#17311 = SURFACE_STYLE_FILL_AREA(#17312);
#17312 = FILL_AREA_STYLE('',(#17313));
#17313 = FILL_AREA_STYLE_COLOUR('',#16913);
#17314 = STYLED_ITEM('color',(#17315),#4077);
#17315 = PRESENTATION_STYLE_ASSIGNMENT((#17316));
#17316 = SURFACE_STYLE_USAGE(.BOTH.,#17317);
#17317 = SURFACE_SIDE_STYLE('',(#17318));
#17318 = SURFACE_STYLE_FILL_AREA(#17319);
#17319 = FILL_AREA_STYLE('',(#17320));
#17320 = FILL_AREA_STYLE_COLOUR('',#16913);
#17321 = STYLED_ITEM('color',(#17322),#4102);
#17322 = PRESENTATION_STYLE_ASSIGNMENT((#17323));
#17323 = SURFACE_STYLE_USAGE(.BOTH.,#17324);
#17324 = SURFACE_SIDE_STYLE('',(#17325));
#17325 = SURFACE_STYLE_FILL_AREA(#17326);
#17326 = FILL_AREA_STYLE('',(#17327));
#17327 = FILL_AREA_STYLE_COLOUR('',#16913);
#17328 = STYLED_ITEM('color',(#17329),#4127);
#17329 = PRESENTATION_STYLE_ASSIGNMENT((#17330));
#17330 = SURFACE_STYLE_USAGE(.BOTH.,#17331);
#17331 = SURFACE_SIDE_STYLE('',(#17332));
#17332 = SURFACE_STYLE_FILL_AREA(#17333);
#17333 = FILL_AREA_STYLE('',(#17334));
#17334 = FILL_AREA_STYLE_COLOUR('',#16913);
#17335 = STYLED_ITEM('color',(#17336),#4160);
#17336 = PRESENTATION_STYLE_ASSIGNMENT((#17337));
#17337 = SURFACE_STYLE_USAGE(.BOTH.,#17338);
#17338 = SURFACE_SIDE_STYLE('',(#17339));
#17339 = SURFACE_STYLE_FILL_AREA(#17340);
#17340 = FILL_AREA_STYLE('',(#17341));
#17341 = FILL_AREA_STYLE_COLOUR('',#16913);
#17342 = STYLED_ITEM('color',(#17343),#4193);
#17343 = PRESENTATION_STYLE_ASSIGNMENT((#17344));
#17344 = SURFACE_STYLE_USAGE(.BOTH.,#17345);
#17345 = SURFACE_SIDE_STYLE('',(#17346));
#17346 = SURFACE_STYLE_FILL_AREA(#17347);
#17347 = FILL_AREA_STYLE('',(#17348));
#17348 = FILL_AREA_STYLE_COLOUR('',#16913);
#17349 = STYLED_ITEM('color',(#17350),#4233);
#17350 = PRESENTATION_STYLE_ASSIGNMENT((#17351));
#17351 = SURFACE_STYLE_USAGE(.BOTH.,#17352);
#17352 = SURFACE_SIDE_STYLE('',(#17353));
#17353 = SURFACE_STYLE_FILL_AREA(#17354);
#17354 = FILL_AREA_STYLE('',(#17355));
#17355 = FILL_AREA_STYLE_COLOUR('',#16913);
#17356 = STYLED_ITEM('color',(#17357),#4273);
#17357 = PRESENTATION_STYLE_ASSIGNMENT((#17358));
#17358 = SURFACE_STYLE_USAGE(.BOTH.,#17359);
#17359 = SURFACE_SIDE_STYLE('',(#17360));
#17360 = SURFACE_STYLE_FILL_AREA(#17361);
#17361 = FILL_AREA_STYLE('',(#17362));
#17362 = FILL_AREA_STYLE_COLOUR('',#16913);
#17363 = STYLED_ITEM('color',(#17364),#4298);
#17364 = PRESENTATION_STYLE_ASSIGNMENT((#17365));
#17365 = SURFACE_STYLE_USAGE(.BOTH.,#17366);
#17366 = SURFACE_SIDE_STYLE('',(#17367));
#17367 = SURFACE_STYLE_FILL_AREA(#17368);
#17368 = FILL_AREA_STYLE('',(#17369));
#17369 = FILL_AREA_STYLE_COLOUR('',#16913);
#17370 = STYLED_ITEM('color',(#17371),#4323);
#17371 = PRESENTATION_STYLE_ASSIGNMENT((#17372));
#17372 = SURFACE_STYLE_USAGE(.BOTH.,#17373);
#17373 = SURFACE_SIDE_STYLE('',(#17374));
#17374 = SURFACE_STYLE_FILL_AREA(#17375);
#17375 = FILL_AREA_STYLE('',(#17376));
#17376 = FILL_AREA_STYLE_COLOUR('',#16913);
#17377 = STYLED_ITEM('color',(#17378),#4356);
#17378 = PRESENTATION_STYLE_ASSIGNMENT((#17379));
#17379 = SURFACE_STYLE_USAGE(.BOTH.,#17380);
#17380 = SURFACE_SIDE_STYLE('',(#17381));
#17381 = SURFACE_STYLE_FILL_AREA(#17382);
#17382 = FILL_AREA_STYLE('',(#17383));
#17383 = FILL_AREA_STYLE_COLOUR('',#16913);
#17384 = STYLED_ITEM('color',(#17385),#4389);
#17385 = PRESENTATION_STYLE_ASSIGNMENT((#17386));
#17386 = SURFACE_STYLE_USAGE(.BOTH.,#17387);
#17387 = SURFACE_SIDE_STYLE('',(#17388));
#17388 = SURFACE_STYLE_FILL_AREA(#17389);
#17389 = FILL_AREA_STYLE('',(#17390));
#17390 = FILL_AREA_STYLE_COLOUR('',#16913);
#17391 = STYLED_ITEM('color',(#17392),#4429);
#17392 = PRESENTATION_STYLE_ASSIGNMENT((#17393));
#17393 = SURFACE_STYLE_USAGE(.BOTH.,#17394);
#17394 = SURFACE_SIDE_STYLE('',(#17395));
#17395 = SURFACE_STYLE_FILL_AREA(#17396);
#17396 = FILL_AREA_STYLE('',(#17397));
#17397 = FILL_AREA_STYLE_COLOUR('',#16913);
#17398 = STYLED_ITEM('color',(#17399),#4469);
#17399 = PRESENTATION_STYLE_ASSIGNMENT((#17400));
#17400 = SURFACE_STYLE_USAGE(.BOTH.,#17401);
#17401 = SURFACE_SIDE_STYLE('',(#17402));
#17402 = SURFACE_STYLE_FILL_AREA(#17403);
#17403 = FILL_AREA_STYLE('',(#17404));
#17404 = FILL_AREA_STYLE_COLOUR('',#16913);
#17405 = STYLED_ITEM('color',(#17406),#4494);
#17406 = PRESENTATION_STYLE_ASSIGNMENT((#17407));
#17407 = SURFACE_STYLE_USAGE(.BOTH.,#17408);
#17408 = SURFACE_SIDE_STYLE('',(#17409));
#17409 = SURFACE_STYLE_FILL_AREA(#17410);
#17410 = FILL_AREA_STYLE('',(#17411));
#17411 = FILL_AREA_STYLE_COLOUR('',#16913);
#17412 = STYLED_ITEM('color',(#17413),#4519);
#17413 = PRESENTATION_STYLE_ASSIGNMENT((#17414));
#17414 = SURFACE_STYLE_USAGE(.BOTH.,#17415);
#17415 = SURFACE_SIDE_STYLE('',(#17416));
#17416 = SURFACE_STYLE_FILL_AREA(#17417);
#17417 = FILL_AREA_STYLE('',(#17418));
#17418 = FILL_AREA_STYLE_COLOUR('',#16913);
#17419 = STYLED_ITEM('color',(#17420),#4552);
#17420 = PRESENTATION_STYLE_ASSIGNMENT((#17421));
#17421 = SURFACE_STYLE_USAGE(.BOTH.,#17422);
#17422 = SURFACE_SIDE_STYLE('',(#17423));
#17423 = SURFACE_STYLE_FILL_AREA(#17424);
#17424 = FILL_AREA_STYLE('',(#17425));
#17425 = FILL_AREA_STYLE_COLOUR('',#16913);
#17426 = STYLED_ITEM('color',(#17427),#4585);
#17427 = PRESENTATION_STYLE_ASSIGNMENT((#17428));
#17428 = SURFACE_STYLE_USAGE(.BOTH.,#17429);
#17429 = SURFACE_SIDE_STYLE('',(#17430));
#17430 = SURFACE_STYLE_FILL_AREA(#17431);
#17431 = FILL_AREA_STYLE('',(#17432));
#17432 = FILL_AREA_STYLE_COLOUR('',#16913);
#17433 = STYLED_ITEM('color',(#17434),#4625);
#17434 = PRESENTATION_STYLE_ASSIGNMENT((#17435));
#17435 = SURFACE_STYLE_USAGE(.BOTH.,#17436);
#17436 = SURFACE_SIDE_STYLE('',(#17437));
#17437 = SURFACE_STYLE_FILL_AREA(#17438);
#17438 = FILL_AREA_STYLE('',(#17439));
#17439 = FILL_AREA_STYLE_COLOUR('',#16913);
#17440 = STYLED_ITEM('color',(#17441),#4665);
#17441 = PRESENTATION_STYLE_ASSIGNMENT((#17442));
#17442 = SURFACE_STYLE_USAGE(.BOTH.,#17443);
#17443 = SURFACE_SIDE_STYLE('',(#17444));
#17444 = SURFACE_STYLE_FILL_AREA(#17445);
#17445 = FILL_AREA_STYLE('',(#17446));
#17446 = FILL_AREA_STYLE_COLOUR('',#16913);
#17447 = STYLED_ITEM('color',(#17448),#4690);
#17448 = PRESENTATION_STYLE_ASSIGNMENT((#17449));
#17449 = SURFACE_STYLE_USAGE(.BOTH.,#17450);
#17450 = SURFACE_SIDE_STYLE('',(#17451));
#17451 = SURFACE_STYLE_FILL_AREA(#17452);
#17452 = FILL_AREA_STYLE('',(#17453));
#17453 = FILL_AREA_STYLE_COLOUR('',#16913);
#17454 = STYLED_ITEM('color',(#17455),#4715);
#17455 = PRESENTATION_STYLE_ASSIGNMENT((#17456));
#17456 = SURFACE_STYLE_USAGE(.BOTH.,#17457);
#17457 = SURFACE_SIDE_STYLE('',(#17458));
#17458 = SURFACE_STYLE_FILL_AREA(#17459);
#17459 = FILL_AREA_STYLE('',(#17460));
#17460 = FILL_AREA_STYLE_COLOUR('',#16913);
#17461 = STYLED_ITEM('color',(#17462),#4748);
#17462 = PRESENTATION_STYLE_ASSIGNMENT((#17463));
#17463 = SURFACE_STYLE_USAGE(.BOTH.,#17464);
#17464 = SURFACE_SIDE_STYLE('',(#17465));
#17465 = SURFACE_STYLE_FILL_AREA(#17466);
#17466 = FILL_AREA_STYLE('',(#17467));
#17467 = FILL_AREA_STYLE_COLOUR('',#16913);
#17468 = STYLED_ITEM('color',(#17469),#4781);
#17469 = PRESENTATION_STYLE_ASSIGNMENT((#17470));
#17470 = SURFACE_STYLE_USAGE(.BOTH.,#17471);
#17471 = SURFACE_SIDE_STYLE('',(#17472));
#17472 = SURFACE_STYLE_FILL_AREA(#17473);
#17473 = FILL_AREA_STYLE('',(#17474));
#17474 = FILL_AREA_STYLE_COLOUR('',#16913);
#17475 = STYLED_ITEM('color',(#17476),#4821);
#17476 = PRESENTATION_STYLE_ASSIGNMENT((#17477));
#17477 = SURFACE_STYLE_USAGE(.BOTH.,#17478);
#17478 = SURFACE_SIDE_STYLE('',(#17479));
#17479 = SURFACE_STYLE_FILL_AREA(#17480);
#17480 = FILL_AREA_STYLE('',(#17481));
#17481 = FILL_AREA_STYLE_COLOUR('',#16913);
#17482 = STYLED_ITEM('color',(#17483),#4861);
#17483 = PRESENTATION_STYLE_ASSIGNMENT((#17484));
#17484 = SURFACE_STYLE_USAGE(.BOTH.,#17485);
#17485 = SURFACE_SIDE_STYLE('',(#17486));
#17486 = SURFACE_STYLE_FILL_AREA(#17487);
#17487 = FILL_AREA_STYLE('',(#17488));
#17488 = FILL_AREA_STYLE_COLOUR('',#16913);
#17489 = STYLED_ITEM('color',(#17490),#4886);
#17490 = PRESENTATION_STYLE_ASSIGNMENT((#17491));
#17491 = SURFACE_STYLE_USAGE(.BOTH.,#17492);
#17492 = SURFACE_SIDE_STYLE('',(#17493));
#17493 = SURFACE_STYLE_FILL_AREA(#17494);
#17494 = FILL_AREA_STYLE('',(#17495));
#17495 = FILL_AREA_STYLE_COLOUR('',#16913);
#17496 = STYLED_ITEM('color',(#17497),#4911);
#17497 = PRESENTATION_STYLE_ASSIGNMENT((#17498));
#17498 = SURFACE_STYLE_USAGE(.BOTH.,#17499);
#17499 = SURFACE_SIDE_STYLE('',(#17500));
#17500 = SURFACE_STYLE_FILL_AREA(#17501);
#17501 = FILL_AREA_STYLE('',(#17502));
#17502 = FILL_AREA_STYLE_COLOUR('',#16913);
#17503 = STYLED_ITEM('color',(#17504),#4944);
#17504 = PRESENTATION_STYLE_ASSIGNMENT((#17505));
#17505 = SURFACE_STYLE_USAGE(.BOTH.,#17506);
#17506 = SURFACE_SIDE_STYLE('',(#17507));
#17507 = SURFACE_STYLE_FILL_AREA(#17508);
#17508 = FILL_AREA_STYLE('',(#17509));
#17509 = FILL_AREA_STYLE_COLOUR('',#16913);
#17510 = STYLED_ITEM('color',(#17511),#4977);
#17511 = PRESENTATION_STYLE_ASSIGNMENT((#17512));
#17512 = SURFACE_STYLE_USAGE(.BOTH.,#17513);
#17513 = SURFACE_SIDE_STYLE('',(#17514));
#17514 = SURFACE_STYLE_FILL_AREA(#17515);
#17515 = FILL_AREA_STYLE('',(#17516));
#17516 = FILL_AREA_STYLE_COLOUR('',#16913);
#17517 = STYLED_ITEM('color',(#17518),#5017);
#17518 = PRESENTATION_STYLE_ASSIGNMENT((#17519));
#17519 = SURFACE_STYLE_USAGE(.BOTH.,#17520);
#17520 = SURFACE_SIDE_STYLE('',(#17521));
#17521 = SURFACE_STYLE_FILL_AREA(#17522);
#17522 = FILL_AREA_STYLE('',(#17523));
#17523 = FILL_AREA_STYLE_COLOUR('',#16913);
#17524 = STYLED_ITEM('color',(#17525),#5057);
#17525 = PRESENTATION_STYLE_ASSIGNMENT((#17526));
#17526 = SURFACE_STYLE_USAGE(.BOTH.,#17527);
#17527 = SURFACE_SIDE_STYLE('',(#17528));
#17528 = SURFACE_STYLE_FILL_AREA(#17529);
#17529 = FILL_AREA_STYLE('',(#17530));
#17530 = FILL_AREA_STYLE_COLOUR('',#16913);
#17531 = STYLED_ITEM('color',(#17532),#5082);
#17532 = PRESENTATION_STYLE_ASSIGNMENT((#17533));
#17533 = SURFACE_STYLE_USAGE(.BOTH.,#17534);
#17534 = SURFACE_SIDE_STYLE('',(#17535));
#17535 = SURFACE_STYLE_FILL_AREA(#17536);
#17536 = FILL_AREA_STYLE('',(#17537));
#17537 = FILL_AREA_STYLE_COLOUR('',#16913);
#17538 = STYLED_ITEM('color',(#17539),#5107);
#17539 = PRESENTATION_STYLE_ASSIGNMENT((#17540));
#17540 = SURFACE_STYLE_USAGE(.BOTH.,#17541);
#17541 = SURFACE_SIDE_STYLE('',(#17542));
#17542 = SURFACE_STYLE_FILL_AREA(#17543);
#17543 = FILL_AREA_STYLE('',(#17544));
#17544 = FILL_AREA_STYLE_COLOUR('',#16913);
#17545 = STYLED_ITEM('color',(#17546),#5140);
#17546 = PRESENTATION_STYLE_ASSIGNMENT((#17547));
#17547 = SURFACE_STYLE_USAGE(.BOTH.,#17548);
#17548 = SURFACE_SIDE_STYLE('',(#17549));
#17549 = SURFACE_STYLE_FILL_AREA(#17550);
#17550 = FILL_AREA_STYLE('',(#17551));
#17551 = FILL_AREA_STYLE_COLOUR('',#16913);
#17552 = STYLED_ITEM('color',(#17553),#5173);
#17553 = PRESENTATION_STYLE_ASSIGNMENT((#17554));
#17554 = SURFACE_STYLE_USAGE(.BOTH.,#17555);
#17555 = SURFACE_SIDE_STYLE('',(#17556));
#17556 = SURFACE_STYLE_FILL_AREA(#17557);
#17557 = FILL_AREA_STYLE('',(#17558));
#17558 = FILL_AREA_STYLE_COLOUR('',#16913);
#17559 = STYLED_ITEM('color',(#17560),#5204);
#17560 = PRESENTATION_STYLE_ASSIGNMENT((#17561));
#17561 = SURFACE_STYLE_USAGE(.BOTH.,#17562);
#17562 = SURFACE_SIDE_STYLE('',(#17563));
#17563 = SURFACE_STYLE_FILL_AREA(#17564);
#17564 = FILL_AREA_STYLE('',(#17565));
#17565 = FILL_AREA_STYLE_COLOUR('',#16913);
#17566 = STYLED_ITEM('color',(#17567),#5228);
#17567 = PRESENTATION_STYLE_ASSIGNMENT((#17568));
#17568 = SURFACE_STYLE_USAGE(.BOTH.,#17569);
#17569 = SURFACE_SIDE_STYLE('',(#17570));
#17570 = SURFACE_STYLE_FILL_AREA(#17571);
#17571 = FILL_AREA_STYLE('',(#17572));
#17572 = FILL_AREA_STYLE_COLOUR('',#16913);
#17573 = STYLED_ITEM('color',(#17574),#5252);
#17574 = PRESENTATION_STYLE_ASSIGNMENT((#17575));
#17575 = SURFACE_STYLE_USAGE(.BOTH.,#17576);
#17576 = SURFACE_SIDE_STYLE('',(#17577));
#17577 = SURFACE_STYLE_FILL_AREA(#17578);
#17578 = FILL_AREA_STYLE('',(#17579));
#17579 = FILL_AREA_STYLE_COLOUR('',#16913);
#17580 = STYLED_ITEM('color',(#17581),#5276);
#17581 = PRESENTATION_STYLE_ASSIGNMENT((#17582));
#17582 = SURFACE_STYLE_USAGE(.BOTH.,#17583);
#17583 = SURFACE_SIDE_STYLE('',(#17584));
#17584 = SURFACE_STYLE_FILL_AREA(#17585);
#17585 = FILL_AREA_STYLE('',(#17586));
#17586 = FILL_AREA_STYLE_COLOUR('',#16913);
#17587 = STYLED_ITEM('color',(#17588),#5293);
#17588 = PRESENTATION_STYLE_ASSIGNMENT((#17589));
#17589 = SURFACE_STYLE_USAGE(.BOTH.,#17590);
#17590 = SURFACE_SIDE_STYLE('',(#17591));
#17591 = SURFACE_STYLE_FILL_AREA(#17592);
#17592 = FILL_AREA_STYLE('',(#17593));
#17593 = FILL_AREA_STYLE_COLOUR('',#16949);
#17594 = STYLED_ITEM('color',(#17595),#5316);
#17595 = PRESENTATION_STYLE_ASSIGNMENT((#17596));
#17596 = SURFACE_STYLE_USAGE(.BOTH.,#17597);
#17597 = SURFACE_SIDE_STYLE('',(#17598));
#17598 = SURFACE_STYLE_FILL_AREA(#17599);
#17599 = FILL_AREA_STYLE('',(#17600));
#17600 = FILL_AREA_STYLE_COLOUR('',#16913);
#17601 = STYLED_ITEM('color',(#17602),#5333);
#17602 = PRESENTATION_STYLE_ASSIGNMENT((#17603));
#17603 = SURFACE_STYLE_USAGE(.BOTH.,#17604);
#17604 = SURFACE_SIDE_STYLE('',(#17605));
#17605 = SURFACE_STYLE_FILL_AREA(#17606);
#17606 = FILL_AREA_STYLE('',(#17607));
#17607 = FILL_AREA_STYLE_COLOUR('',#16913);
#17608 = STYLED_ITEM('color',(#17609),#5350);
#17609 = PRESENTATION_STYLE_ASSIGNMENT((#17610));
#17610 = SURFACE_STYLE_USAGE(.BOTH.,#17611);
#17611 = SURFACE_SIDE_STYLE('',(#17612));
#17612 = SURFACE_STYLE_FILL_AREA(#17613);
#17613 = FILL_AREA_STYLE('',(#17614));
#17614 = FILL_AREA_STYLE_COLOUR('',#16913);
#17615 = STYLED_ITEM('color',(#17616),#5367);
#17616 = PRESENTATION_STYLE_ASSIGNMENT((#17617));
#17617 = SURFACE_STYLE_USAGE(.BOTH.,#17618);
#17618 = SURFACE_SIDE_STYLE('',(#17619));
#17619 = SURFACE_STYLE_FILL_AREA(#17620);
#17620 = FILL_AREA_STYLE('',(#17621));
#17621 = FILL_AREA_STYLE_COLOUR('',#16913);
#17622 = STYLED_ITEM('color',(#17623),#5384);
#17623 = PRESENTATION_STYLE_ASSIGNMENT((#17624));
#17624 = SURFACE_STYLE_USAGE(.BOTH.,#17625);
#17625 = SURFACE_SIDE_STYLE('',(#17626));
#17626 = SURFACE_STYLE_FILL_AREA(#17627);
#17627 = FILL_AREA_STYLE('',(#17628));
#17628 = FILL_AREA_STYLE_COLOUR('',#16913);
#17629 = STYLED_ITEM('color',(#17630),#5401);
#17630 = PRESENTATION_STYLE_ASSIGNMENT((#17631));
#17631 = SURFACE_STYLE_USAGE(.BOTH.,#17632);
#17632 = SURFACE_SIDE_STYLE('',(#17633));
#17633 = SURFACE_STYLE_FILL_AREA(#17634);
#17634 = FILL_AREA_STYLE('',(#17635));
#17635 = FILL_AREA_STYLE_COLOUR('',#16913);
#17636 = STYLED_ITEM('color',(#17637),#5418);
#17637 = PRESENTATION_STYLE_ASSIGNMENT((#17638));
#17638 = SURFACE_STYLE_USAGE(.BOTH.,#17639);
#17639 = SURFACE_SIDE_STYLE('',(#17640));
#17640 = SURFACE_STYLE_FILL_AREA(#17641);
#17641 = FILL_AREA_STYLE('',(#17642));
#17642 = FILL_AREA_STYLE_COLOUR('',#16913);
#17643 = STYLED_ITEM('color',(#17644),#5435);
#17644 = PRESENTATION_STYLE_ASSIGNMENT((#17645));
#17645 = SURFACE_STYLE_USAGE(.BOTH.,#17646);
#17646 = SURFACE_SIDE_STYLE('',(#17647));
#17647 = SURFACE_STYLE_FILL_AREA(#17648);
#17648 = FILL_AREA_STYLE('',(#17649));
#17649 = FILL_AREA_STYLE_COLOUR('',#16913);
#17650 = STYLED_ITEM('color',(#17651),#5452);
#17651 = PRESENTATION_STYLE_ASSIGNMENT((#17652));
#17652 = SURFACE_STYLE_USAGE(.BOTH.,#17653);
#17653 = SURFACE_SIDE_STYLE('',(#17654));
#17654 = SURFACE_STYLE_FILL_AREA(#17655);
#17655 = FILL_AREA_STYLE('',(#17656));
#17656 = FILL_AREA_STYLE_COLOUR('',#16913);
#17657 = STYLED_ITEM('color',(#17658),#5469);
#17658 = PRESENTATION_STYLE_ASSIGNMENT((#17659));
#17659 = SURFACE_STYLE_USAGE(.BOTH.,#17660);
#17660 = SURFACE_SIDE_STYLE('',(#17661));
#17661 = SURFACE_STYLE_FILL_AREA(#17662);
#17662 = FILL_AREA_STYLE('',(#17663));
#17663 = FILL_AREA_STYLE_COLOUR('',#16913);
#17664 = STYLED_ITEM('color',(#17665),#5486);
#17665 = PRESENTATION_STYLE_ASSIGNMENT((#17666));
#17666 = SURFACE_STYLE_USAGE(.BOTH.,#17667);
#17667 = SURFACE_SIDE_STYLE('',(#17668));
#17668 = SURFACE_STYLE_FILL_AREA(#17669);
#17669 = FILL_AREA_STYLE('',(#17670));
#17670 = FILL_AREA_STYLE_COLOUR('',#16913);
#17671 = STYLED_ITEM('color',(#17672),#5503);
#17672 = PRESENTATION_STYLE_ASSIGNMENT((#17673));
#17673 = SURFACE_STYLE_USAGE(.BOTH.,#17674);
#17674 = SURFACE_SIDE_STYLE('',(#17675));
#17675 = SURFACE_STYLE_FILL_AREA(#17676);
#17676 = FILL_AREA_STYLE('',(#17677));
#17677 = FILL_AREA_STYLE_COLOUR('',#16913);
#17678 = STYLED_ITEM('color',(#17679),#5520);
#17679 = PRESENTATION_STYLE_ASSIGNMENT((#17680));
#17680 = SURFACE_STYLE_USAGE(.BOTH.,#17681);
#17681 = SURFACE_SIDE_STYLE('',(#17682));
#17682 = SURFACE_STYLE_FILL_AREA(#17683);
#17683 = FILL_AREA_STYLE('',(#17684));
#17684 = FILL_AREA_STYLE_COLOUR('',#16913);
#17685 = STYLED_ITEM('color',(#17686),#5537);
#17686 = PRESENTATION_STYLE_ASSIGNMENT((#17687));
#17687 = SURFACE_STYLE_USAGE(.BOTH.,#17688);
#17688 = SURFACE_SIDE_STYLE('',(#17689));
#17689 = SURFACE_STYLE_FILL_AREA(#17690);
#17690 = FILL_AREA_STYLE('',(#17691));
#17691 = FILL_AREA_STYLE_COLOUR('',#16913);
#17692 = STYLED_ITEM('color',(#17693),#5554);
#17693 = PRESENTATION_STYLE_ASSIGNMENT((#17694));
#17694 = SURFACE_STYLE_USAGE(.BOTH.,#17695);
#17695 = SURFACE_SIDE_STYLE('',(#17696));
#17696 = SURFACE_STYLE_FILL_AREA(#17697);
#17697 = FILL_AREA_STYLE('',(#17698));
#17698 = FILL_AREA_STYLE_COLOUR('',#16913);
#17699 = STYLED_ITEM('color',(#17700),#5566);
#17700 = PRESENTATION_STYLE_ASSIGNMENT((#17701));
#17701 = SURFACE_STYLE_USAGE(.BOTH.,#17702);
#17702 = SURFACE_SIDE_STYLE('',(#17703));
#17703 = SURFACE_STYLE_FILL_AREA(#17704);
#17704 = FILL_AREA_STYLE('',(#17705));
#17705 = FILL_AREA_STYLE_COLOUR('',#16913);
#17706 = STYLED_ITEM('color',(#17707),#5583);
#17707 = PRESENTATION_STYLE_ASSIGNMENT((#17708));
#17708 = SURFACE_STYLE_USAGE(.BOTH.,#17709);
#17709 = SURFACE_SIDE_STYLE('',(#17710));
#17710 = SURFACE_STYLE_FILL_AREA(#17711);
#17711 = FILL_AREA_STYLE('',(#17712));
#17712 = FILL_AREA_STYLE_COLOUR('',#16913);
#17713 = STYLED_ITEM('color',(#17714),#5595);
#17714 = PRESENTATION_STYLE_ASSIGNMENT((#17715));
#17715 = SURFACE_STYLE_USAGE(.BOTH.,#17716);
#17716 = SURFACE_SIDE_STYLE('',(#17717));
#17717 = SURFACE_STYLE_FILL_AREA(#17718);
#17718 = FILL_AREA_STYLE('',(#17719));
#17719 = FILL_AREA_STYLE_COLOUR('',#16913);
#17720 = STYLED_ITEM('color',(#17721),#5612);
#17721 = PRESENTATION_STYLE_ASSIGNMENT((#17722));
#17722 = SURFACE_STYLE_USAGE(.BOTH.,#17723);
#17723 = SURFACE_SIDE_STYLE('',(#17724));
#17724 = SURFACE_STYLE_FILL_AREA(#17725);
#17725 = FILL_AREA_STYLE('',(#17726));
#17726 = FILL_AREA_STYLE_COLOUR('',#16913);
#17727 = STYLED_ITEM('color',(#17728),#5624);
#17728 = PRESENTATION_STYLE_ASSIGNMENT((#17729));
#17729 = SURFACE_STYLE_USAGE(.BOTH.,#17730);
#17730 = SURFACE_SIDE_STYLE('',(#17731));
#17731 = SURFACE_STYLE_FILL_AREA(#17732);
#17732 = FILL_AREA_STYLE('',(#17733));
#17733 = FILL_AREA_STYLE_COLOUR('',#16913);
#17734 = STYLED_ITEM('color',(#17735),#5641);
#17735 = PRESENTATION_STYLE_ASSIGNMENT((#17736));
#17736 = SURFACE_STYLE_USAGE(.BOTH.,#17737);
#17737 = SURFACE_SIDE_STYLE('',(#17738));
#17738 = SURFACE_STYLE_FILL_AREA(#17739);
#17739 = FILL_AREA_STYLE('',(#17740));
#17740 = FILL_AREA_STYLE_COLOUR('',#16913);
#17741 = STYLED_ITEM('color',(#17742),#5653);
#17742 = PRESENTATION_STYLE_ASSIGNMENT((#17743));
#17743 = SURFACE_STYLE_USAGE(.BOTH.,#17744);
#17744 = SURFACE_SIDE_STYLE('',(#17745));
#17745 = SURFACE_STYLE_FILL_AREA(#17746);
#17746 = FILL_AREA_STYLE('',(#17747));
#17747 = FILL_AREA_STYLE_COLOUR('',#16913);
#17748 = STYLED_ITEM('color',(#17749),#5670);
#17749 = PRESENTATION_STYLE_ASSIGNMENT((#17750));
#17750 = SURFACE_STYLE_USAGE(.BOTH.,#17751);
#17751 = SURFACE_SIDE_STYLE('',(#17752));
#17752 = SURFACE_STYLE_FILL_AREA(#17753);
#17753 = FILL_AREA_STYLE('',(#17754));
#17754 = FILL_AREA_STYLE_COLOUR('',#16913);
#17755 = STYLED_ITEM('color',(#17756),#5682);
#17756 = PRESENTATION_STYLE_ASSIGNMENT((#17757));
#17757 = SURFACE_STYLE_USAGE(.BOTH.,#17758);
#17758 = SURFACE_SIDE_STYLE('',(#17759));
#17759 = SURFACE_STYLE_FILL_AREA(#17760);
#17760 = FILL_AREA_STYLE('',(#17761));
#17761 = FILL_AREA_STYLE_COLOUR('',#16913);
#17762 = STYLED_ITEM('color',(#17763),#5699);
#17763 = PRESENTATION_STYLE_ASSIGNMENT((#17764));
#17764 = SURFACE_STYLE_USAGE(.BOTH.,#17765);
#17765 = SURFACE_SIDE_STYLE('',(#17766));
#17766 = SURFACE_STYLE_FILL_AREA(#17767);
#17767 = FILL_AREA_STYLE('',(#17768));
#17768 = FILL_AREA_STYLE_COLOUR('',#16913);
#17769 = STYLED_ITEM('color',(#17770),#5711);
#17770 = PRESENTATION_STYLE_ASSIGNMENT((#17771));
#17771 = SURFACE_STYLE_USAGE(.BOTH.,#17772);
#17772 = SURFACE_SIDE_STYLE('',(#17773));
#17773 = SURFACE_STYLE_FILL_AREA(#17774);
#17774 = FILL_AREA_STYLE('',(#17775));
#17775 = FILL_AREA_STYLE_COLOUR('',#16913);
#17776 = STYLED_ITEM('color',(#17777),#5728);
#17777 = PRESENTATION_STYLE_ASSIGNMENT((#17778));
#17778 = SURFACE_STYLE_USAGE(.BOTH.,#17779);
#17779 = SURFACE_SIDE_STYLE('',(#17780));
#17780 = SURFACE_STYLE_FILL_AREA(#17781);
#17781 = FILL_AREA_STYLE('',(#17782));
#17782 = FILL_AREA_STYLE_COLOUR('',#16913);
#17783 = STYLED_ITEM('color',(#17784),#5740);
#17784 = PRESENTATION_STYLE_ASSIGNMENT((#17785));
#17785 = SURFACE_STYLE_USAGE(.BOTH.,#17786);
#17786 = SURFACE_SIDE_STYLE('',(#17787));
#17787 = SURFACE_STYLE_FILL_AREA(#17788);
#17788 = FILL_AREA_STYLE('',(#17789));
#17789 = FILL_AREA_STYLE_COLOUR('',#16913);
#17790 = STYLED_ITEM('color',(#17791),#5757);
#17791 = PRESENTATION_STYLE_ASSIGNMENT((#17792));
#17792 = SURFACE_STYLE_USAGE(.BOTH.,#17793);
#17793 = SURFACE_SIDE_STYLE('',(#17794));
#17794 = SURFACE_STYLE_FILL_AREA(#17795);
#17795 = FILL_AREA_STYLE('',(#17796));
#17796 = FILL_AREA_STYLE_COLOUR('',#16913);
#17797 = STYLED_ITEM('color',(#17798),#5769);
#17798 = PRESENTATION_STYLE_ASSIGNMENT((#17799));
#17799 = SURFACE_STYLE_USAGE(.BOTH.,#17800);
#17800 = SURFACE_SIDE_STYLE('',(#17801));
#17801 = SURFACE_STYLE_FILL_AREA(#17802);
#17802 = FILL_AREA_STYLE('',(#17803));
#17803 = FILL_AREA_STYLE_COLOUR('',#16913);
#17804 = STYLED_ITEM('color',(#17805),#5786);
#17805 = PRESENTATION_STYLE_ASSIGNMENT((#17806));
#17806 = SURFACE_STYLE_USAGE(.BOTH.,#17807);
#17807 = SURFACE_SIDE_STYLE('',(#17808));
#17808 = SURFACE_STYLE_FILL_AREA(#17809);
#17809 = FILL_AREA_STYLE('',(#17810));
#17810 = FILL_AREA_STYLE_COLOUR('',#16913);
#17811 = STYLED_ITEM('color',(#17812),#5798);
#17812 = PRESENTATION_STYLE_ASSIGNMENT((#17813));
#17813 = SURFACE_STYLE_USAGE(.BOTH.,#17814);
#17814 = SURFACE_SIDE_STYLE('',(#17815));
#17815 = SURFACE_STYLE_FILL_AREA(#17816);
#17816 = FILL_AREA_STYLE('',(#17817));
#17817 = FILL_AREA_STYLE_COLOUR('',#16913);
#17818 = STYLED_ITEM('color',(#17819),#5815);
#17819 = PRESENTATION_STYLE_ASSIGNMENT((#17820));
#17820 = SURFACE_STYLE_USAGE(.BOTH.,#17821);
#17821 = SURFACE_SIDE_STYLE('',(#17822));
#17822 = SURFACE_STYLE_FILL_AREA(#17823);
#17823 = FILL_AREA_STYLE('',(#17824));
#17824 = FILL_AREA_STYLE_COLOUR('',#16913);
#17825 = STYLED_ITEM('color',(#17826),#5827);
#17826 = PRESENTATION_STYLE_ASSIGNMENT((#17827));
#17827 = SURFACE_STYLE_USAGE(.BOTH.,#17828);
#17828 = SURFACE_SIDE_STYLE('',(#17829));
#17829 = SURFACE_STYLE_FILL_AREA(#17830);
#17830 = FILL_AREA_STYLE('',(#17831));
#17831 = FILL_AREA_STYLE_COLOUR('',#16913);
#17832 = STYLED_ITEM('color',(#17833),#5844);
#17833 = PRESENTATION_STYLE_ASSIGNMENT((#17834));
#17834 = SURFACE_STYLE_USAGE(.BOTH.,#17835);
#17835 = SURFACE_SIDE_STYLE('',(#17836));
#17836 = SURFACE_STYLE_FILL_AREA(#17837);
#17837 = FILL_AREA_STYLE('',(#17838));
#17838 = FILL_AREA_STYLE_COLOUR('',#16913);
#17839 = STYLED_ITEM('color',(#17840),#5856);
#17840 = PRESENTATION_STYLE_ASSIGNMENT((#17841));
#17841 = SURFACE_STYLE_USAGE(.BOTH.,#17842);
#17842 = SURFACE_SIDE_STYLE('',(#17843));
#17843 = SURFACE_STYLE_FILL_AREA(#17844);
#17844 = FILL_AREA_STYLE('',(#17845));
#17845 = FILL_AREA_STYLE_COLOUR('',#16913);
#17846 = STYLED_ITEM('color',(#17847),#5873);
#17847 = PRESENTATION_STYLE_ASSIGNMENT((#17848));
#17848 = SURFACE_STYLE_USAGE(.BOTH.,#17849);
#17849 = SURFACE_SIDE_STYLE('',(#17850));
#17850 = SURFACE_STYLE_FILL_AREA(#17851);
#17851 = FILL_AREA_STYLE('',(#17852));
#17852 = FILL_AREA_STYLE_COLOUR('',#16913);
#17853 = STYLED_ITEM('color',(#17854),#5885);
#17854 = PRESENTATION_STYLE_ASSIGNMENT((#17855));
#17855 = SURFACE_STYLE_USAGE(.BOTH.,#17856);
#17856 = SURFACE_SIDE_STYLE('',(#17857));
#17857 = SURFACE_STYLE_FILL_AREA(#17858);
#17858 = FILL_AREA_STYLE('',(#17859));
#17859 = FILL_AREA_STYLE_COLOUR('',#16913);
#17860 = STYLED_ITEM('color',(#17861),#5902);
#17861 = PRESENTATION_STYLE_ASSIGNMENT((#17862));
#17862 = SURFACE_STYLE_USAGE(.BOTH.,#17863);
#17863 = SURFACE_SIDE_STYLE('',(#17864));
#17864 = SURFACE_STYLE_FILL_AREA(#17865);
#17865 = FILL_AREA_STYLE('',(#17866));
#17866 = FILL_AREA_STYLE_COLOUR('',#16913);
#17867 = STYLED_ITEM('color',(#17868),#5914);
#17868 = PRESENTATION_STYLE_ASSIGNMENT((#17869));
#17869 = SURFACE_STYLE_USAGE(.BOTH.,#17870);
#17870 = SURFACE_SIDE_STYLE('',(#17871));
#17871 = SURFACE_STYLE_FILL_AREA(#17872);
#17872 = FILL_AREA_STYLE('',(#17873));
#17873 = FILL_AREA_STYLE_COLOUR('',#16913);
#17874 = STYLED_ITEM('color',(#17875),#5931);
#17875 = PRESENTATION_STYLE_ASSIGNMENT((#17876));
#17876 = SURFACE_STYLE_USAGE(.BOTH.,#17877);
#17877 = SURFACE_SIDE_STYLE('',(#17878));
#17878 = SURFACE_STYLE_FILL_AREA(#17879);
#17879 = FILL_AREA_STYLE('',(#17880));
#17880 = FILL_AREA_STYLE_COLOUR('',#16913);
#17881 = STYLED_ITEM('color',(#17882),#5948);
#17882 = PRESENTATION_STYLE_ASSIGNMENT((#17883));
#17883 = SURFACE_STYLE_USAGE(.BOTH.,#17884);
#17884 = SURFACE_SIDE_STYLE('',(#17885));
#17885 = SURFACE_STYLE_FILL_AREA(#17886);
#17886 = FILL_AREA_STYLE('',(#17887));
#17887 = FILL_AREA_STYLE_COLOUR('',#16913);
#17888 = STYLED_ITEM('color',(#17889),#5965);
#17889 = PRESENTATION_STYLE_ASSIGNMENT((#17890));
#17890 = SURFACE_STYLE_USAGE(.BOTH.,#17891);
#17891 = SURFACE_SIDE_STYLE('',(#17892));
#17892 = SURFACE_STYLE_FILL_AREA(#17893);
#17893 = FILL_AREA_STYLE('',(#17894));
#17894 = FILL_AREA_STYLE_COLOUR('',#16913);
#17895 = STYLED_ITEM('color',(#17896),#5982);
#17896 = PRESENTATION_STYLE_ASSIGNMENT((#17897));
#17897 = SURFACE_STYLE_USAGE(.BOTH.,#17898);
#17898 = SURFACE_SIDE_STYLE('',(#17899));
#17899 = SURFACE_STYLE_FILL_AREA(#17900);
#17900 = FILL_AREA_STYLE('',(#17901));
#17901 = FILL_AREA_STYLE_COLOUR('',#16913);
#17902 = STYLED_ITEM('color',(#17903),#5999);
#17903 = PRESENTATION_STYLE_ASSIGNMENT((#17904));
#17904 = SURFACE_STYLE_USAGE(.BOTH.,#17905);
#17905 = SURFACE_SIDE_STYLE('',(#17906));
#17906 = SURFACE_STYLE_FILL_AREA(#17907);
#17907 = FILL_AREA_STYLE('',(#17908));
#17908 = FILL_AREA_STYLE_COLOUR('',#16913);
#17909 = STYLED_ITEM('color',(#17910),#6016);
#17910 = PRESENTATION_STYLE_ASSIGNMENT((#17911));
#17911 = SURFACE_STYLE_USAGE(.BOTH.,#17912);
#17912 = SURFACE_SIDE_STYLE('',(#17913));
#17913 = SURFACE_STYLE_FILL_AREA(#17914);
#17914 = FILL_AREA_STYLE('',(#17915));
#17915 = FILL_AREA_STYLE_COLOUR('',#16913);
#17916 = STYLED_ITEM('color',(#17917),#6033);
#17917 = PRESENTATION_STYLE_ASSIGNMENT((#17918));
#17918 = SURFACE_STYLE_USAGE(.BOTH.,#17919);
#17919 = SURFACE_SIDE_STYLE('',(#17920));
#17920 = SURFACE_STYLE_FILL_AREA(#17921);
#17921 = FILL_AREA_STYLE('',(#17922));
#17922 = FILL_AREA_STYLE_COLOUR('',#16913);
#17923 = STYLED_ITEM('color',(#17924),#6050);
#17924 = PRESENTATION_STYLE_ASSIGNMENT((#17925));
#17925 = SURFACE_STYLE_USAGE(.BOTH.,#17926);
#17926 = SURFACE_SIDE_STYLE('',(#17927));
#17927 = SURFACE_STYLE_FILL_AREA(#17928);
#17928 = FILL_AREA_STYLE('',(#17929));
#17929 = FILL_AREA_STYLE_COLOUR('',#16913);
#17930 = STYLED_ITEM('color',(#17931),#6067);
#17931 = PRESENTATION_STYLE_ASSIGNMENT((#17932));
#17932 = SURFACE_STYLE_USAGE(.BOTH.,#17933);
#17933 = SURFACE_SIDE_STYLE('',(#17934));
#17934 = SURFACE_STYLE_FILL_AREA(#17935);
#17935 = FILL_AREA_STYLE('',(#17936));
#17936 = FILL_AREA_STYLE_COLOUR('',#16913);
#17937 = STYLED_ITEM('color',(#17938),#6084);
#17938 = PRESENTATION_STYLE_ASSIGNMENT((#17939));
#17939 = SURFACE_STYLE_USAGE(.BOTH.,#17940);
#17940 = SURFACE_SIDE_STYLE('',(#17941));
#17941 = SURFACE_STYLE_FILL_AREA(#17942);
#17942 = FILL_AREA_STYLE('',(#17943));
#17943 = FILL_AREA_STYLE_COLOUR('',#16913);
#17944 = STYLED_ITEM('color',(#17945),#6101);
#17945 = PRESENTATION_STYLE_ASSIGNMENT((#17946));
#17946 = SURFACE_STYLE_USAGE(.BOTH.,#17947);
#17947 = SURFACE_SIDE_STYLE('',(#17948));
#17948 = SURFACE_STYLE_FILL_AREA(#17949);
#17949 = FILL_AREA_STYLE('',(#17950));
#17950 = FILL_AREA_STYLE_COLOUR('',#16913);
#17951 = STYLED_ITEM('color',(#17952),#6118);
#17952 = PRESENTATION_STYLE_ASSIGNMENT((#17953));
#17953 = SURFACE_STYLE_USAGE(.BOTH.,#17954);
#17954 = SURFACE_SIDE_STYLE('',(#17955));
#17955 = SURFACE_STYLE_FILL_AREA(#17956);
#17956 = FILL_AREA_STYLE('',(#17957));
#17957 = FILL_AREA_STYLE_COLOUR('',#16913);
#17958 = STYLED_ITEM('color',(#17959),#6135);
#17959 = PRESENTATION_STYLE_ASSIGNMENT((#17960));
#17960 = SURFACE_STYLE_USAGE(.BOTH.,#17961);
#17961 = SURFACE_SIDE_STYLE('',(#17962));
#17962 = SURFACE_STYLE_FILL_AREA(#17963);
#17963 = FILL_AREA_STYLE('',(#17964));
#17964 = FILL_AREA_STYLE_COLOUR('',#16913);
#17965 = STYLED_ITEM('color',(#17966),#6152);
#17966 = PRESENTATION_STYLE_ASSIGNMENT((#17967));
#17967 = SURFACE_STYLE_USAGE(.BOTH.,#17968);
#17968 = SURFACE_SIDE_STYLE('',(#17969));
#17969 = SURFACE_STYLE_FILL_AREA(#17970);
#17970 = FILL_AREA_STYLE('',(#17971));
#17971 = FILL_AREA_STYLE_COLOUR('',#16913);
#17972 = STYLED_ITEM('color',(#17973),#6169);
#17973 = PRESENTATION_STYLE_ASSIGNMENT((#17974));
#17974 = SURFACE_STYLE_USAGE(.BOTH.,#17975);
#17975 = SURFACE_SIDE_STYLE('',(#17976));
#17976 = SURFACE_STYLE_FILL_AREA(#17977);
#17977 = FILL_AREA_STYLE('',(#17978));
#17978 = FILL_AREA_STYLE_COLOUR('',#16913);
#17979 = STYLED_ITEM('color',(#17980),#6181);
#17980 = PRESENTATION_STYLE_ASSIGNMENT((#17981));
#17981 = SURFACE_STYLE_USAGE(.BOTH.,#17982);
#17982 = SURFACE_SIDE_STYLE('',(#17983));
#17983 = SURFACE_STYLE_FILL_AREA(#17984);
#17984 = FILL_AREA_STYLE('',(#17985));
#17985 = FILL_AREA_STYLE_COLOUR('',#16913);
#17986 = STYLED_ITEM('color',(#17987),#6198);
#17987 = PRESENTATION_STYLE_ASSIGNMENT((#17988));
#17988 = SURFACE_STYLE_USAGE(.BOTH.,#17989);
#17989 = SURFACE_SIDE_STYLE('',(#17990));
#17990 = SURFACE_STYLE_FILL_AREA(#17991);
#17991 = FILL_AREA_STYLE('',(#17992));
#17992 = FILL_AREA_STYLE_COLOUR('',#16913);
#17993 = STYLED_ITEM('color',(#17994),#6210);
#17994 = PRESENTATION_STYLE_ASSIGNMENT((#17995));
#17995 = SURFACE_STYLE_USAGE(.BOTH.,#17996);
#17996 = SURFACE_SIDE_STYLE('',(#17997));
#17997 = SURFACE_STYLE_FILL_AREA(#17998);
#17998 = FILL_AREA_STYLE('',(#17999));
#17999 = FILL_AREA_STYLE_COLOUR('',#16913);
#18000 = STYLED_ITEM('color',(#18001),#6227);
#18001 = PRESENTATION_STYLE_ASSIGNMENT((#18002));
#18002 = SURFACE_STYLE_USAGE(.BOTH.,#18003);
#18003 = SURFACE_SIDE_STYLE('',(#18004));
#18004 = SURFACE_STYLE_FILL_AREA(#18005);
#18005 = FILL_AREA_STYLE('',(#18006));
#18006 = FILL_AREA_STYLE_COLOUR('',#16913);
#18007 = STYLED_ITEM('color',(#18008),#6239);
#18008 = PRESENTATION_STYLE_ASSIGNMENT((#18009));
#18009 = SURFACE_STYLE_USAGE(.BOTH.,#18010);
#18010 = SURFACE_SIDE_STYLE('',(#18011));
#18011 = SURFACE_STYLE_FILL_AREA(#18012);
#18012 = FILL_AREA_STYLE('',(#18013));
#18013 = FILL_AREA_STYLE_COLOUR('',#16913);
#18014 = STYLED_ITEM('color',(#18015),#6256);
#18015 = PRESENTATION_STYLE_ASSIGNMENT((#18016));
#18016 = SURFACE_STYLE_USAGE(.BOTH.,#18017);
#18017 = SURFACE_SIDE_STYLE('',(#18018));
#18018 = SURFACE_STYLE_FILL_AREA(#18019);
#18019 = FILL_AREA_STYLE('',(#18020));
#18020 = FILL_AREA_STYLE_COLOUR('',#16913);
#18021 = STYLED_ITEM('color',(#18022),#6268);
#18022 = PRESENTATION_STYLE_ASSIGNMENT((#18023));
#18023 = SURFACE_STYLE_USAGE(.BOTH.,#18024);
#18024 = SURFACE_SIDE_STYLE('',(#18025));
#18025 = SURFACE_STYLE_FILL_AREA(#18026);
#18026 = FILL_AREA_STYLE('',(#18027));
#18027 = FILL_AREA_STYLE_COLOUR('',#16913);
#18028 = STYLED_ITEM('color',(#18029),#6285);
#18029 = PRESENTATION_STYLE_ASSIGNMENT((#18030));
#18030 = SURFACE_STYLE_USAGE(.BOTH.,#18031);
#18031 = SURFACE_SIDE_STYLE('',(#18032));
#18032 = SURFACE_STYLE_FILL_AREA(#18033);
#18033 = FILL_AREA_STYLE('',(#18034));
#18034 = FILL_AREA_STYLE_COLOUR('',#16913);
#18035 = STYLED_ITEM('color',(#18036),#6297);
#18036 = PRESENTATION_STYLE_ASSIGNMENT((#18037));
#18037 = SURFACE_STYLE_USAGE(.BOTH.,#18038);
#18038 = SURFACE_SIDE_STYLE('',(#18039));
#18039 = SURFACE_STYLE_FILL_AREA(#18040);
#18040 = FILL_AREA_STYLE('',(#18041));
#18041 = FILL_AREA_STYLE_COLOUR('',#16913);
#18042 = STYLED_ITEM('color',(#18043),#6314);
#18043 = PRESENTATION_STYLE_ASSIGNMENT((#18044));
#18044 = SURFACE_STYLE_USAGE(.BOTH.,#18045);
#18045 = SURFACE_SIDE_STYLE('',(#18046));
#18046 = SURFACE_STYLE_FILL_AREA(#18047);
#18047 = FILL_AREA_STYLE('',(#18048));
#18048 = FILL_AREA_STYLE_COLOUR('',#16913);
#18049 = STYLED_ITEM('color',(#18050),#6326);
#18050 = PRESENTATION_STYLE_ASSIGNMENT((#18051));
#18051 = SURFACE_STYLE_USAGE(.BOTH.,#18052);
#18052 = SURFACE_SIDE_STYLE('',(#18053));
#18053 = SURFACE_STYLE_FILL_AREA(#18054);
#18054 = FILL_AREA_STYLE('',(#18055));
#18055 = FILL_AREA_STYLE_COLOUR('',#16913);
#18056 = STYLED_ITEM('color',(#18057),#6343);
#18057 = PRESENTATION_STYLE_ASSIGNMENT((#18058));
#18058 = SURFACE_STYLE_USAGE(.BOTH.,#18059);
#18059 = SURFACE_SIDE_STYLE('',(#18060));
#18060 = SURFACE_STYLE_FILL_AREA(#18061);
#18061 = FILL_AREA_STYLE('',(#18062));
#18062 = FILL_AREA_STYLE_COLOUR('',#16913);
#18063 = STYLED_ITEM('color',(#18064),#6355);
#18064 = PRESENTATION_STYLE_ASSIGNMENT((#18065));
#18065 = SURFACE_STYLE_USAGE(.BOTH.,#18066);
#18066 = SURFACE_SIDE_STYLE('',(#18067));
#18067 = SURFACE_STYLE_FILL_AREA(#18068);
#18068 = FILL_AREA_STYLE('',(#18069));
#18069 = FILL_AREA_STYLE_COLOUR('',#16913);
#18070 = STYLED_ITEM('color',(#18071),#6372);
#18071 = PRESENTATION_STYLE_ASSIGNMENT((#18072));
#18072 = SURFACE_STYLE_USAGE(.BOTH.,#18073);
#18073 = SURFACE_SIDE_STYLE('',(#18074));
#18074 = SURFACE_STYLE_FILL_AREA(#18075);
#18075 = FILL_AREA_STYLE('',(#18076));
#18076 = FILL_AREA_STYLE_COLOUR('',#16913);
#18077 = STYLED_ITEM('color',(#18078),#6384);
#18078 = PRESENTATION_STYLE_ASSIGNMENT((#18079));
#18079 = SURFACE_STYLE_USAGE(.BOTH.,#18080);
#18080 = SURFACE_SIDE_STYLE('',(#18081));
#18081 = SURFACE_STYLE_FILL_AREA(#18082);
#18082 = FILL_AREA_STYLE('',(#18083));
#18083 = FILL_AREA_STYLE_COLOUR('',#16913);
#18084 = STYLED_ITEM('color',(#18085),#6401);
#18085 = PRESENTATION_STYLE_ASSIGNMENT((#18086));
#18086 = SURFACE_STYLE_USAGE(.BOTH.,#18087);
#18087 = SURFACE_SIDE_STYLE('',(#18088));
#18088 = SURFACE_STYLE_FILL_AREA(#18089);
#18089 = FILL_AREA_STYLE('',(#18090));
#18090 = FILL_AREA_STYLE_COLOUR('',#16913);
#18091 = STYLED_ITEM('color',(#18092),#6413);
#18092 = PRESENTATION_STYLE_ASSIGNMENT((#18093));
#18093 = SURFACE_STYLE_USAGE(.BOTH.,#18094);
#18094 = SURFACE_SIDE_STYLE('',(#18095));
#18095 = SURFACE_STYLE_FILL_AREA(#18096);
#18096 = FILL_AREA_STYLE('',(#18097));
#18097 = FILL_AREA_STYLE_COLOUR('',#16913);
#18098 = STYLED_ITEM('color',(#18099),#6430);
#18099 = PRESENTATION_STYLE_ASSIGNMENT((#18100));
#18100 = SURFACE_STYLE_USAGE(.BOTH.,#18101);
#18101 = SURFACE_SIDE_STYLE('',(#18102));
#18102 = SURFACE_STYLE_FILL_AREA(#18103);
#18103 = FILL_AREA_STYLE('',(#18104));
#18104 = FILL_AREA_STYLE_COLOUR('',#16913);
#18105 = STYLED_ITEM('color',(#18106),#6442);
#18106 = PRESENTATION_STYLE_ASSIGNMENT((#18107));
#18107 = SURFACE_STYLE_USAGE(.BOTH.,#18108);
#18108 = SURFACE_SIDE_STYLE('',(#18109));
#18109 = SURFACE_STYLE_FILL_AREA(#18110);
#18110 = FILL_AREA_STYLE('',(#18111));
#18111 = FILL_AREA_STYLE_COLOUR('',#16913);
#18112 = STYLED_ITEM('color',(#18113),#6459);
#18113 = PRESENTATION_STYLE_ASSIGNMENT((#18114));
#18114 = SURFACE_STYLE_USAGE(.BOTH.,#18115);
#18115 = SURFACE_SIDE_STYLE('',(#18116));
#18116 = SURFACE_STYLE_FILL_AREA(#18117);
#18117 = FILL_AREA_STYLE('',(#18118));
#18118 = FILL_AREA_STYLE_COLOUR('',#16913);
#18119 = STYLED_ITEM('color',(#18120),#6471);
#18120 = PRESENTATION_STYLE_ASSIGNMENT((#18121));
#18121 = SURFACE_STYLE_USAGE(.BOTH.,#18122);
#18122 = SURFACE_SIDE_STYLE('',(#18123));
#18123 = SURFACE_STYLE_FILL_AREA(#18124);
#18124 = FILL_AREA_STYLE('',(#18125));
#18125 = FILL_AREA_STYLE_COLOUR('',#16913);
#18126 = STYLED_ITEM('color',(#18127),#6488);
#18127 = PRESENTATION_STYLE_ASSIGNMENT((#18128));
#18128 = SURFACE_STYLE_USAGE(.BOTH.,#18129);
#18129 = SURFACE_SIDE_STYLE('',(#18130));
#18130 = SURFACE_STYLE_FILL_AREA(#18131);
#18131 = FILL_AREA_STYLE('',(#18132));
#18132 = FILL_AREA_STYLE_COLOUR('',#16913);
#18133 = STYLED_ITEM('color',(#18134),#6500);
#18134 = PRESENTATION_STYLE_ASSIGNMENT((#18135));
#18135 = SURFACE_STYLE_USAGE(.BOTH.,#18136);
#18136 = SURFACE_SIDE_STYLE('',(#18137));
#18137 = SURFACE_STYLE_FILL_AREA(#18138);
#18138 = FILL_AREA_STYLE('',(#18139));
#18139 = FILL_AREA_STYLE_COLOUR('',#16913);
#18140 = STYLED_ITEM('color',(#18141),#6517);
#18141 = PRESENTATION_STYLE_ASSIGNMENT((#18142));
#18142 = SURFACE_STYLE_USAGE(.BOTH.,#18143);
#18143 = SURFACE_SIDE_STYLE('',(#18144));
#18144 = SURFACE_STYLE_FILL_AREA(#18145);
#18145 = FILL_AREA_STYLE('',(#18146));
#18146 = FILL_AREA_STYLE_COLOUR('',#16913);
#18147 = STYLED_ITEM('color',(#18148),#6529);
#18148 = PRESENTATION_STYLE_ASSIGNMENT((#18149));
#18149 = SURFACE_STYLE_USAGE(.BOTH.,#18150);
#18150 = SURFACE_SIDE_STYLE('',(#18151));
#18151 = SURFACE_STYLE_FILL_AREA(#18152);
#18152 = FILL_AREA_STYLE('',(#18153));
#18153 = FILL_AREA_STYLE_COLOUR('',#16913);
#18154 = STYLED_ITEM('color',(#18155),#6546);
#18155 = PRESENTATION_STYLE_ASSIGNMENT((#18156));
#18156 = SURFACE_STYLE_USAGE(.BOTH.,#18157);
#18157 = SURFACE_SIDE_STYLE('',(#18158));
#18158 = SURFACE_STYLE_FILL_AREA(#18159);
#18159 = FILL_AREA_STYLE('',(#18160));
#18160 = FILL_AREA_STYLE_COLOUR('',#16913);
#18161 = STYLED_ITEM('color',(#18162),#6558);
#18162 = PRESENTATION_STYLE_ASSIGNMENT((#18163));
#18163 = SURFACE_STYLE_USAGE(.BOTH.,#18164);
#18164 = SURFACE_SIDE_STYLE('',(#18165));
#18165 = SURFACE_STYLE_FILL_AREA(#18166);
#18166 = FILL_AREA_STYLE('',(#18167));
#18167 = FILL_AREA_STYLE_COLOUR('',#16913);
#18168 = STYLED_ITEM('color',(#18169),#6571);
#18169 = PRESENTATION_STYLE_ASSIGNMENT((#18170));
#18170 = SURFACE_STYLE_USAGE(.BOTH.,#18171);
#18171 = SURFACE_SIDE_STYLE('',(#18172));
#18172 = SURFACE_STYLE_FILL_AREA(#18173);
#18173 = FILL_AREA_STYLE('',(#18174));
#18174 = FILL_AREA_STYLE_COLOUR('',#18175);
#18175 = COLOUR_RGB('',0.690999977303,0.663999984767,0.597999987832);
#18176 = STYLED_ITEM('color',(#18177),#6596);
#18177 = PRESENTATION_STYLE_ASSIGNMENT((#18178));
#18178 = SURFACE_STYLE_USAGE(.BOTH.,#18179);
#18179 = SURFACE_SIDE_STYLE('',(#18180));
#18180 = SURFACE_STYLE_FILL_AREA(#18181);
#18181 = FILL_AREA_STYLE('',(#18182));
#18182 = FILL_AREA_STYLE_COLOUR('',#18175);
#18183 = MECHANICAL_DESIGN_GEOMETRIC_PRESENTATION_REPRESENTATION('',(
    #18184,#18191,#18198,#18205,#18212,#18219,#18227,#18234,#18241,
    #18248,#18255,#18262,#18269),#553);
#18184 = STYLED_ITEM('color',(#18185),#262);
#18185 = PRESENTATION_STYLE_ASSIGNMENT((#18186));
#18186 = SURFACE_STYLE_USAGE(.BOTH.,#18187);
#18187 = SURFACE_SIDE_STYLE('',(#18188));
#18188 = SURFACE_STYLE_FILL_AREA(#18189);
#18189 = FILL_AREA_STYLE('',(#18190));
#18190 = FILL_AREA_STYLE_COLOUR('',#16913);
#18191 = STYLED_ITEM('color',(#18192),#295);
#18192 = PRESENTATION_STYLE_ASSIGNMENT((#18193));
#18193 = SURFACE_STYLE_USAGE(.BOTH.,#18194);
#18194 = SURFACE_SIDE_STYLE('',(#18195));
#18195 = SURFACE_STYLE_FILL_AREA(#18196);
#18196 = FILL_AREA_STYLE('',(#18197));
#18197 = FILL_AREA_STYLE_COLOUR('',#16913);
#18198 = STYLED_ITEM('color',(#18199),#315);
#18199 = PRESENTATION_STYLE_ASSIGNMENT((#18200));
#18200 = SURFACE_STYLE_USAGE(.BOTH.,#18201);
#18201 = SURFACE_SIDE_STYLE('',(#18202));
#18202 = SURFACE_STYLE_FILL_AREA(#18203);
#18203 = FILL_AREA_STYLE('',(#18204));
#18204 = FILL_AREA_STYLE_COLOUR('',#16913);
#18205 = STYLED_ITEM('color',(#18206),#335);
#18206 = PRESENTATION_STYLE_ASSIGNMENT((#18207));
#18207 = SURFACE_STYLE_USAGE(.BOTH.,#18208);
#18208 = SURFACE_SIDE_STYLE('',(#18209));
#18209 = SURFACE_STYLE_FILL_AREA(#18210);
#18210 = FILL_AREA_STYLE('',(#18211));
#18211 = FILL_AREA_STYLE_COLOUR('',#16949);
#18212 = STYLED_ITEM('color',(#18213),#360);
#18213 = PRESENTATION_STYLE_ASSIGNMENT((#18214));
#18214 = SURFACE_STYLE_USAGE(.BOTH.,#18215);
#18215 = SURFACE_SIDE_STYLE('',(#18216));
#18216 = SURFACE_STYLE_FILL_AREA(#18217);
#18217 = FILL_AREA_STYLE('',(#18218));
#18218 = FILL_AREA_STYLE_COLOUR('',#16949);
#18219 = STYLED_ITEM('color',(#18220),#385);
#18220 = PRESENTATION_STYLE_ASSIGNMENT((#18221));
#18221 = SURFACE_STYLE_USAGE(.BOTH.,#18222);
#18222 = SURFACE_SIDE_STYLE('',(#18223));
#18223 = SURFACE_STYLE_FILL_AREA(#18224);
#18224 = FILL_AREA_STYLE('',(#18225));
#18225 = FILL_AREA_STYLE_COLOUR('',#18226);
#18226 = COLOUR_RGB('',0.894999966383,0.890999961016,0.813000030345);
#18227 = STYLED_ITEM('color',(#18228),#405);
#18228 = PRESENTATION_STYLE_ASSIGNMENT((#18229));
#18229 = SURFACE_STYLE_USAGE(.BOTH.,#18230);
#18230 = SURFACE_SIDE_STYLE('',(#18231));
#18231 = SURFACE_STYLE_FILL_AREA(#18232);
#18232 = FILL_AREA_STYLE('',(#18233));
#18233 = FILL_AREA_STYLE_COLOUR('',#18226);
#18234 = STYLED_ITEM('color',(#18235),#425);
#18235 = PRESENTATION_STYLE_ASSIGNMENT((#18236));
#18236 = SURFACE_STYLE_USAGE(.BOTH.,#18237);
#18237 = SURFACE_SIDE_STYLE('',(#18238));
#18238 = SURFACE_STYLE_FILL_AREA(#18239);
#18239 = FILL_AREA_STYLE('',(#18240));
#18240 = FILL_AREA_STYLE_COLOUR('',#18226);
#18241 = STYLED_ITEM('color',(#18242),#450);
#18242 = PRESENTATION_STYLE_ASSIGNMENT((#18243));
#18243 = SURFACE_STYLE_USAGE(.BOTH.,#18244);
#18244 = SURFACE_SIDE_STYLE('',(#18245));
#18245 = SURFACE_STYLE_FILL_AREA(#18246);
#18246 = FILL_AREA_STYLE('',(#18247));
#18247 = FILL_AREA_STYLE_COLOUR('',#18226);
#18248 = STYLED_ITEM('color',(#18249),#475);
#18249 = PRESENTATION_STYLE_ASSIGNMENT((#18250));
#18250 = SURFACE_STYLE_USAGE(.BOTH.,#18251);
#18251 = SURFACE_SIDE_STYLE('',(#18252));
#18252 = SURFACE_STYLE_FILL_AREA(#18253);
#18253 = FILL_AREA_STYLE('',(#18254));
#18254 = FILL_AREA_STYLE_COLOUR('',#18226);
#18255 = STYLED_ITEM('color',(#18256),#505);
#18256 = PRESENTATION_STYLE_ASSIGNMENT((#18257));
#18257 = SURFACE_STYLE_USAGE(.BOTH.,#18258);
#18258 = SURFACE_SIDE_STYLE('',(#18259));
#18259 = SURFACE_STYLE_FILL_AREA(#18260);
#18260 = FILL_AREA_STYLE('',(#18261));
#18261 = FILL_AREA_STYLE_COLOUR('',#18226);
#18262 = STYLED_ITEM('color',(#18263),#535);
#18263 = PRESENTATION_STYLE_ASSIGNMENT((#18264));
#18264 = SURFACE_STYLE_USAGE(.BOTH.,#18265);
#18265 = SURFACE_SIDE_STYLE('',(#18266));
#18266 = SURFACE_STYLE_FILL_AREA(#18267);
#18267 = FILL_AREA_STYLE('',(#18268));
#18268 = FILL_AREA_STYLE_COLOUR('',#18226);
#18269 = STYLED_ITEM('color',(#18270),#544);
#18270 = PRESENTATION_STYLE_ASSIGNMENT((#18271));
#18271 = SURFACE_STYLE_USAGE(.BOTH.,#18272);
#18272 = SURFACE_SIDE_STYLE('',(#18273));
#18273 = SURFACE_STYLE_FILL_AREA(#18274);
#18274 = FILL_AREA_STYLE('',(#18275));
#18275 = FILL_AREA_STYLE_COLOUR('',#18226);
ENDSEC;
END-ISO-10303-21;
